t,vx_cmd,vy_cmd,vz_cmd,yaw_rate_cmd,x,y,z,vx,vy,vz,state_x,state_y,state_z,state_vx,state_vy,state_vz,state_yaw,state_yaw_rate
0,0.228435397318754,0.158502542223431,0.75,-0.352185552472918,0.00913575477479397,0.00824883971917425,0.0281276373602617,0.0742155213325142,0.0666479903972304,0.275123510241943,0.00815840704709836,0.00566080507940825,0.0267857142857143,0.0815840704709836,0.0566080507940825,0.267857142857143,1.55478789259158,-0.160084342033144
0.1,0.158996285625074,0.230424909988732,0.698382618502995,-0.479525383930402,0.0179227362540288,0.0170535443336529,0.0709758560106968,0.114531429728944,0.116860605602062,0.419417272523406,0.0190815360639857,0.017529355130054,0.0689473384159233,0.109231290168873,0.118685500506457,0.42161624130209,1.5242594110293,-0.305284815622807
0.2,0.104666290460019,0.189741556621893,0.75,-0.285022699461136,0.027024128855497,0.0319012361496755,0.122317382065993,0.113619022092503,0.150581363590738,0.539705509907398,0.0298416293769853,0.0319356214705367,0.122836953928201,0.107600933129997,0.144062663404827,0.538896155122772,1.4946519347471,-0.296074762822047
0.3,0.168528939994415,0.316960603260449,0.75,-0.280076885235783,0.0416739113414039,0.0537271163634441,0.183523380337951,0.127744191327427,0.198098995699878,0.613141759768634,0.0427777229351428,0.0525168142344345,0.184265992471807,0.129360935581575,0.205811927638978,0.614290385436068,1.46577163471881,-0.288803000282836
0.4,0.0824825994847802,0.295976091029064,0.75,-0.143407970778705,0.0544519413715486,0.0765216345726257,0.249703875171798,0.108145240404904,0.235604936585401,0.667915813307336,0.054039590204129,0.0763181556908353,0.250541802964126,0.112618672689862,0.238013414564009,0.662758104923186,1.44350019966799,-0.222714350508231
0.5,-0.151588520033662,0.145818881763318,0.643064898963205,-0.142055628636816,0.0575690725387916,0.0977087120359981,0.318117067915755,0.015911703786889,0.202843380617561,0.65907248211975,0.055865486304418,0.0968268352614972,0.31611428467216,0.0182589610028893,0.205086795706619,0.655724817080336,1.42489507015678,-0.186051295112133
0.6,-0.0247919028584728,0.202893440273561,0.527396923266616,-0.0247497926077302,0.058168405609629,0.116678194103318,0.378518961442001,0.00907725528515217,0.202814606878897,0.614024068334358,0.0561538515525154,0.11725718070955,0.377103627315417,0.0028836524809743,0.204303454480527,0.609893426432579,1.41362182712304,-0.112732430337405
0.7,-0.114655106384663,0.115587488616478,0.408253508526109,-0.00665394584913618,0.053599115398719,0.134328122659849,0.431412776173239,-0.0344165136127804,0.17129084156429,0.535685273357965,0.0522444039839829,0.134519098805315,0.430891544319159,-0.0390944756853248,0.172619180957652,0.537879170037411,1.40717033338422,-0.0645149373881917
0.8,-0.247786282883177,0.124863690209361,0.437583163649175,0.129228999458344,0.0435297192072784,0.150568908269043,0.482016553931259,-0.117293206411812,0.160581931102114,0.50100411471391,0.0408816775869557,0.15007546366007,0.481097461094748,-0.113627263970272,0.155563648547548,0.502059167755898,1.40952538222933,0.0235504884511428
0.9,-0.189361781623456,-0.0232354705661667,0.355245818186328,0.23043080871957,0.0272550574994416,0.158640197414004,0.524392353676671,-0.130041394374841,0.085983005212805,0.44801137054716,0.0268141469880291,0.159246145689335,0.526060043957139,-0.140675305989266,0.09170682029265,0.449625828623909,1.42128408199574,0.117586997664064
1,-0.223069104000582,-0.102187444110617,0.269212584884019,0.23647810640745,0.0102275012534425,0.163512764573508,0.565174027656893,-0.173435226667981,0.0274104590338096,0.388293942527026,0.00980398074584115,0.16149203256134,0.564579296685963,-0.170101662421879,0.0224588687200546,0.385192527288234,1.43844692306866,0.17162841072924
1.1,-0.118910334579948,-0.12796256872836,0.380460298860241,0.286717862706068,-0.00653775931703302,0.158505957235538,0.604127262065403,-0.14440056786809,-0.0314299641777335,0.383475377034148,-0.00537792378770637,0.15836572523876,0.602929541256643,-0.151819045335475,-0.0312630732258079,0.383502445706808,1.46084110286781,0.223941797991434
1.2,-0.095417665544366,-0.20018305374949,0.274344330758913,0.397267222735809,-0.0152128348231506,0.15065222054632,0.634222890574632,-0.130729932215759,-0.0948237259065735,0.350398464453455,-0.0185454933287143,0.149206561468905,0.637381281722042,-0.131675695410079,-0.0915916376985515,0.344517404653988,1.49111371106442,0.30272608196615
1.3,-0.0878458735886511,-0.161811756780516,0.219960254529489,0.3326002601968,-0.028047794445885,0.138057162367078,0.668564302659712,-0.114833731597813,-0.118956901884165,0.303092110729592,-0.0301477120903855,0.137539536303265,0.667384552540138,-0.116022187616712,-0.116670251656396,0.300032708180953,1.52274423645334,0.316305253889172
1.4,0.00625770379553649,-0.300636463224154,0.137468405742716,0.409384564092576,-0.0366577827418914,0.121119927511686,0.691300027184401,-0.0830934490822228,-0.182029551041619,0.245890249143822,-0.0373827918730478,0.11930228929592,0.69158195541401,-0.0723507978266232,-0.182372470073453,0.241974028738725,1.55860563957877,0.358614031254356
1.5,0.101104380516142,-0.361971996867775,0.182958817204158,0.35679634696708,-0.0389237353635462,0.0951803144057633,0.715458949881175,-0.0115377886552693,-0.252053262473574,0.239017424451988,-0.0384230438577542,0.0946507734744914,0.713671672161648,-0.0104025198470644,-0.246515158214282,0.22089716747638,1.59438442069115,0.357787811123776
1.6,0.208276754327218,1.1164404215007,0.236270913857203,0.331048326985424,-0.032689504087037,0.115800842734433,0.736928275749662,0.0642739814844632,0.242642788571747,0.232319769551441,-0.0316533217648077,0.118676242642884,0.73631045128003,0.0676972209294651,0.240254691683926,0.226387791183817,1.62894777070633,0.345633500151798
1.7,0.213164893011054,1.04153927437458,0.173109586706085,0.292899176747229,-0.0221486269492426,0.173708453337908,0.757715044908678,0.129006037680122,0.530811357759585,0.201278435251664,-0.0196883256689473,0.171319018335943,0.757046437381349,0.119649960958604,0.526427756930587,0.207359861013198,1.6611141060213,0.321663353149721
1.8,0.205439506243064,1.15120149557343,0.1917998724733,0.198518004177006,-0.00636978650903007,0.24570037771892,0.778585611329095,0.146465994487383,0.752593484057701,0.205413402567558,-0.00465941724149904,0.246275141837674,0.777226709606244,0.150289084274483,0.749561235017316,0.201802722248949,1.68768292547388,0.265688194525759
1.9,0.278808496941026,1.00370429227044,0.148728866402555,0.0800234995647008,0.012623779054499,0.330511611131928,0.795876099676458,0.197359222471703,0.842297128723728,0.184875173018702,0.0149594702097544,0.330307803098446,0.795511486979482,0.196188874512534,0.840326612607718,0.18284777373238,1.70581244061004,0.181295151361642
2,0.345017198225403,1.00452071532355,0.309198172269495,-0.0157199692744045,0.0375091106650604,0.419702996563643,0.818851553062977,0.243934990925695,0.902576444805861,0.234745867031838,0.0398936549364674,0.420204539456212,0.818308778586189,0.24934184726713,0.898967363577659,0.227972916067064,1.71498672299002,0.0917428237998026
2.1,0.305521385493687,0.928456982062411,0.271905990181515,-0.0844466173547828,0.0698897483061768,0.509490304066687,0.841022226115528,0.269143734411657,0.909428984791334,0.237418000809261,0.0668342517427003,0.511154476474148,0.842675108554126,0.269405968062329,0.909499370179356,0.243663299679368,1.71615239440843,0.0116567141840819
2.2,0.226148938139695,0.959079421636096,0.231937024388821,-0.188523286026602,0.0919942442989916,0.603273802008236,0.866456293938517,0.246838695820262,0.923884044092528,0.250226333202368,0.0922299546231249,0.603875129615538,0.866622642975971,0.253957028804246,0.927206531413906,0.239475344218458,1.70821897490817,-0.0793341950025928
2.3,0.23078989513196,0.982757150811424,0.27562724208144,-0.224475409856727,0.119090626397487,0.697876473135767,0.892549028256637,0.248181037189168,0.946215020613801,0.245164334333843,0.116798259872396,0.698579733449697,0.891861316607209,0.245683052492715,0.947046038341591,0.25238673631238,1.69368822746,-0.145307474481745
2.4,0.0656319049683445,0.894925880458298,0.196492349872896,-0.285627482979938,0.133992582522865,0.789857401616112,0.916504428588413,0.182371866414009,0.919597245448257,0.240124869968456,0.134936166995798,0.791422903073739,0.915103762151323,0.181379071234011,0.928431696240415,0.232424455441136,1.67277929780736,-0.209089296526378
2.5,0.021260389868329,0.877061081708846,0.195479624202765,-0.380609096136775,0.149118280951936,0.881675213622404,0.935149055217586,0.123775285124654,0.922423470793931,0.209122711218449,0.14735554978471,0.882431407893081,0.937026749436923,0.124193827889125,0.910085048193426,0.219229872856003,1.64407401362698,-0.287052841803831
2.6,-0.12865784296596,0.74622891365547,0.207856638310582,-0.472223811589442,0.151481313447212,0.967726961604774,0.958606558767482,0.0331928320639942,0.847809951314345,0.229617577665061,0.150744515757369,0.967587907907497,0.958543549774473,0.0338896597265944,0.851565000144156,0.215168003375496,1.60695186718361,-0.371221464433654
2.7,-0.0110309237348895,0.649559985425538,0.0944115115369798,-0.31777281446685,0.153222280561997,1.04737359233185,0.973836530640238,0.00810405659434827,0.77596072844183,0.168650011067353,0.152529175177833,1.04552994311053,0.975747618260647,0.0178465942046359,0.779420352030364,0.17204068486174,1.57225920482965,-0.346926623539652
2.8,-0.196546856837773,0.668734874745503,0.0367319848812491,-0.414169410882394,0.147550580974952,1.12010864099514,0.985598681455397,-0.0691124473375254,0.734585622481723,0.126628249460381,0.146656925632496,1.1195189255534,0.988119233176089,-0.0587224954533673,0.739889824428628,0.123716149154422,1.53451005214192,-0.377491526877262
2.9,-0.281212292315502,0.466317078808886,0.149676635704894,-0.397026013639871,0.132990206543587,1.18147192356389,0.999951604277782,-0.134812142764645,0.649654640765549,0.132377167317905,0.132838611913512,1.18373745279555,1.00141800832548,-0.138183137189844,0.642185272421577,0.132987751493876,1.49587296823771,-0.386370839042084
3,-0.280126739170528,0.635856040410794,0.0120631346074966,-0.296820372341185,0.11669815561087,1.24951772554173,1.00882918114195,-0.198732557686179,0.643519721158164,0.088846033903262,0.113950883838075,1.24772993603733,1.01039804715749,-0.188877280754374,0.639924832417726,0.0898003883201692,1.46130636009264,-0.345666081450766
3.1,-0.212736850794449,0.503831192930166,0.126532294162555,-0.193657300418324,0.0947314926444493,1.30434589451153,1.02047614590948,-0.193438868802703,0.595299111671833,0.105311261755183,0.0942110282612059,1.30686193215454,1.0206899397696,-0.197398555768686,0.591319961172169,0.102918926121021,1.43364924199449,-0.276571180981474
3.2,0.41997980480806,1.06120095339291,-0.068765808654653,-0.166253584767997,0.0968589807488738,1.38505376463369,1.02451154894369,0.0161454881320265,0.75615945372542,0.0399482539051565,0.0965203998477925,1.38277539227964,1.02485023471114,0.0230937158658659,0.759134601251007,0.0416029494154233,1.41100656008786,-0.226426819066258
3.3,0.399058216599452,0.90281202594296,0.04963380424315,-0.108730723126183,0.114752292023673,1.46360962965621,1.02952968360109,0.162083597108351,0.813357976579406,0.0445632981556455,0.112257075032007,1.46382018900089,1.02929734589653,0.157366751842146,0.810447967212419,0.0444711118538971,1.39371370072397,-0.172928593638951
3.4,0.52359633851915,0.738439501608136,-0.0102507175160913,-0.00329204755634228,0.137604744260427,1.54279974401918,1.03199311175796,0.287492584707736,0.776679436282345,0.032407910414763,0.141073378311829,1.54229325480769,1.03179010603299,0.288163032798219,0.784730658068032,0.0249276013646155,1.38413159345474,-0.0958210726923106
3.5,0.36736340337571,0.662209215029101,-0.111493071894757,0.053533455085087,0.175176069287753,1.61938445301194,1.03058162872999,0.33016899580879,0.736414060731551,-0.0179409420826042,0.172718266255133,1.61639055479167,1.02941069926733,0.316448879433037,0.740972999839842,-0.023794067656589,1.3813383283572,-0.0279326509753117
3.6,0.553538711063988,0.432175872966966,-0.0566607357723986,0.138356659843642,0.214440811837862,1.67980156390088,1.02414270855236,0.391930807071425,0.626415119801135,-0.0361245688639372,0.212830648185256,1.67945938595877,1.02585748292611,0.401123819301234,0.630688311670958,-0.0355321634122353,1.3861036682969,0.0476533993969398
3.7,0.546066546822187,0.353012029670701,-0.0938518825220902,0.198032763758753,0.259424526305423,1.73238251727312,1.01976474766311,0.454545178640765,0.524251812260755,-0.0510721161319538,0.258119556098271,1.73261120705443,1.02022141947382,0.452889079130146,0.53151821095658,-0.0563606345228978,1.3977044338894,0.116007655925037
3.8,0.485344356103701,0.305705741400261,-0.0847759400406983,0.202935670709149,0.305251919055931,1.77853171906736,1.01466737601626,0.467082737918497,0.459832958998961,-0.0637382192378157,0.304567581046055,1.7776982970945,1.01357052368161,0.464480249477844,0.450870900400752,-0.0665089579221123,1.41325647288118,0.155520389917815
3.9,0.618053106399267,0.26643902058508,-0.19971586088591,0.300020558185484,0.35972896873789,1.81611858361372,1.00171944475414,0.516220384214755,0.379527584912458,-0.110421055314182,0.35650035088389,1.81619853428402,1.00216223849783,0.519327698378352,0.385002371895155,-0.114082851837754,1.43537670133968,0.221202284584937
4,0.534687341372539,0.328438091413643,-0.156625322366875,0.417262594615991,0.40654921750552,1.85437373866005,0.989011826884328,0.5305460860959,0.364141779175126,-0.134521475087834,0.408981679400089,1.85267861859919,0.989234579366586,0.52481328516199,0.364800843151758,-0.12927659131244,1.46640876207231,0.310320607326325
4.1,0.534493084812988,0.0519819550133225,-0.269032243261058,0.367019529848798,0.460658298281598,1.8774316583325,0.972432852483093,0.530878797705756,0.250683103202618,-0.183007792269215,0.461808715046681,1.87798659976657,0.971315646951463,0.528270356465918,0.253079811673745,-0.179189324151232,1.50001804655597,0.33609284483654
4.2,0.422599911915101,1.35,-0.055289708491323,0.344362398055614,0.51252908436395,1.94167483142243,0.95696085593745,0.487613476617074,0.638255554776542,-0.138082945783775,0.51086180624503,1.94247030194559,0.957821700809908,0.490530911983484,0.644837021790265,-0.13493946141555,1.5340032198223,0.339851732663392
4.3,0.389613688567465,1.35,-0.124118541897652,0.331106817684395,0.557129458983023,2.0332898638022,0.946559438762896,0.455496140472322,0.895740999248381,-0.130283684980242,0.556310710892806,2.03213839620354,0.944714216079707,0.454489046477763,0.896680942579456,-0.131074847302015,1.56759089695323,0.335876771309302
4.4,0.0891333827499289,1.35,-0.107110321215928,0.208412838851567,0.587744356670146,2.13907825456936,0.932595567312185,0.322587520384748,1.06161513454697,-0.133736084093217,0.588711198978874,2.13799645679793,0.932462607281151,0.324004880860679,1.05858060594394,-0.122516087985555,1.59538475897245,0.27793862019215
4.5,0.252317037228402,1.35,-0.0475677573383473,0.215318487005556,0.620053834939582,2.25502351235965,0.923032251603383,0.302375971411951,1.16951443871837,-0.0917581328293039,0.618551406935217,2.25426235289433,0.922887724577139,0.298402079563437,1.16265896096396,-0.0957488270401239,1.62033225130136,0.249474923289153
4.6,0.0135748929695832,1.35,-0.0995631767936395,0.0919397269330033,0.638056140224134,2.379644652272,0.911177529489649,0.194955820230303,1.23813930263684,-0.108484856552133,0.638219215370352,2.37721900038487,0.913176615096215,0.196678084351347,1.2295664749054,-0.0971110948092366,1.63811905288682,0.177868015854539
4.7,-0.0879375837256532,1.35,0.0424632128291162,0.106117306880552,0.646151849320582,2.50707039247365,0.908240483488778,0.088049491935523,1.26714651653591,-0.0485870051488673,0.647722178517023,2.50447684520022,0.908450302316661,0.0950296314667038,1.27257844815347,-0.0472631277955392,1.65264445860982,0.14525405723
4.8,-0.106802828283349,1.18233226180211,0.0252448183334265,0.0105782480303484,0.652140285157542,2.62762339479657,0.904618547603436,0.0244325918204653,1.24178818156912,-0.0359869947544544,0.650016839529762,2.62851161193159,0.906313559041713,0.0229466101273993,1.2403476673137,-0.02136743274948,1.66104823664193,0.0840377803210674
4.9,-0.190709510287819,1.1232580511656,0.0890254680026696,-0.183881257792143,0.642368482677671,2.74853667726854,0.909771501888344,-0.0682539892394208,1.18883655589679,0.0128323617039229,0.644680924813387,2.74836460665767,0.908119419365056,-0.0533591471637501,1.19852994726081,0.0180586032334306,1.65727387657798,-0.0377436006394827
5,-0.143385445563623,1.05874000703616,0.0108549547027394,-0.202890578134829,0.638948332986769,2.86201858329575,0.90952538474904,-0.0861402847546256,1.14860224525583,0.014860802070363,0.63612978515416,2.86322510351858,0.909668006526589,-0.085511396592276,1.14860496860915,0.0154858716153266,1.64599283571879,-0.112810408591913
5.1,-0.171933480216902,0.935316566646228,0.108224450525478,-0.325167551159362,0.626813103839188,2.97027585937457,0.917072628025458,-0.123314412948946,1.08280563668021,0.0429476666218818,0.624492142508339,2.97046815745225,0.914528685792055,-0.116376426458214,1.07243053933668,0.0486067926546664,1.62505919747017,-0.209336382486208
5.2,-0.181605246344571,0.913859907089796,0.0380161153523186,-0.338333580685863,0.610098931899649,3.07185126438743,0.91774198258739,-0.143164470225901,1.01396413091417,0.0603148495836678,0.61052489915229,3.07204797451996,0.919011126582438,-0.139672433560484,1.01579817067708,0.0448244079038279,1.59826205021247,-0.26797147257696
5.3,-0.196103027373285,0.737761944394841,0.106112539462833,-0.382933002937464,0.592776406221923,3.16585217752347,0.927663719785351,-0.166217613142113,0.914128606696791,0.0675913719941322,0.594542277445785,3.1636979263633,0.925682429214214,-0.159826217065056,0.916499518433421,0.0667130263177584,1.56623937884748,-0.320226713649917
5.4,-0.124083132094127,0.581791362000595,0.0642373361359139,-0.294888873166086,0.579419621333421,3.24317095382608,0.932806495201964,-0.14583972607554,0.793777879822051,0.0702785520254839,0.579836194488241,3.2433940154769,0.932265314339495,-0.147060829575438,0.796960891135983,0.0658288512528139,1.53536842750448,-0.308709513429994
5.5,-0.0048522915925868,0.491881766200727,0.21306557758638,-0.341928411893,0.569705683287141,3.31545972018128,0.945613000243037,-0.104010525334093,0.688642085412707,0.117248070210586,0.570208987887227,3.31219442155709,0.94410665397669,-0.0962720660101343,0.688004060801963,0.118413396371945,1.50298752623134,-0.32380901273136
5.6,0.014015447421003,0.421065694796806,0.141255224798278,-0.307307433545426,0.563745533677347,3.37123385749434,0.959045024874482,-0.05412496278161,0.59013177774435,0.119502054777171,0.564520621051612,3.37146131456568,0.956763773200539,-0.0568836683561567,0.592668930085835,0.126571192238492,1.47135669673939,-0.316308294919572
5.7,0.121610325842382,0.259795615323775,0.254938786624679,-0.300464385257851,0.566797077603023,3.41838804783076,0.975461652390472,0.0126546379051753,0.46597089964305,0.171729802798932,0.565207039723087,3.41883987490419,0.974005449366752,0.00686418671475002,0.473785603385099,0.17241676166213,1.44044604495933,-0.309106517800608
5.8,0.177023902349491,0.147227911508365,0.102569073825329,-0.177910789383235,0.571914923473988,3.45379473207113,0.986749449948208,0.0679931771497854,0.353665890141726,0.154121508061196,0.571970591095802,3.45455566053282,0.988752565253079,0.0676355137271573,0.357157856286266,0.147471158863273,1.41549883538005,-0.249472095792711
5.9,0.330353001011609,-0.0373745822425364,0.163902689915533,-0.190416197990022,0.589496569020636,3.47661418061398,1.0051365181523,0.168124372750931,0.209198192401707,0.148204912371773,0.588116909871534,3.47618100192827,1.00408652153413,0.161463187757319,0.216253413954551,0.153339562810509,1.39323598479181,-0.222628505882398
6,0.31761117906592,0.105745357684771,0.140797188933385,-0.0114896568000027,0.610878219085026,3.49475184014824,1.02094133666797,0.225787057425589,0.177322188193023,0.157214151348541,0.609839942622573,3.49385962702838,1.018972535891,0.217230327510391,0.176786251001058,0.148860143568679,1.38057035461641,-0.126656301754036
6.1,0.45098094341101,-0.0300068455212466,0.0130110213860975,0.0235758823842028,0.637406220228131,3.50369916534455,1.02858255412718,0.30441285060556,0.0994977788090766,0.0956357641669351,0.639911211655777,3.50415278439554,1.0290067958842,0.30071269033204,0.102931573671663,0.100342599932043,1.37473346008365,-0.0583689453275641
6.2,-0.55239568818842,0.654925050339248,0.0740556492282093,0.0655168013856604,0.642363311875853,3.53390754414707,1.03810996005397,-0.00757786734199062,0.297564150095658,0.0976139506332143,0.639514324313251,3.53415999450084,1.03810223620941,-0.00396887342526714,0.300072101052944,0.0909544032521021,1.37452773585605,-0.00205724227609837
6.3,-0.491555055728861,0.566281482771817,0.0458790935871018,0.118321104793604,0.620646992094453,3.57443825003121,1.04799149970309,-0.175718605116777,0.386254241584601,0.072880831106186,0.621703644745595,3.57367468252466,1.04558784404659,-0.178106795676551,0.395146880238256,0.0748560783717449,1.37979375467706,0.05266018821013
6.4,-0.581104417981246,0.519833282468895,-0.0287985727867996,0.271407292173841,0.590045488599237,3.61910452437263,1.05225759805233,-0.331980911488429,0.430043042319045,0.0333187575987664,0.589500192952773,3.61764245634244,1.04937150005667,-0.322034517928227,0.43967773817777,0.0378365601008361,1.39500282367824,0.152090690011817
6.5,-0.700604563030888,0.58348877340973,-0.0316019322546967,0.285754731652982,0.54450748041116,3.66599353728502,1.04931986531714,-0.447253447295654,0.47560946808124,0.0185248349722794,0.543776382406284,3.66674633856136,1.0506752099112,-0.457238105464892,0.491038822189184,0.0130370985452887,1.41628753093584,0.212847072575983
6.6,-0.643134672653552,0.459486260362907,-0.055724317319176,0.271957149675311,0.492869529594755,3.71277489572658,1.04798598800352,-0.521920468417595,0.472878441140649,-0.0156964479172706,0.491413408745914,3.71472334357219,1.04952315491343,-0.523629736603699,0.479770050108371,-0.0115205499777344,1.44025905987977,0.239715289439314
6.7,-0.560758979714126,0.532110693199154,-0.0136436984915197,0.314836791378387,0.437211263754898,3.76170340318232,1.04970418613823,-0.542190838824042,0.491478487122821,-0.0219004108243402,0.437724390688743,3.76456965726485,1.04829527318302,-0.536890180571709,0.498463136926508,-0.0122788173040863,1.4676452025482,0.273861426684347
6.8,-0.62650536569819,0.582620740236641,-0.0816357337429244,0.360681176961548,0.3808041267017,3.81906916617418,1.04508850199926,-0.573244582658032,0.527091589317433,-0.030472941569186,0.380834830305626,3.81742159964714,1.04459035872265,-0.568895603831166,0.528519423822984,-0.0370491446036713,1.49897769750197,0.31332494953762
6.9,-0.634474355639209,0.586313983755076,-0.110025593750276,0.389718568455871,0.322723647618029,3.87046375602962,1.03999198489975,-0.594298490722513,0.545552859499242,-0.0605709792707594,0.321603171643651,3.87233763345559,1.03827914250705,-0.592316586619753,0.549160338084445,-0.0631121621560301,1.53378262967929,0.348049321773189
7,-0.429478033667864,0.623601550621693,-0.0935372365046218,0.263726834847823,0.268110893278462,3.93054777139805,1.03298524048954,-0.53880746483277,0.575051851995947,-0.071810519515094,0.2681871755871,3.92991228199751,1.03088131649328,-0.534159960565507,0.575746485419177,-0.07397826013767,1.56475472154182,0.309720918625295
7.1,-0.531979342888056,0.515357321992923,-0.0410996271494822,0.163688055698377,0.215871092909003,3.98648506806368,1.0252234112358,-0.532229185398703,0.552412560689764,-0.0640720891256816,0.214849058733316,3.98533017470277,1.02465772737195,-0.533381168537846,0.554178927052657,-0.0622358912133172,1.58908895599858,0.243342344567605
7.2,-0.431523072991121,0.598534304299251,-0.13547366600043,0.191091930670518,0.167656446426947,4.04455301048508,1.01475439007855,-0.491335943891642,0.574456288404199,-0.0812839310199751,0.1651487310062,4.04233218802399,1.01581850343679,-0.497003277271159,0.570020133212155,-0.088392239351572,1.61104817164183,0.219592156432566
7.3,-0.388458857445086,0.611365366900477,-0.0302149154193809,0.144761824879484,0.120487343685501,4.09834529688629,1.00865005482366,-0.455259938645293,0.57856710518553,-0.071298912795155,0.119324989701444,4.10081081683407,1.00905704107064,-0.458237413047561,0.584786288100841,-0.0676146236615037,1.62960600857813,0.185578369362983
7.4,-0.325412851761421,0.473497262435507,-0.183630282160288,-0.00057077734800931,0.0784318528663496,4.15574419421343,0.998536512916244,-0.406022192403082,0.551259681681987,-0.115048896860754,0.0782449827283353,4.15531483758468,0.998152162329534,-0.410800069731083,0.545040207506079,-0.10904878741107,1.63970252066393,0.100965120857987
7.5,-0.370152222949575,0.437542203598823,-0.0962112932822589,-0.150615997004389,0.0377366901153335,4.20678886169413,0.990246195803185,-0.397121065945208,0.502258485860697,-0.0899310273939586,0.0386166845688523,4.20597964391003,0.987705765521599,-0.39628298159483,0.506648063253488,-0.104463968079351,1.63836352739235,-0.0133899327158204
7.6,-0.139159972560953,1.35,-0.183682533429574,-0.0816416841322596,0.00662314548320308,4.28838358908975,0.974227217729804,-0.309131600084477,0.812470672879468,-0.123868344107654,0.00817135101772206,4.28676416226204,0.97443013423687,-0.304453335511302,0.807845183520099,-0.132756312847288,1.63392218178365,-0.0444134560869291
7.7,-0.0155323890361798,1.35,-0.0562897855748766,-0.106199719703237,-0.0121277028821573,4.38713021751972,0.961722513735705,-0.207875514266611,1.00108545057939,-0.0979572097261105,-0.0119553773021538,4.38691135263119,0.963885450354727,-0.201267283198759,1.00147190369149,-0.105446838821427,1.62667236964695,-0.0724981213670693
7.8,0.0871993342622127,1.35,-0.0491068540749811,-0.184388712265654,-0.0233778378479818,4.50017349418706,0.95697011446555,-0.105601934191593,1.12754019661476,-0.086130655236579,-0.021779726426995,4.49950597501136,0.955352908784958,-0.0982434912484117,1.12594622380167,-0.0853254156976962,1.61433662156031,-0.123357480866426
7.9,0.0901383112121206,1.35,-0.0761887630016268,-0.276637392323846,-0.0240093497251674,4.62242700208417,0.9472641523876,-0.0315850447763291,1.19951700914069,-0.0843257301449124,-0.0248761540353885,4.62010251797003,0.947146676240048,-0.0309642760839358,1.20596542958679,-0.0820623254491,1.59503360477105,-0.193030167892526
8,0.210071132127065,1.18702302387843,-0.0128627046954744,-0.4033721906538,-0.0179818990278227,4.73821176629587,0.943020368768859,0.0544739194955278,1.20296675319241,-0.0624697486065357,-0.019364174207675,4.74002254643913,0.941411858722053,0.0551197982771359,1.19920028469095,-0.057348175179948,1.5661695869472,-0.28864017823856
8.1,0.30032593815704,1.11262410333162,-0.00390320797354062,-0.361700638033031,-0.00536715645505827,4.85738876127205,0.93471419662668,0.140132720315036,1.17611363861518,-0.0470040871335482,-0.00509483224139337,4.85685056843111,0.937585790032858,0.142693419662816,1.16828021991976,-0.0382606868919454,1.53398463913268,-0.321849478145138
8.2,0.236686720934661,0.893179499920629,0.0468998770362532,-0.40286095903307,0.0117485449371525,4.96294788407167,0.937303052943687,0.172590931032163,1.07362901396961,-0.00496459951144308,0.0125314133417398,4.96385356470883,0.936801170055385,0.176262455831332,1.07002996277721,-0.00784619977473158,1.49811735127781,-0.358672878548743
8.3,0.197966791475198,0.99729642297956,0.191010022603676,-0.34966789483956,0.0298104910408322,5.07039564419521,0.942587655986764,0.176505732487759,1.04861254197096,0.052357846286643,0.0309328137692968,5.0682589345652,0.943118558019998,0.18401400427557,1.04405369856376,0.0631738796461284,1.46265938086426,-0.354579704135478
8.4,0.135056116924825,0.793388864183392,0.206814278346444,-0.268290761562354,0.0493532588796087,5.16425195575872,0.956460861516105,0.16646378354138,0.967200801241663,0.112014835153178,0.0475857182200414,5.16371198890799,0.954565960223908,0.166529044507447,0.954530543427917,0.114474022039098,1.43112363511313,-0.315357457511331
8.5,0.119609144275158,0.785849674530906,0.210127776785409,-0.315252348847012,0.0623330392574041,5.25413433146001,0.968355432634704,0.150610600027482,0.893349999036857,0.141974540695878,0.0625629119482043,5.25314072650446,0.969429567954472,0.149771937281629,0.894287375964699,0.148636077305638,1.39959266702855,-0.315309680845732
8.6,-0.0513489043945638,0.659659415336569,0.162157579461138,-0.166511683566101,0.0699459997812939,5.33377061932137,0.983871053936133,0.0752857952544191,0.827820121312933,0.165194334746619,0.0703572184736461,5.3341898940785,0.984776086476303,0.0779430652544173,0.810491675740367,0.153465185218316,1.37482524427487,-0.247674227536809
8.7,-0.097624545614131,0.605847742791556,0.198737760607788,-0.0688998242613864,0.0683113489305754,5.41070865696021,1.00321031155646,0.0149573844636739,0.734830669891638,0.170350873841968,0.0718812531823539,5.40793034976151,1.00173948269062,0.0152403470870786,0.737404556830077,0.169633962143128,1.35818393076099,-0.166413135138889
8.8,-0.163475214820317,0.540085051270341,0.147431307464349,-0.00643725913964052,0.0684801456888236,5.47492720966219,1.01648073222933,-0.050145439052479,0.662343314361702,0.17218418904789,0.0670225892515119,5.47462368024595,1.01790992695212,-0.0485866393084199,0.666933304844457,0.161704442614992,1.34881424797434,-0.0936968278665035
8.9,-0.305807430087735,0.528298948777576,0.205541058370368,0.0942058518723829,0.0528021675506625,5.5350338945608,1.03490768419437,-0.135640902348689,0.612346337123516,0.175917912829568,0.052977468507123,5.53636578372801,1.03564596463345,-0.14045120744389,0.617421034820571,0.177360376813341,1.34798559608491,-0.00828651889428243
9,-0.264750568641783,0.510641438421133,0.145895634653385,0.1162021952048,0.0383543774641358,5.59624459385808,1.05068994668421,-0.187347499717573,0.575929470233803,0.169746616124807,0.0344930848628093,5.5942943301958,1.05225826152336,-0.184843836443137,0.579285464677915,0.166122968899071,1.35281552210907,0.0482992602416639
9.1,-0.188237449692116,0.576687852151657,0.115185332175829,0.124346274304874,0.0167667145388321,5.65351969419991,1.06549429358564,-0.183912765796498,0.574165147123693,0.1476554443502,0.0158875007453177,5.65213010478766,1.06705135710172,-0.186055841174915,0.578357745918537,0.147930955783627,1.36110213059066,0.0828660848158505
9.2,-0.221366073907584,0.589869664605527,0.13191882083518,0.296885213662703,-0.00485779387388207,5.71096315554884,1.08306158661483,-0.20345026758611,0.580543042140013,0.150193171631728,-0.00397916311262627,5.71037701933262,1.08127259071764,-0.19866663857944,0.582469145449605,0.142212336159182,1.37911688129256,0.180147507018965
9.3,-0.136692222730346,0.599012475868709,0.144869531153493,0.272274768568742,-0.022825161891728,5.77106539387647,1.0930056406669,-0.171150565654986,0.598135535090232,0.1558467977753,-0.0216324549759598,5.76921476710683,1.09558872415478,-0.176532918633335,0.588377477742142,0.143161334371436,1.40131923479217,0.222023534996136
9.4,-0.0651378514051899,0.563964733873115,0.0645538836796902,0.388831971181366,-0.0350018558037296,5.82726282364749,1.1053644400941,-0.143092757377852,0.582633778579348,0.103121354212046,-0.0353073515811452,5.82718063117144,1.10709744863865,-0.136748966051855,0.579658640646061,0.115087244838669,1.43110378993657,0.297845551443968
9.5,0.017592259655638,0.520106732724293,-0.0211600317957661,0.357287964542195,-0.0420168265149989,5.88518676819794,1.1129400457417,-0.0831574332713576,0.55807067297814,0.0660620600365491,-0.0434700615539202,5.8830196413817,1.113740198957,-0.0816270997277501,0.558390102102572,0.0664275031835139,1.46359027294906,0.32486483012498
9.6,1.35,0.288334048049731,-0.129084768438969,0.360507610347043,0.00205437926836925,5.92675909085282,1.11362226390907,0.43014273141853,0.457082224289197,-0.00482889543559947,-0.000503232250704151,5.92921379251864,1.11340036814598,0.429668293032161,0.461941511369415,-0.00339830811022987,1.49769688233529,0.341066093862281
9.7,1.35,0.226320925570712,-0.0359049210174619,0.332199707395198,0.0771261608208049,5.9653072616929,1.10940340984604,0.765695514414178,0.373881676479646,-0.0166926654923521,0.0753325865870776,5.9669929227342,1.11189958687398,0.758358188377818,0.377791302155592,-0.0150078127199556,1.53140047415483,0.337035918195425
9.8,1.35,0.228075029577245,-0.131426464380476,0.315125828345487,0.170704505630122,5.99748308898701,1.10575997113511,0.968635966343221,0.315750506994251,-0.0544236222103116,0.172298470125652,5.99942504321481,1.10624099661411,0.96965883538574,0.324321204806183,-0.0565859025987129,1.56410815279938,0.327076786445453
9.9,1.35,0.223414885545241,-0.0664024839020466,0.281535019826973,0.283068105364342,6.02995716312764,1.10096791299996,1.11149399637083,0.291084238023089,-0.0536764298724612,0.282847966686163,6.02825336657897,1.10023181416483,1.10549496560512,0.288283233641561,-0.0600918244927607,1.59474575114309,0.306375983437053
10,1.35,0.183690766952589,-0.146635761784967,0.15798180073184,0.402946813615126,6.05156652403311,1.09168733496858,1.18816774565813,0.246640867548465,-0.0928065321714242,0.402129785903635,6.05334624470423,1.09113177681226,1.19281819217472,0.250928781252642,-0.0910003735256916,1.61863815936383,0.238924082207411
10.1,1.35,0.117212326017085,-0.124840339149841,0.118400827629659,0.528149558563795,6.07391938388606,1.07959069964043,1.24157917439519,0.201023335087293,-0.113472978241659,0.527025241114867,6.07366353514251,1.08082316925883,1.24895455211232,0.2031729043828,-0.103086075534316,1.63705223783103,0.184140784672069
10.2,1.35,0.0964988841177333,-0.0535782517524653,0.00481335893656297,0.656644079728848,6.09128322156754,1.07234133197588,1.28757687854228,0.160159734453978,-0.102844622039518,0.655529462322088,6.09017103914276,1.07228269826904,1.28504221207221,0.165075040002419,-0.0854047098979409,1.6473150696739,0.102628318428657
10.3,1.35,0.0713078767611288,-0.139147511769933,-0.058395756477931,0.787318847235691,6.10004479753921,1.0634316163894,1.31431920539216,0.126559649197955,-0.103369355517596,0.78635360452673,6.10332971588438,1.0618228414981,1.30824142204642,0.131586767416244,-0.104598567709367,1.65025862538465,0.0294355571074808
10.4,1.35,-0.028274936524413,-0.174033585617538,-0.247635011921345,0.920181719117797,6.11153242456062,1.04883702411698,1.32038327119055,0.0638559063298838,-0.119360594409916,0.918669124515428,6.1107790460567,1.04888316265902,1.32315519988698,0.0744933017231522,-0.129396788390856,1.64060806432136,-0.0965056106328946
10.5,1.21370260586931,-0.221522147092939,-0.299108667080848,-0.204191406784674,1.04553804353689,6.10821141821535,1.03036314011867,1.26914219845858,-0.030275682905151,-0.196179670420584,1.04707562328921,6.10765639591415,1.02988234529529,1.28406498773781,-0.0312265014254519,-0.190008173637282,1.62606269434208,-0.145453699792794
10.6,1.03146599173603,-0.124766913103619,-0.20011561739741,-0.283533498194236,1.16922448341575,6.09977009933153,1.01074218602084,1.18846364580367,-0.0717338489820357,-0.194414893115678,1.16646072934864,6.1011930167831,1.01052054779727,1.19385106059432,-0.0646337913105115,-0.193617974980185,1.60524096989,-0.208217244520722
10.7,0.940149713519943,-0.216939724156978,-0.0959590937224676,-0.249286259264532,1.2797522398333,6.08953043822455,0.993867236824166,1.10591038166407,-0.127427918299646,-0.161606833823772,1.27678507301256,6.08929014005039,0.994646567487027,1.10324343663918,-0.119028767327107,-0.158739803102428,1.58255247204049,-0.226884978495181
10.8,0.685136317129227,-0.0878422868566133,-0.102327373064391,-0.350303063659846,1.37117536093654,6.07854579929849,0.980963830336544,0.95873682328772,-0.107909978374302,-0.131889055722678,1.37217701955112,6.07850106619162,0.980787316821,0.953919465385628,-0.107890738587645,-0.138592506660272,1.55425406122894,-0.282984108115483
10.9,0.480443788683304,-0.200845675471595,-0.110574004273449,-0.400384030887417,1.45058508275975,6.06647246563535,0.967327374050646,0.796382259122235,-0.140493397443285,-0.131260380305168,1.45065912049317,6.06439217315843,0.967928726954502,0.784821009420512,-0.141088930331913,-0.128585898664978,1.52061929029139,-0.336347709375453
11,0.414371491850489,-0.0923702250181231,-0.118569593604499,-0.389582017665431,1.51582681402259,6.05114162009146,0.953573469521681,0.651787444749253,-0.128331488098863,-0.122044665314127,1.51591088152201,6.05202323388645,0.955427862268735,0.652517610288361,-0.123689392719845,-0.125008646857664,1.48456477806794,-0.360545122234534
11.1,0.33241835324876,-0.12605666864918,-0.0896465233935933,-0.388839409182794,1.56947107400087,6.0392714324556,0.943340109191375,0.525833569232322,-0.124585636662562,-0.115652982465068,1.569730526228,6.03956974904556,0.944189930563829,0.538196447059932,-0.124534848408893,-0.112379317049067,1.44722416189229,-0.37340616175647
11.2,0.256497353617621,-0.0817988982755037,-0.0970477613538409,-0.29771862530591,1.61735620336334,6.0279462820086,0.932031762959689,0.432372626754497,-0.114183325113424,-0.0967125477718055,1.61348948902534,6.028642548138,0.933499554419466,0.437589627973392,-0.10927200907554,-0.106903761443629,1.41332388828258,-0.339002736097125
11.3,0.202170365661045,-0.140643112390438,-0.0655375227134741,-0.144072092785471,1.64907285777417,6.01959039433998,0.923175335405049,0.351959783179378,-0.119953545181887,-0.089060200895711,1.64884062102581,6.01659495068349,0.924286543944037,0.353511320004697,-0.120475974545146,-0.0921301047542882,1.38828409845976,-0.250397898228191
11.4,0.247453876016301,-0.0388932116933004,0.0337711036917013,-0.0943844207778942,1.68061779653412,6.00740738342283,0.918193148814969,0.326055077784491,-0.096514270945262,-0.0588767174072548,1.68040398716955,6.00746102333083,0.919570005198822,0.315633661437413,-0.09133927352663,-0.0471653874521491,1.37033583033923,-0.179482681205329
11.5,0.215549410317898,-0.0799672922614853,0.0665406326493861,0.0525948663842338,1.70798672477731,5.99900462709716,0.918640667422837,0.287879222710715,-0.0826300551093323,-0.00287050187627771,1.70839291577331,5.99873323816621,0.918914395742948,0.279889286037586,-0.0872778516462212,-0.00655609455874369,1.36293654165458,-0.0739928868464368
11.6,0.320847787703685,-1.35,0.498869659658459,0.0395737182173948,1.73666418971851,5.94243765342413,0.934732912164311,0.303266423896286,-0.534596321308426,0.172215165515696,1.737844648008,5.94490823341752,0.936309706080545,0.294517322346907,-0.538250047486857,0.173953103375972,1.36069937138193,-0.0223717027265133
11.7,0.347189058388146,-1.35,0.524152372870025,0.130418235164047,1.7693377253406,5.86285398164347,0.965060856738495,0.313671086503283,-0.841018647230046,0.298845904510277,1.76917751367274,5.86209215893622,0.966212133185787,0.313328656647349,-0.828160744812979,0.299024271052419,1.36540719828612,0.0470782690419234
11.8,0.305247759751895,-1.30597484921598,0.609010333922191,0.19372294315679,1.8027536489216,5.76064125634596,1.00820093926435,0.30855363149052,-0.992546086427659,0.417020051453929,1.80022177587692,5.76221129501196,1.00718549110781,0.31044262204183,-0.998808639242624,0.409733579220195,1.37678069219554,0.113734939094135
11.9,0.456089427274313,-1.13029963195694,0.467494772903427,0.307774638188646,1.83617858981152,5.658248814451,1.05039434312028,0.371982529658652,-1.05015383068022,0.442518426037797,1.83646770969655,5.65763432420504,1.05022174880423,0.362459338196288,-1.04576970806916,0.430362576964206,1.39697417242743,0.201934802318913
12,0.467641104902051,-1.11252044175681,0.364123304107189,0.321905133741522,1.87940151325541,5.54810306390124,1.09521248567189,0.397590651264789,-1.07740736652933,0.41000976327841,1.87647013518424,5.55067339862357,1.09089231818433,0.400024254876918,-1.06960925581475,0.406705693800986,1.42262084954217,0.256466771147372
12.1,0.288624408302841,-1.02896111000012,0.408244567168651,0.42095073347179,1.91149952168569,5.44511017738741,1.12840853932037,0.358784962984563,-1.05391406672964,0.402076668310822,1.91249399472286,5.44516419253547,1.13161784732755,0.360238595386176,-1.05509206088096,0.407255291432295,1.45574407039892,0.331232208567562
12.2,0.361194958108684,-0.896184098433608,0.381583309277011,0.301159733041949,1.94684289175906,5.34278214248977,1.17274070526782,0.359892463453881,-1.00459657856811,0.386847964567197,1.94855201007299,5.3453302708205,1.17142651996524,0.360580153501357,-0.99833921714976,0.398086726376836,1.48750036054997,0.317562901510465
12.3,0.344381099874191,-0.852402493866758,0.338724028804974,0.33402204043102,1.98497470501805,5.2495429198405,1.20844462029182,0.353099860948901,-0.943131805947076,0.375983775329285,1.98403148779359,5.25070837493706,1.20911509626107,0.354794777205941,-0.946218958834403,0.376885762958314,1.52000479337922,0.325044328292535
12.4,0.343297695082971,-0.776621654904852,0.315018243348756,0.245618304602739,2.0216824469788,5.16268250278849,1.24424430868388,0.355615374273448,-0.891031099512462,0.352120865925719,2.01910035543836,5.16214352562253,1.24459411828513,0.350688676447737,-0.885648493145277,0.354790220240615,1.54889895240439,0.288941590251719
12.5,0.376452025922932,-0.796840735999856,0.312583970920555,0.306369296664803,2.05482171969831,5.07665634289147,1.27943309785163,0.371789475243259,-0.857692804188301,0.351870762480281,2.05508934270725,5.07675038192034,1.27856577426205,0.359889872688878,-0.853931437021913,0.339716559769165,1.57858527990289,0.296863274984939
12.6,0.180472126358704,-0.775037006403967,0.239772304050826,0.307908252929839,2.08565391427185,4.9932487239001,1.31148367338607,0.297178028262084,-0.82548258474372,0.303134215069248,2.08467055332149,4.9941748964545,1.30896799253474,0.295812106142387,-0.825754854658361,0.304022182726901,1.60877365185342,0.301883719505348
12.7,0.120801753285838,-0.693608951383772,0.197113360048834,0.09320602077669,2.10893433582621,4.91532772198446,1.33395171035686,0.226549860359266,-0.793656730230509,0.263278852121684,2.10800139419085,4.91631890753419,1.33555203856893,0.23330840869362,-0.77855988920315,0.265840460341877,1.62947667386175,0.207030220083231
12.8,0.0596237292204235,-0.714021125310465,0.11542220522264,0.0884950701327362,2.12402720010666,4.83870038005476,1.35612175337352,0.16093707077427,-0.749585561036171,0.213655264524408,2.12512921079331,4.84076787446718,1.35676400406314,0.171278166024621,-0.755510330670048,0.212119654942149,1.64479173450868,0.15315060646937
12.9,-0.0108753273427416,-0.591603785507064,0.229631861756804,-0.0244108663988625,2.13487147026528,4.7705572792796,1.38092757088575,0.110426408006275,-0.695413594511077,0.215572118874661,2.1357515454898,4.77107064658457,1.37860140551502,0.106223346964849,-0.696972278826125,0.218374014518812,1.65203581911616,0.0724408460747186
13,-0.119565991414988,-0.729742311781519,0.0181654356859079,-0.115545874915466,2.13496911682864,4.7021939538532,1.39365679365531,0.0227022063123572,-0.702272410108059,0.148972004855518,2.13830997524415,4.70020306038212,1.39328850058001,0.0255842975434784,-0.70867586202448,0.146870950649917,1.65073505276953,-0.0130076634662746
13.1,-0.245136263346873,-0.610119345790873,0.0724803533901517,-0.0961764566626543,2.13482288730256,4.63086782839661,1.40848154913445,-0.0788300365125836,-0.675798490534468,0.118256395269305,2.13119981353812,4.63285534975944,1.40531878860001,-0.0711016170602187,-0.673477106226763,0.120302880200001,1.64565388673216,-0.0508116603737199
13.2,-0.121708951877775,-0.630458847261116,0.00602685391133583,-0.161805946932194,2.12271700261293,4.56795524666107,1.41480777313826,-0.0770721065960032,-0.663156037996504,0.0842688983904966,2.12228224701719,4.5670440055284,1.41326778996685,-0.0891756652093458,-0.658113442310461,0.079490013668335,1.63552752585122,-0.10126360880939
13.3,-0.18728310842766,-0.549798967150377,-0.129299196797185,-0.184591389499364,2.11037862952416,4.50463063038322,1.41156798244755,-0.129445039973645,-0.621910174813065,0.00875153466238275,2.10986084323846,4.50510103541021,1.41376003381705,-0.124214037787315,-0.619429701181859,0.00492243850207796,1.62161353857528,-0.139139872759378
13.4,-0.0514888257339039,-0.506376719284992,-0.0358259159091179,-0.467460476800646,2.10209110417753,4.44642984080326,1.41405156478145,-0.0962509945641637,-0.579749141895704,-0.0136211425419722,2.10003676846163,4.44719567178834,1.41279697929543,-0.0982407477682396,-0.579053636218693,-0.00963054521620628,1.59277588747929,-0.288376510959954
13.5,-0.338543079340799,-1.35,0.0112970004607273,-0.249699151681164,2.08197661956402,4.3606283045902,1.41399962044144,-0.183319534853678,-0.842127722576877,-0.00132092517466024,2.08163046755722,4.36175650946,1.41258133711942,-0.184063009044154,-0.854391623283445,-0.00215642176015856,1.56569629816869,-0.270795893105959
13.6,-0.102912709421681,-1.35,-0.184551055223867,-0.295240896581451,2.06619504918472,4.25674429071982,1.40712953593961,-0.155518775934859,-1.03848752224148,-0.0795140462499003,2.06612239163932,4.2586170479632,1.40585160089113,-0.155080759178985,-1.03139461496793,-0.0672973622829116,1.53750557233648,-0.281907258322091
13.7,-0.229019977720307,-1.35,-0.0748965708723553,-0.300554016892479,2.04883027359934,4.14442360022242,1.39856440344707,-0.175100729512133,-1.13925176406081,-0.0703316448627211,2.04797362934495,4.14409882271527,1.39885046435607,-0.181487622943743,-1.14518225247938,-0.0700113653505701,1.50846726656925,-0.290383057672267
13.8,0.00107699708930816,-1.35,-0.0878778457651037,-0.305285602201772,2.03488550911491,4.02184583845915,1.38950350434105,-0.126580838462778,-1.21243831584861,-0.0750784044498777,2.03634503205175,4.02226567791302,1.39121123923478,-0.116285972931939,-1.21833144802246,-0.0763922512129035,1.47875157241432,-0.297156941549315
13.9,0.0627073859706408,-1.35,-0.0151595798497527,-0.29540853261415,2.03017346297273,3.89582462714312,1.38800321262372,-0.0368355467193327,-1.25266421547365,-0.0567085287235301,2.03110905471936,3.89573008482586,1.3857588952336,-0.0523597733238747,-1.26535593087158,-0.0545234400117782,1.44911535139281,-0.296362210215149
14,0.101820509295023,-1.35,-0.0636330014928597,-0.212551107391696,2.03021860968782,3.76472860823016,1.37931954301204,-0.00405657384973254,-1.30387754080767,-0.0667931069743509,2.03137951605194,3.76617148926983,1.37998120975096,0.00270461332573176,-1.2955859555603,-0.0577768548264502,1.42328872595418,-0.258266254386307
14.1,0.092636616580595,-1.35,0.0517415576059869,-0.238113658809292,2.03405977276939,3.63290012705372,1.37930280078888,0.0391874546382797,-1.31582259041525,-0.0308242647763891,2.03486183464361,3.63466953498381,1.3781148961409,0.0348231859167543,-1.31501954286019,-0.0186631361005798,1.39837812758723,-0.249105983669482
14.2,0.181857100416634,-1.35,-0.00245833958754203,-0.104235020304241,2.04345889998691,3.50128950762493,1.37850295168341,0.0922962044427627,-1.32148008748761,-0.00585175948707883,2.04359536446743,3.50191827865709,1.37682732526345,0.0873352982381401,-1.32751256326727,-0.0128757087744949,1.38005257300961,-0.183255545776191
14.3,0.0843614137298561,-1.35,-0.138159963155269,-6.86437739453195e-05,2.0529387298976,3.36718503146316,1.37078151263237,0.0856924417738527,-1.33377034035475,-0.06227876172945,2.05222268413023,3.3683638995899,1.37106531672954,0.0862731966280387,-1.33554379067182,-0.0576200853390571,1.37005369579573,-0.0999887721388063
14.4,0.0412599801575587,-1.35,-0.021457346002014,0.0612489358804921,2.06299927070372,3.23444317165222,1.36880955717428,0.0629081446069471,-1.34425294207051,-0.040116768704166,2.05924238891909,3.23429322733243,1.36659483460053,0.0701970478885816,-1.34070672257474,-0.0447048212901131,1.36738380531,-0.026698904857307
14.5,0.0115458418869387,-1.35,-0.000973022267173184,0.154169645970568,2.06330531806929,3.10203530172491,1.36563673997027,0.0484460401826615,-1.34801067536497,-0.0368279172227407,2.06416740777932,3.09989065230977,1.36368620243663,0.0492501886022805,-1.34402575022662,-0.0290863216390632,1.37293521258917,0.0555140727917273
14.6,0.0667077495227065,-1.35,0.0278288147597456,0.159072302297349,2.07036924372489,2.96720024929386,1.36399284550924,0.0526210664215648,-1.3486880392147,-0.0069865660295959,2.06971591095813,2.96527471122377,1.36281025371553,0.0554850317881469,-1.34615941085997,-0.00875948721091718,1.3831938121186,0.102585995294283
14.7,-0.115381368748152,-1.34547103773576,-1.71572134458273e-05,0.32087766097763,2.07154340333747,2.82973889900677,1.36192597613484,-0.00562447133379693,-1.3406871631701,-0.00901289979102829,2.06916204268922,2.83068335489221,1.36224653106578,-0.00553868268910265,-1.34591356331561,-0.00563722649753455,1.40337476008818,0.201809479695804
14.8,-0.298456489250429,-1.34552685343457,0.0885924047756993,0.285365586938517,2.05645284034978,2.69706285344429,1.36350099064888,-0.10235733377652,-1.34650618044289,0.0272331631159746,2.05814682418598,2.69610580962783,1.36504815239007,-0.110152185032433,-1.34577545264381,0.0280162132429061,1.42735371293243,0.239789528442492
14.9,-0.184658083261829,-1.26147156030077,0.0733947124129993,0.300482625038237,2.04609772936839,2.56619153186594,1.37085816897644,-0.145127976166258,-1.31681444725608,0.0441242741212822,2.04447068074597,2.56453911766141,1.36947043439901,-0.136761434400075,-1.31566691966415,0.044222820089368,1.45409144289466,0.267377299622376
15,-0.30614096676572,-1.19437027046156,0.120292497803554,0.404449272575241,2.02431390500387,2.43670892607525,1.37466013103179,-0.192863352140422,-1.27598551864769,0.0706505265907284,2.0247452682929,2.43730444888081,1.37660949061202,-0.197254124530662,-1.27234668780608,0.0713905621301487,1.48705971708203,0.329682741873678
15.1,-0.341698392219408,-1.14401373347729,0.171535780491552,0.377996791240207,2.00180149111944,2.31428268631076,1.38840215493492,-0.238876840112284,-1.24043505728375,0.11736442609729,1.99986113199381,2.31465309989765,1.38732516176652,-0.248841362990929,-1.22651348983152,0.107156711544936,1.52222408442243,0.351643673403918
15.2,-0.373185929666368,-1.04445257385289,0.0945315223742296,0.337444400360054,1.96902436604579,2.19904053492211,1.39850629855326,-0.297409111392973,-1.16005992217067,0.103102024066038,1.97053611831345,2.19850392648517,1.39758993330777,-0.293250136803586,-1.16149173412486,0.102647715412541,1.55674303026082,0.34518945838398
15.3,-0.320598978355073,-1.09251020304905,0.0351610281194704,0.297808734972025,1.93997420138098,2.08653646206279,1.40420276238817,-0.298834307635881,-1.14061922057555,0.0758782829123726,1.94023436029197,2.08481837918253,1.40544446601713,-0.303017580214831,-1.13685547302636,0.078545327093587,1.58910830685322,0.323652765924
15.4,-0.370583648980701,-0.849775998775908,0.194245919437073,0.203102365739462,1.90671664364505,1.98238519710356,1.41719795954979,-0.334394304736784,-1.03328141176131,0.12059054705933,1.90751952838599,1.98138567024598,1.41743116273876,-0.327148319059785,-1.03432708936548,0.119866967216261,1.61599401980087,0.268857129476483
15.5,-0.146819160452768,-0.813376380559747,0.257137306328951,0.0868714029786521,1.88281116482801,1.88581356661253,1.43420429152214,-0.266661963557135,-0.959810674236827,0.171692951021234,1.88124502357312,1.8858440580525,1.43432037157155,-0.262745048128707,-0.955416121934864,0.168892088327936,1.63460765427135,0.186136344704741
15.6,-0.140670279059085,-0.775755881484077,0.09683740766275,0.0657003476444088,1.85758384647335,1.79805804611297,1.44826685096045,-0.224838571676461,-0.882677956855181,0.14780973976313,1.85933033194131,1.79671888301797,1.44863619895201,-0.219146916318128,-0.891251750345297,0.143158273804655,1.64774692523908,0.131392709677318
15.7,0.0724471744339993,-0.616865301807745,0.0982792603445471,-0.140297872770209,1.84435228125839,1.71672675202964,1.46231322901642,-0.126406662790408,-0.784323847207674,0.126722035734767,1.84782971497921,1.71739322400264,1.46134920442319,-0.11500616962094,-0.793256590153314,0.127130054711759,1.64853662427738,0.00789699038298741
15.8,0.118534685128336,-0.549586027055537,0.114603074761222,-0.127353198339402,1.84517270362995,1.64629195674407,1.47443190580794,-0.0356603704847867,-0.715215053206606,0.124262829472684,1.84466984282959,1.64677008509794,1.47361481775328,-0.0315987214961983,-0.706231389046965,0.122656133300853,1.64317858746466,-0.0535803681271896
15.9,-0.0897004495469472,-0.542694898076291,0.0736847107863641,-0.186114058277425,1.83950004465987,1.57974329061131,1.48287668233058,-0.0571331416459885,-0.657174363387217,0.0980028964087826,1.83943490896388,1.58198753515648,1.48413145170784,-0.0523493386571801,-0.647825499414582,0.105166339545679,1.63179629200874,-0.113822954559115
16,0.333291032104644,-1.00500035237567,-0.262095390026719,-0.219647497395267,1.84587731830829,1.5044454649988,1.48314328943072,0.0895063442551584,-0.770230948850526,-0.0326494931396239,1.84797284548251,1.50444874046641,1.48153159532054,0.0853793651863285,-0.775387946900685,-0.0259985638730349,1.61560379006028,-0.161925019484638
16.1,0.22400488734054,-0.871797884615608,-0.34511055120474,-0.221803024662738,1.86162556475599,1.42264791974359,1.4678713425197,0.134410241737368,-0.820258867143251,-0.132925122478044,1.86146169350665,1.4234667337151,1.46753488224282,0.134888480241404,-0.809820067513157,-0.139967130777215,1.59668956060372,-0.189142294565593
16.2,0.361935562668252,-0.741600634650625,-0.307806955555086,-0.272310001206431,1.88439176470437,1.34180443066176,1.44577163888565,0.217970692009404,-0.793119596569086,-0.197137601561205,1.88305936590318,1.3449211352803,1.44754388970874,0.215976723965278,-0.785455984347967,-0.199909925340741,1.57399498084531,-0.226945797584156
16.3,0.299341655910474,-0.664720935296875,-0.408899627136398,-0.394823624838328,1.90919766573525,1.27113006908454,1.42005698768913,0.241971415546702,-0.750066305791585,-0.278122558114142,1.90763435729775,1.27068750288304,1.4200889792534,0.245749913945705,-0.742336323972577,-0.274549104553475,1.54366959075716,-0.303253900881507
16.4,0.180413150734841,-0.611717757916317,-0.262696448389238,-0.433706102628539,1.92867246343087,1.20116742882842,1.39291716502403,0.220946332955811,-0.709579133038093,-0.270971188542334,1.92987589286336,1.20111881927351,1.39305737794677,0.222415355656111,-0.695686836095342,-0.270316013066248,1.50741455513505,-0.362550356221067
16.5,0.217542231702402,-0.382430241452689,-0.301364119230852,-0.366981674369711,1.95236530341427,1.14257716775875,1.36469466354688,0.232779965326972,-0.583702635137901,-0.27848208981639,1.95194338828777,1.14273787118693,1.3649169157057,0.220674954244072,-0.583809480865823,-0.281404622410749,1.47095809596073,-0.364564591743178
16.6,0.087479759032653,-0.362514303166967,-0.335661872552833,-0.391604931674517,1.96903310153717,1.09251994842274,1.33493048864179,0.17934237306689,-0.510713847913721,-0.307274019633504,1.96925391245462,1.09226032230388,1.33483869453098,0.173105241668565,-0.504775488830517,-0.300782211747208,1.4332725304259,-0.376855655348332
16.7,0.0481185911208527,-0.139273246398943,-0.230913361937549,-0.218518780325247,1.98138911725472,1.05829728667954,1.30980364326076,0.132259525642027,-0.370707223610251,-0.279894183139297,1.98210062767335,1.05483642493624,1.30725578942089,0.128467152187239,-0.374238973676384,-0.275829051100901,1.40278409557393,-0.304884348519657
16.8,1.35,-0.171874550616364,-0.295617077844167,-0.126442682150455,2.0401632668009,1.02393052402229,1.27842218731156,0.566265950881888,-0.29784945426611,-0.28253496469189,2.03857351602824,1.02463982839217,1.27896616906997,0.56472888354894,-0.301965965440662,-0.28289620350921,1.38040664555693,-0.22377450017002
16.9,1.35,-0.263512190178762,-0.367687488894261,-0.118362785780013,2.12249209450175,0.994562064068498,1.24688105466832,0.852033863685677,-0.278935957103349,-0.309427694103982,2.12309180139924,0.995816580964601,1.24764828852672,0.845182853710033,-0.288232474275698,-0.313178805432442,1.36282063710311,-0.175860084538199
17,1.35,-0.291554643918935,-0.36053177350233,0.0236678726507932,2.22524299560187,0.965209329587496,1.21490678370929,1.03158632326535,-0.290655589430722,-0.331926643323419,2.22563927056632,0.966874684621201,1.21463923055241,1.02547469167074,-0.289418963433997,-0.330090579743117,1.35430408124879,-0.0851655585432023
17.1,1.35,-0.321825596525579,-0.284821277003031,-0.00303630236981422,2.33834428941499,0.937221353497251,1.18425950337558,1.14634502718331,-0.299648217024175,-0.333707280515775,2.33977692931658,0.936775408524531,1.18324693339024,1.14137658750262,-0.300992760966705,-0.313922971621657,1.34952067340235,-0.0478340784643895
17.2,1.35,-0.357400225706044,-0.478060999549894,0.115128495971291,2.46228324418457,0.90417841935293,1.14559235182375,1.2198836946585,-0.320921924589607,-0.372047866538798,2.46136542422746,0.904661580115741,1.14599256380207,1.21588494910882,-0.321138284087897,-0.372543695881742,1.35214465530299,0.0262398190063745
17.3,1.28047241295395,-0.394547521037766,-0.23652465940201,0.165491990460274,2.58553594420531,0.868752937806248,1.11484445657711,1.2396925987611,-0.340873673310304,-0.329259092697613,2.58526061427567,0.869925993244456,1.11359601694531,1.23895190048208,-0.34735586871285,-0.323965468567552,1.36109828136062,0.0895362605763289
17.4,1.00690763115904,-0.309732615397497,-0.220977156584514,0.314163392680724,2.70075106251684,0.833896803334795,1.08607577626903,1.15338202480113,-0.334294867611551,-0.284649306245155,2.70086850899091,0.836534093991576,1.08487762408795,1.15607894715243,-0.333918992528796,-0.28718392857361,1.38026223160482,0.191639502441963
17.5,1.07748179232349,-0.391570627896613,-0.178462368696106,0.252179313673775,2.8154702615282,0.799703430727129,1.06062888666486,1.13181368172986,-0.347645443257103,-0.24926955375005,2.81366936246226,0.801083207761275,1.06004214408336,1.12800853471352,-0.354508862303016,-0.24835480004593,1.40217799145046,0.219157598456423
17.6,0.983079312539673,-0.355256072593356,-0.329999161309501,0.399254436445315,2.92028533510333,0.765289259532528,1.03141358678776,1.07520361597708,-0.349499417400362,-0.269169479982944,2.92129417228455,0.765605635449175,1.03229079403364,1.07624809822286,-0.354775723120995,-0.277513500497205,1.43227997120469,0.301019797542283
17.7,0.964963815667804,-0.456650213944972,-0.15985734345436,0.366674732558759,3.02564313035907,0.727383418494234,1.00921781788869,1.03890848929608,-0.386350751270354,-0.22807981378938,3.02494454344416,0.726489688464791,1.00874144959259,1.03650371159605,-0.391159469843844,-0.235493444410475,1.46536626618694,0.330862949822499
17.8,0.977174328357905,-0.31224884080593,-0.0677681180636121,0.408045520594917,3.12553029064377,0.69089233128538,0.99350713828108,1.01484872735092,-0.369659933237458,-0.18283496530594,3.12647600805954,0.690191978231761,0.991182295378219,1.01531464615386,-0.362977102330303,-0.175591542143738,1.50196085984066,0.365945936537235
17.9,0.905514903323337,-0.312644949106533,-0.0604183272313005,0.329338665928828,3.22698411666093,0.657869507107022,0.977835003045613,0.96634937741342,-0.352644186169299,-0.133492155808359,3.22408605328812,0.655691844899579,0.977736470267861,0.976100452285815,-0.345001333321814,-0.134458251103582,1.53689148664855,0.349306268078868
18,0.886772196759424,-0.326427513090305,-0.0081365049743919,0.314486858331808,3.32081752699857,0.621416045507214,0.968360777962958,0.955623169281633,-0.338846369090964,-0.093594598113084,3.31850580367648,0.621855062289952,0.968802136090688,0.944197503883532,-0.338367826096275,-0.0893433417717282,1.57023941301339,0.333479263648386
18.1,0.877430793779346,-0.271430439688883,-0.0198362589733832,0.172971541848798,3.41110574951592,0.591740488621725,0.964339629434306,0.923254688218661,-0.315614853338781,-0.0577983319911719,3.41054102870396,0.590408900623445,0.962350197727742,0.920352250274894,-0.314461616665064,-0.0645193836294621,1.59629153384188,0.260521208284937
18.2,0.777007364905829,-0.244204207117038,-0.0162992310207006,0.0751590750446158,3.49569231552049,0.56307854360259,0.957423243869624,0.857302677470349,-0.291291589249056,-0.0531409439521346,3.4974567935397,0.561471932155083,0.957620407672252,0.869157648357371,-0.289369684683626,-0.0472979005549044,1.61391810315945,0.1762656931757
18.3,0.67723813440488,-0.185537788917797,0.0860620764941727,0.0800605655450484,3.58067826118011,0.534570187779237,0.957147982882912,0.808138188724704,-0.251436750812791,0.00627426389233047,3.57751829001999,0.536243245678357,0.957653473939942,0.80061496480291,-0.252286864767258,0.000330662676908844,1.62717171213017,0.132536089707222
18.4,0.726956980107958,-0.0465162534679827,0.127321121338148,0.100604087263873,3.65423383346322,0.520961132011229,0.963505788576262,0.767841788128679,-0.183577184746636,0.0457483750415493,3.65494914418975,0.518363509605177,0.962221913731249,0.77430854169757,-0.178797360731803,0.0456843979130656,1.63897386644438,0.118021543142063
18.5,0.630024276139177,0.0138227820627531,0.0960830337239278,-0.194101150417792,3.72521304843195,0.507117536399445,0.968433167027249,0.729053958792333,-0.115587385031948,0.0696001168348748,3.72722698887528,0.507363064346088,0.968590304801515,0.722778446855287,-0.11000445259089,0.0636839107026592,1.63658862559677,-0.0238524084760528
18.6,0.416774497692626,-0.0687337799815742,0.0617487234557341,-0.182018743092474,3.78729882819176,0.495356673391283,0.974873949392706,0.615901958413386,-0.0933345724551745,0.0578857534445191,3.78857612109071,0.497836571680189,0.974889582041533,0.613491322154337,-0.0952649266589915,0.062992772400186,1.62701400590297,-0.0957461969380626
18.7,0.348348143830704,1.35,-0.323890604389208,-0.256019071433851,3.84181088309563,0.53958271322732,0.968071465259286,0.519535852537159,0.418733935471294,-0.0714812316996283,3.8404558540803,0.539926683537825,0.967371595824788,0.518797329895896,0.420901118576363,-0.0751798621674547,1.61015425555026,-0.168597503527057
18.8,0.177848381588377,1.35,-0.23772842629735,-0.294248596018235,3.88029146049943,0.617066794853449,0.95485594443577,0.405820730732741,0.755224557960368,-0.130502785445373,3.88015883891605,0.615198898303448,0.95404830374626,0.397029848357496,0.752722147656233,-0.133232920785274,1.5875830919025,-0.225711636477593
18.9,0.165156396255686,1.35,-0.119871192461849,-0.432734783399457,3.91040188597861,0.711025064377419,0.937898439797769,0.30787504565556,0.973425660506354,-0.131298743600126,3.91158062903388,0.711802464938492,0.941202216250713,0.314217901178278,0.966035666350436,-0.12846087495548,1.55560178521284,-0.319813066896622
19,0.0594019041913676,1.35,-0.288638295343171,-0.316631767883127,3.9352799735709,0.824813544915359,0.921679847729638,0.225352965987544,1.10463225993291,-0.184148907970714,3.93390184783075,0.822119043489591,0.922635506598461,0.223212187968667,1.10316578551099,-0.185667096522512,1.52376508302379,-0.318367021890488
19.1,-0.0275952152408065,1.35,-0.130987875530013,-0.380613357003774,3.94647127852323,0.940634222692854,0.907348670570584,0.126622541896241,1.203572983241,-0.170816261124977,3.94726565937013,0.941251129701012,0.906021626267371,0.133638115393855,1.19132086211421,-0.166138803310905,1.48909900196596,-0.346660810578345
19.2,-0.0288133608749952,1.35,-0.232391042619891,-0.413198245330466,3.95629248631203,1.06586210004948,0.88784041622486,0.073425008829586,1.25888663904575,-0.186940634656429,3.95482763247134,1.06605032797978,0.887041594532388,0.075619731012123,1.24799198278771,-0.189800317349829,1.45140849205576,-0.376905099102036
19.3,-0.0545171867048218,1.35,-0.157798567740747,-0.353670493428699,3.96024848552091,1.19109335386726,0.869376208813613,0.0253948428947793,1.28042699766936,-0.178115730246615,3.95774185851124,1.19449266973042,0.869204482426301,0.0291422603989284,1.28442341750638,-0.178371121060871,1.41477410058525,-0.366343914705065
19.4,-0.154930406645878,1.35,-0.221126614885867,-0.1991347610554,3.95453422055144,1.32546181116205,0.850770599754798,-0.038437365436288,1.30132552353924,-0.190207108503972,3.9540820607281,1.3252770322844,0.849840388397892,-0.0365979778313596,1.30784362553982,-0.193640940284084,1.38574012518973,-0.290339753955217
19.5,-0.0598001856594889,1.35,-0.149334065667924,-0.153813034226286,3.94914676116127,1.4602327766677,0.834392979912707,-0.0484665959924449,1.3254436339348,-0.168989524730279,3.94959361266539,1.45756697964053,0.832058682748632,-0.0448844806271201,1.32289947356131,-0.177817056492598,1.36291190978188,-0.22828215407843
19.6,-0.0100261442837911,1.19156291141015,-0.202865992481732,-0.0819501475254763,3.94454880640292,1.58433207734263,0.813584379141203,-0.0327788390033848,1.28189922615469,-0.187989774307578,3.94635010518637,1.58516633549127,0.813382372242618,-0.0324350747902168,1.27599355850733,-0.186763105060146,1.34673514921736,-0.161767605645269
19.7,0.0882947374480312,1.06220456235564,-0.339247235707689,-0.134455814579005,3.94662334498915,1.70590192900202,0.792952339329265,0.00162782869303286,1.20213931001714,-0.240252965290528,3.94741837671585,1.70513037005087,0.789260199927762,0.0106827152948717,1.19964034559601,-0.241221723148554,1.3317998337013,-0.149353155160604
19.8,0.225558260513852,0.857295484538114,-0.162508059510295,0.0236193606919969,3.95384513935383,1.81369524032522,0.768531841644983,0.0892024713309218,1.07240606177621,-0.204891443440135,3.9561607748603,1.81286780242983,0.767949229885702,0.0874239814445076,1.07737432378962,-0.213109700420605,1.32472690526945,-0.0707292843185127
19.9,0.167581190469353,0.704726252089045,-0.2260070492626,0.0602835640549704,3.96634944884736,1.90711455978033,0.746523794870925,0.108029833752601,0.939840782771428,-0.216844575435149,3.96776593046993,1.9072963751052,0.746177640242142,0.116051556096238,0.944285726753699,-0.217715896435603,1.32360910630912,-0.0111779896032931
20,0.346282396586239,0.618424503309947,-0.229748758706588,0.113984935499206,3.98853799390074,1.99112519225806,0.724347156883192,0.198374821129033,0.845786013199313,-0.229188953413588,3.98759361609705,1.99008704694329,0.723976305517475,0.198276856271239,0.827906718380931,-0.222013347246669,1.32818053121708,0.045714249079661
20.1,0.287086567741563,0.512794513638853,-0.146178074324479,0.195549659566431,4.01166973994627,2.06292985005548,0.703580218053487,0.228751720295915,0.721363338013176,-0.191692892247862,4.01059307713383,2.06162371146917,0.704483373397172,0.229994610367783,0.71536664525876,-0.19492932120303,1.33956265660172,0.113821253846375
20.2,0.278486446332982,0.418145583011209,-0.335132533552627,0.236696891548344,4.03526984716669,2.12267383370083,0.680885992271111,0.235632653658168,0.610785545796111,-0.249812794350703,4.03532438945508,2.12254533805763,0.679983183692955,0.247313123212497,0.609216265884635,-0.245001897042172,1.35653003824554,0.169673816438179
20.3,0.37723639668656,0.383462617632119,-0.170041201711797,0.320419996963666,4.06546166515981,2.17462136225633,0.657166028652544,0.286533156573747,0.528150461239278,-0.221501958706544,4.06469581868612,2.17540433435136,0.658160161679108,0.293714292310376,0.528589962937308,-0.218230220138466,1.38034951900415,0.238194807586128
20.4,0.239550285966626,0.424412455726217,-0.310295784206755,0.435958028877176,4.09422638642853,2.22343234236039,0.634747357107314,0.267977483786761,0.494359538740454,-0.262274688469508,4.09213281911916,2.22454270538755,0.633049083805679,0.274370004330465,0.491383710361918,-0.251110778734284,1.41315823709417,0.32808718090024
20.5,0.153771357699125,0.413186665768173,-0.184208856316301,0.327376611418547,4.11312652954629,2.26773578767778,0.611355663769526,0.21753793282322,0.467729260835496,-0.211995056575767,4.11526272502966,2.27088832483111,0.610327360304322,0.231299059104987,0.463456194435581,-0.227217235013576,1.44593465657139,0.327764194772198
20.6,0.0516713852009241,0.329636537855945,-0.172732838232414,0.274881448084153,4.13455560481363,2.31305751548888,0.591297154842888,0.16446776712234,0.423856362915301,-0.205161175272682,4.13197735687216,2.3124546708254,0.589551508116577,0.167146318424964,0.415663459942854,-0.207758521877447,1.47630731483552,0.303726582641268
20.7,0.0296294966043289,0.407452873677902,-0.152046676872095,0.331508296510744,4.14055393560366,2.35487066883629,0.569287331339376,0.121709985413673,0.415624784215919,-0.175933570660375,4.14378067364963,2.35372778159593,0.570765364679024,0.118033167774737,0.412731107705371,-0.187861434375535,1.50794277827553,0.316354634400121
20.8,-0.103952196286144,0.420327225589518,-0.165046580882882,0.274542458725775,4.14571701959924,2.39603865729134,0.553936319666815,0.0495797696778038,0.407152794924359,-0.194271227082445,4.14765594171065,2.39527218229091,0.552794037437636,0.0387526806101369,0.415444006949709,-0.179713272413873,1.5376776882758,0.297349100002691
20.9,-0.0175166777026784,0.427814796997674,-0.0856689629744432,0.285690116318074,4.15046471195767,2.43655792451657,0.538841371313618,0.00662097811853874,0.416263478465599,-0.162952039238401,4.14952158983192,2.43725839691616,0.538181435533371,0.0186564812127029,0.419862146252554,-0.146126019042648,1.56688264447222,0.292049561964229
21,-0.179108417442836,1.35,-0.0640788039014071,0.0841324715425091,4.14536462804132,2.51303483147185,0.527245626961535,-0.0495351458332764,0.746211450313871,-0.126097279300359,4.14432420585835,2.51246382060383,0.526499091312722,-0.0519738397357038,0.752054236876642,-0.116823442206491,1.5866368238313,0.19754179359072
21.1,-0.261942072178601,1.35,-0.04228420843707,0.054340772559142,4.13187482054669,2.60776398968438,0.519642696150932,-0.130126873016112,0.971348815437848,-0.0857762383004662,4.13162795644039,2.60902445011732,0.517478862583838,-0.126962494179596,0.965606295134984,-0.0902022872888405,1.59988186587075,0.132450420394548
21.2,-0.271362830007764,1.35,0.013598226799495,-0.0308475286259445,4.11513837466618,2.72026014209224,0.514086226300653,-0.154877571676632,1.10283596493327,-0.0546656506258526,4.11377455217142,2.71931342623314,0.512165795072395,-0.178534042689656,1.1028897611582,-0.0531306751144349,1.60570427386382,0.0582240799306878
21.3,-0.302503190447211,1.35,0.0277838230099282,-0.149988943274141,4.09228727728439,2.83866044755788,0.510451197191483,-0.229090552888114,1.19728014324636,-0.0232332233582353,4.09149367833969,2.83842776802189,0.509742531065393,-0.222808738317354,1.19114341788742,-0.0242326400700195,1.6020624535294,-0.0364182033442343
21.4,-0.236913347460266,1.35,0.0577355847866167,-0.186611053117898,4.06927305532643,2.9635786515211,0.510260215755273,-0.22378390189722,1.24324505694773,0.0117260807602574,4.06870906846713,2.96321555917179,0.510246703660414,-0.227846098725537,1.24787791149905,0.00504172595020767,1.59159368547799,-0.104687680514081
21.5,-0.204016075461496,1.35,-0.0151526601405129,-0.216172223299853,4.04744337532153,3.08866400859366,0.510237898561103,-0.215286488351406,1.28231918910072,-0.00729776792001207,4.04677553085401,3.09165056776816,0.510029648180766,-0.219335376131237,1.28435008596368,-0.00217055479647825,1.57605743820905,-0.155362472689432
21.6,-0.178775021594518,1.35,0.0347989460869911,-0.330369587212559,4.02592644797714,3.22047135409227,0.507791804913786,-0.192911216575728,1.30226561251469,0.00779464839004406,4.02629057733148,3.22243021615154,0.511132932018385,-0.204849535225266,1.30779648383379,0.0110328383761894,1.55256632209814,-0.234911161109036
21.7,-0.13627320808086,1.35,0.0740045351225198,-0.344537941406376,4.00832840018504,3.35436360309742,0.514911094282702,-0.187322237214568,1.32336385994649,0.0251763849352313,4.00825477834983,3.35471713296942,0.514485205025516,-0.180357989816549,1.32286916817887,0.0335227300713074,1.52409217051918,-0.284741515789645
21.8,0.000947500193239503,1.35,0.0450682894523756,-0.417016400947866,3.99720019369206,3.48698194520364,0.520165169013617,-0.111812025559014,1.33407598813242,0.046436056713994,3.99669417543995,3.48797300806664,0.518249819439113,-0.115606029098768,1.33255875097213,0.0376461441359746,1.48960552416029,-0.344866463588836
21.9,0.0221926130468045,1.35,0.0636619564213216,-0.215061063469608,3.98775818455364,3.62144339435556,0.520521271254447,-0.0608053577396583,1.34197984817738,0.0417862838570489,3.9900549526067,3.62185178491485,0.522943570005759,-0.0663922283324919,1.33878776848208,0.0469375056664557,1.46101912326138,-0.285864008989187
22,0.181878662576678,1.35,0.135873124258852,-0.301394117721847,3.99252499669747,3.75648163636206,0.528051410543011,0.0187255995521233,1.33714325357827,0.0860264211361997,3.99228254730592,3.75613099860298,0.53081359266499,0.0222759469922116,1.34279213688134,0.0787002265923116,1.43172680832915,-0.292923149322215
22.1,0.179996967246394,1.25917455120445,0.0571218526474136,-0.214348149249147,4.00049581579311,3.88585326002853,0.538519565127786,0.0777219573283545,1.31048215641634,0.0671757850657667,4.00014303558565,3.88742386994551,0.537912959111903,0.0786048827972768,1.31292871342531,0.0709936644691337,1.40600608430935,-0.257207240198093
22.2,0.280959821315985,1.03773410602441,0.160936703396247,-0.163055620332414,4.01674476194652,4.00815391976868,0.549610091344693,0.15161780618733,1.20453175708533,0.106937586486312,4.01523048595533,4.00888836245229,0.54822457694907,0.150874503696816,1.21464492506784,0.103116178371674,1.38456497937434,-0.214411049350057
22.3,0.294556243460778,0.896512024787932,0.137733086844466,-0.0708650223603828,4.03465806593103,4.11773085923367,0.558835374469127,0.208240932281214,1.10604499808297,0.109502838168586,4.03544942703087,4.11899096566337,0.55977251294598,0.202189410755374,1.10102603211073,0.1154793599691,1.36964869384796,-0.149162855263842
22.4,0.168345901136741,0.73788765752288,0.0611400455821618,-0.174965119677212,4.05443963701275,4.21763787076329,0.570886635206904,0.186038896313516,0.971450177010913,0.0994210332599738,4.05445967133431,4.21612434121059,0.569379759143357,0.190102443034434,0.971333755472213,0.0960724619737649,1.35355957812096,-0.160891157269919
22.5,0.133816557531894,0.754244498385348,0.156334554516517,0.00822712135362232,4.07058109116239,4.30290611790966,0.580873621849939,0.165294593375962,0.89426252216585,0.113261084076344,4.07145970544124,4.30550452900471,0.581139222931546,0.170000341069241,0.89380187794119,0.117594637881891,1.34515765687686,-0.0840192124410366
22.6,-0.00207442306604293,0.540700902043293,0.154784215309214,0.0647681908221076,4.08202521243634,4.38110915242327,0.593601228306036,0.113139098209481,0.766252229527038,0.138838510373604,4.08231421225761,4.38227396765962,0.594226885913568,0.108545068163782,0.767694386549084,0.13087662982022,1.34351879941744,-0.0163885745941529
22.7,0.0219867378564932,0.568115129971302,0.0432405960214305,0.139807458230739,4.09124638452842,4.45039873055529,0.604847482563832,0.089882716329489,0.6954905261541,0.103142936785455,4.09007735013445,4.45191557572246,0.604184690545633,0.0776313787683219,0.696416080628448,0.0995780463206526,1.34897976163189,0.0546096221444345
22.8,-0.147100162023493,0.49708089057081,-0.0394006047501709,0.248897863338351,4.08813032281939,4.51404481640506,0.609025086925171,0.00555978691391067,0.623878150865718,0.0475974495904768,4.08981436155443,4.51443806985468,0.609178971925169,-0.00262988580018358,0.625224941322149,0.0499428137953585,1.36327200753696,0.14292245905076
22.9,-0.11219807264681,0.488196980401299,0.0137264512103557,0.283552596054814,4.0855776974736,4.57069504477209,0.613413944429469,-0.0450463582844029,0.57385557669456,0.0380927727320932,4.08563822344417,4.57206670823972,0.612879811783812,-0.0417613811025501,0.576286383850417,0.0370083985864289,1.38395653239677,0.206845248598057
23,-0.210568057019796,0.533216811793837,-0.0647097910499834,0.271640399288747,4.07531299222369,4.62948340489534,0.614179796008211,-0.104457984805977,0.570934366743396,0.00333459058194855,4.07543327547973,4.62815714762274,0.61294785915544,-0.102049479644424,0.56090439383021,0.000680473716281688,1.40758629137888,0.236297589821098
23.1,-0.294680275091655,0.434965204952296,-0.152582833385197,0.383575529690642,4.05902220259824,4.68072926232274,0.607397260134985,-0.172390887387677,0.519723786091954,-0.0658797368507095,4.05834865624932,4.67974975883155,0.60754221698773,-0.170846192304149,0.515926112088097,-0.0540564216771036,1.43791050217324,0.303242107943618
23.2,-0.393280638311033,0.47851526066498,-0.019245909731034,0.40683312558667,4.03287589005497,4.72939574077663,0.60159403889673,-0.250658228360779,0.514916380454622,-0.0403435215563156,4.03331994966151,4.73000626820382,0.603379807389522,-0.250287065878036,0.502565093722698,-0.0416240959820787,1.47294339558774,0.350328934145005
23.3,-0.448145172617535,0.410564718726023,-0.0836849380267962,0.383840352721,4.00038746759929,4.7781434494614,0.597847694347349,-0.319159924002611,0.462433913199187,-0.0481420945389944,4.00122488211873,4.77697704989764,0.597715224861146,-0.320950675427857,0.469707816938171,-0.0566458252837635,1.50949953530115,0.365561397134094
23.4,-0.411275417173641,1.23137893950844,0.228671577082993,0.309515306091306,3.96573161910101,4.85327474208187,0.601829327756963,-0.358914075777522,0.743024508757717,0.0450717201087232,3.96590393094216,4.85115037168325,0.602240549560153,-0.353209511765637,0.741733217856124,0.0452532469900781,1.54350812542171,0.340085901205554
23.5,-0.242801503884271,1.35,0.319881195074543,0.293164458805001,3.93278224048649,4.94674749508273,0.616353028846006,-0.311232010866999,0.960300911377678,0.148560289591982,3.93452612290422,4.94704750711686,0.616574015262178,-0.313778080379435,0.95897135433608,0.143334657020244,1.57538392270587,0.318757972841666
23.6,-0.112458973481734,1.35,0.240597828147637,0.273496125788261,3.90865568413471,5.05770941507571,0.63439453706104,-0.245523009038515,1.10242368427048,0.176355143810344,3.91033828296977,5.05690995132418,0.634381165647323,-0.241878399344542,1.09862444207319,0.178071503851456,1.60520236330579,0.298184405999209
23.7,-0.0741004946650213,1.30127592021505,0.202612984331339,0.0623494274933882,3.89171616152519,5.17398537076439,0.651063630615329,-0.182604376791515,1.16923317064313,0.194247421609551,3.89214251105958,5.17400994832228,0.653064797478179,-0.181957719101856,1.170999969981,0.186836318308557,1.62430103215545,0.190986688496563
23.8,-0.000832391557490715,1.054477123814,0.156555710593922,0.0389549438077848,3.88248679051997,5.28498029869144,0.669757926091812,-0.120415128029639,1.12593458774452,0.177162076396274,3.88041550084741,5.28694841510013,0.670666979033512,-0.117270102121726,1.1293846677785,0.17602181555333,1.63648916715562,0.121881350001664
23.9,0.0665344100464511,1.00373366926061,0.0988030103598039,0.088179370244977,3.8755799250595,5.39597195158433,0.686086008986571,-0.0533218849383912,1.0864324647215,0.13524411526727,3.87525293749838,5.39539934621662,0.685511346117648,-0.0516256334902339,1.08450931116497,0.148443670841357,1.64714539398502,0.106562268294079
24,0.112863895842757,0.793997584605771,0.224975717781387,-0.0784756299204972,3.87614041710641,5.49281214385542,0.701969575175289,0.0111068906093407,0.984733151146201,0.178101420919073,3.87596500019697,5.49347485852743,0.703089000592499,0.00712062698583425,0.980755123108113,0.17577654474851,1.64939080725922,0.0224541327419989
24.1,0.16788888151541,0.651262930970226,0.0886723903474184,-0.144775920212067,3.88082565058026,5.57909562502596,0.716643713662013,0.0670224444561814,0.855964976826138,0.149353312425041,3.88241878627161,5.57978279254761,0.717555792410168,0.0645378607463969,0.863079340201724,0.144667918176692,1.64403485449006,-0.0535595276916674
24.2,0.25614325579435,0.489066421276194,0.153436159471733,-0.185983878830723,3.89606713398197,5.6531448444557,0.730342393502332,0.129642439241063,0.732482991717402,0.148842475986335,3.89571562216939,5.65273312232044,0.73233573570266,0.132968358977809,0.729503297728321,0.147799432924921,1.63265961303275,-0.113752414573056
24.3,0.206579656864482,0.36099889922842,0.0551900956432424,-0.400203441455465,3.91198604904394,5.71044014075719,0.743939190367089,0.165610501695391,0.599684286309477,0.113175854024876,3.91164143299169,5.71252258071827,0.743808202663664,0.159258108223049,0.597894583978356,0.114724669610036,1.60826387035352,-0.243957426792333
24.4,0.125466540722005,0.209968600391299,0.207170188659662,-0.266901466741134,3.92704315321206,5.7581430324706,0.760067477537915,0.14182356059328,0.462208862371919,0.145859780325967,3.92636040211753,5.75845753970229,0.758582295305011,0.147189691258391,0.459349589840121,0.147740926413474,1.58282521676752,-0.25438653585997
24.5,0.215307146179031,0.406893760126243,0.255167561445096,-0.364585302016029,3.94486952307148,5.8029375568488,0.779247347702833,0.16941776067229,0.427911751036632,0.188030354148162,3.94351213749054,5.80251907619652,0.777193053483202,0.171517353730048,0.440615364942308,0.18610758178191,1.55237752835625,-0.304476884112724
24.6,0.104967423604893,0.289985597402994,0.291732900680284,-0.374638685816526,3.95773322031727,5.83962760719083,0.798313528195905,0.146320927268174,0.391405015454744,0.230958827875235,3.95828708964479,5.84120097813577,0.799576144479192,0.147749521542493,0.386819019392553,0.223830909959901,1.51874066714026,-0.336368612159907
24.7,0.0870528331438057,0.179122099022489,0.274263256847129,-0.378041764478895,3.97165321597476,5.87291883863173,0.820708445681952,0.128142653672825,0.316737984899636,0.230552088117756,3.97089430292765,5.87246513291895,0.823760390721155,0.126072132828676,0.312641547831816,0.241842462419625,1.48320957172795,-0.355310954123083
24.8,0.0900961910645992,0.133900054089142,0.207656388373709,-0.401310781512947,3.97946740487685,5.89621298214286,0.847218902170474,0.113726964818669,0.244522314421897,0.231074600073292,3.98221666114752,5.89734566292561,0.846723705747191,0.113223582198649,0.248805300066575,0.229633150260369,1.44558757507065,-0.376219966573022
24.9,-0.132975598149248,0.0729046218133841,0.256355318401599,-0.202783974834951,3.98409493350532,5.91499861912173,0.87218394116845,0.0184232027902697,0.190019941154269,0.236384513196127,3.98474619149781,5.9159440258518,0.870641383921129,0.0252953035029713,0.185983629261864,0.23917678173938,1.41584903258326,-0.297385424873898
25,-0.170486865021258,0.159046248005097,0.279414942118688,-0.161345106758626,3.98029104328525,5.93316757004018,0.892938919855703,-0.0513876385207341,0.189868742488786,0.262696838677829,3.98028350154368,5.93358033944738,0.895996139251471,-0.0446268995413963,0.176363135955876,0.253547553303418,1.39229414091929,-0.235548916639684
25.1,1.35,-0.0568702164083809,0.280360897048419,-0.0893499835415606,4.02570253947692,5.94043076059604,0.922187762865862,0.448529445306478,0.0956245767363785,0.265872325803243,4.02562891514459,5.94288689045853,0.922308514001277,0.453454136009102,0.0930655101114985,0.263123747498061,1.37538465530524,-0.169094856140537
25.2,1.35,-0.0733248928657269,0.164319102662142,-0.0718646882541228,4.10297510163795,5.94533334128902,0.946094200610803,0.775989207756165,0.0347813948862115,0.22921349910559,4.10299382388803,5.94625092707764,0.945092151435515,0.773649087434423,0.0336403661910609,0.227836374342376,1.36289472277693,-0.124899325283076
25.3,1.35,0.0268915686655382,0.135390766871625,-0.0629834121528214,4.19862359340851,5.95133690367495,0.963038411366786,0.97607604195413,0.0261637050544572,0.177484720825058,4.20094269379453,5.94937393521369,0.964574160031512,0.979488699064986,0.0312300813605171,0.194820085959965,1.35321914993636,-0.0967557284056875
25.4,1.27745301289698,0.0542141302699329,0.149174781906971,0.112052222747862,4.30793681614882,5.95299750544558,0.982571302107169,1.08441063604473,0.0499303199207032,0.179245946012866,4.30953314633788,5.95331780223937,0.982425979197044,1.08590452543356,0.039438670256737,0.178518191655324,1.35303484760277,-0.00184302333589238
25.5,1.33373455427341,0.208916754706434,0.160847580482276,0.244211368259538,4.4292147005972,5.96314605713549,1.00081536658041,1.17096005961368,0.106095796153942,0.164785769670237,4.4269746713398,5.96331445799539,0.999646705106396,1.17441525001922,0.0999665575602001,0.172207259093521,1.36403483579625,0.109999881934758
25.6,1.27153057913155,0.0810632492357248,0.072439910640569,0.199382689363649,4.54898810420158,5.97425265472253,1.01342911174007,1.20610695360192,0.0922156487616739,0.128527176832794,4.54788460095288,5.97263599559696,1.01330431142814,1.20909929613077,0.0932153760157446,0.136576063217467,1.37909767887285,0.150628430766072
25.7,1.2334873524027,0.241730710511978,0.0552799570391433,0.372865449049497,4.67030396690635,5.98461284588739,1.02475803173164,1.2077974726084,0.14061731300627,0.0989246469231783,4.66966553257567,5.98726165228769,1.02405848538638,1.21780931622788,0.146256566907257,0.107541739582351,1.40426220459871,0.251645257258538
25.8,1.0666562484524,0.236835102102904,0.0491329491513307,0.291356117639173,4.78544049043576,6.00493126628819,1.03115223150373,1.16779412095369,0.17990928374612,0.0865762429521939,4.78604814034933,6.00512225666397,1.03272663111493,1.16382607773664,0.178606043762845,0.0866814572855582,1.43123176943277,0.269695648340644
25.9,1.14715248928263,0.0647379212261328,0.10272772677379,0.372259754319341,4.90287860767531,6.01939113286738,1.04048279183885,1.16368128514309,0.142162700443302,0.101162174194399,4.90183526282107,6.01891614237823,1.04196785789664,1.15787122471735,0.137938857142591,0.0924122678170696,1.46286333908405,0.316315696512779
26,1.16913145702442,0.253155681115215,0.169977924601093,0.314121067805546,5.01638572043096,6.03617230947711,1.05284502349558,1.17521439431938,0.173347778512524,0.122221255664982,5.01802453644663,6.03682491466294,1.05397928670635,1.16189273625559,0.179087722847099,0.120114288097078,1.494395152885,0.315318138009491
26.1,1.0938237373428,0.236180745521395,0.130549360227218,0.371208794714942,5.1320700522019,6.05511843597274,1.06720181514782,1.13777683739695,0.192863156212233,0.122932652851222,5.13178277439673,6.05677272347173,1.06636339666356,1.13758237950102,0.199478088087919,0.123841099572128,1.52846745108165,0.340722981966514
26.2,1.04372182133013,0.127448129343282,0.018609151491113,0.262035474169967,5.24107969806992,6.07176623120752,1.07890764647136,1.1076441117442,0.171355493302676,0.0745638613513838,5.24218884955501,6.07414803375393,1.07498922276074,1.10406075158285,0.173753102821977,0.0862582609717654,1.55896304437846,0.304955932968084
26.3,0.850780723793095,0.0603644681554222,-0.0456324734398144,0.355174861287591,5.34171939993226,6.08764797803263,1.07796766609534,1.01196182685121,0.136336147121199,0.0373818460642441,5.34354920943509,6.08747374994089,1.07890466548607,1.01360359880079,0.133257161869636,0.0391544272533441,1.59174131623524,0.32778271856786
26.4,0.830454904415541,-0.0516084980431279,-0.0596255797537648,0.0630915390872954,5.44020682373843,6.09331619269134,1.08024343970872,0.948498662027675,0.0704957010464088,-0.000581580204945087,5.4383685445157,6.09419712113097,1.0792922508183,0.94819335080606,0.0672337119007919,0.00387585332223378,1.61248817084291,0.207468546076694
26.5,0.799961010818158,0.0256458939614201,-0.0552323195234631,0.0931130025612427,5.52569369791746,6.10009805410911,1.07838691317202,0.89882169826683,0.0373491261387346,-0.0234641802336039,5.52789386745388,6.09943521310893,1.07756882997746,0.895253229381809,0.0523809197795877,-0.0172342084083722,1.62803704619988,0.155488753569671
26.6,0.620820916615557,-0.0442500926869814,-0.0259074909300465,0.0148667706305183,5.60532179947012,6.10124585599454,1.075283177426,0.803854844280852,0.0215568502671017,-0.0185958756583955,5.6076180363647,6.1012221974988,1.07553564904656,0.797241689108148,0.0178698438986702,-0.0203318093089702,1.63719401324143,0.0915696704155106
26.7,0.414285476137663,-0.0954285634387926,-0.256748037178702,-0.117794640776348,5.67489009398013,6.09741786235504,1.06471045103528,0.666644167724012,-0.0337145648727431,-0.109241627284051,5.67366519766942,6.09896281019804,1.06505903140603,0.66047161304726,-0.0225938730075665,-0.104766176405303,1.63683442068335,-0.00359592558078885
26.8,0.379490938335054,-0.368709436803464,-0.230035213377796,-0.171049478010604,5.72842390775958,6.08835200218322,1.05116829370354,0.557779156297401,-0.147751817545535,-0.157453591674255,5.72967733487728,6.08434215276172,1.05010851958791,0.560121372078615,-0.146206574363244,-0.149505118181193,1.62886330301483,-0.0797111766852501
26.9,0.287654676740463,-0.414260889690567,-0.192063743432363,-0.18294549464005,5.77694188820136,6.05999307641622,1.03307788829896,0.455190541522938,-0.247385586298871,-0.159750329716081,5.77595851868021,6.06014812692085,1.03363805686797,0.462811838029275,-0.241940258408717,-0.164704627199468,1.61619971634836,-0.126635866664705
27,0.194069929076158,-0.436283937396006,-0.196130855958158,-0.327081434015798,5.81078859804943,6.02755093509394,1.01412555996379,0.374159700610452,-0.305724662204289,-0.181326878819127,5.81264177716338,6.02901325540186,1.01604522883521,0.366832584831733,-0.311348715189891,-0.175928280327572,1.59442496752956,-0.217747488187929
27.1,0.0743606022242412,-1.35,-0.0204612940697423,-0.314669160620326,5.83914207719184,5.96096863537863,1.00349553603618,0.266576109378918,-0.677785955357852,-0.126302100466034,5.83887960769629,5.96078369513965,1.0040047931688,0.262378305329057,-0.682295602622073,-0.120404356664061,1.56824468814566,-0.261802793839018
27.2,0.0380280309528237,-1.35,-0.123180885934174,-0.234919187789237,5.85848156851132,5.86788350353187,0.991019031361188,0.183587024215107,-0.924304455778282,-0.122855993861382,5.85710492843004,5.8687075492568,0.991865195742749,0.182253207337545,-0.920761458828476,-0.12139597426053,1.54328639085493,-0.2495829729073
27.3,-0.0767019346240508,-1.35,-0.130016106689183,-0.400756265142637,5.86662488639788,5.75943071381164,0.98169854372607,0.0778150600236571,-1.068452400945,-0.127554045101405,5.8660818512366,5.76130145547497,0.979417736444244,0.0897692280655467,-1.07406093781831,-0.124474592985049,1.51145658028078,-0.318298105741544
27.4,-0.0127223477250773,-1.31247953050366,-0.0753441791004836,-0.328062499712561,5.8727018810798,5.6417101853242,0.969969408551792,0.0496040224363298,-1.16270573952583,-0.111405223129955,5.87139836062206,5.64538041195438,0.968724934784474,0.0531650938546096,-1.15921043520593,-0.106928016597704,1.47918293361703,-0.322736466637461
27.5,0.0330908355137437,-1.18122944657459,-0.0750995789754713,-0.350742392175951,5.87713901664559,5.53037418170404,0.958940432490319,0.0355897452549585,-1.17297765884443,-0.0933982749194186,5.87599793220963,5.52867297517062,0.959168863039783,0.0459957158757289,-1.1670743678376,-0.0955607174469067,1.4456362903379,-0.33546643279132
27.6,0.0175733410516771,-1.09208678053295,-0.0648601279783757,-0.210758030801154,5.88168111157651,5.41781337058773,0.951031153896378,0.0389961217639538,-1.15378652044453,-0.0797755297498696,5.87958241898206,5.41464366650488,0.950709240918968,0.0358448677242819,-1.14029308665737,-0.0845962212081457,1.41775821078559,-0.278780795523063
27.7,0.219823139719137,-0.902393591321601,-0.0512448181239116,-0.110430774907629,5.89279957610277,5.3079654738072,0.943939367814696,0.110140134234614,-1.04623570750162,-0.0742040924544902,5.88973755832573,5.30911076838685,0.943440740336877,0.10155139343673,-1.05532898118031,-0.0726850058209192,1.39753240489762,-0.202258058879684
27.8,0.197266538329633,-0.721295939131047,-0.0567160362474386,-0.177906203424197,5.90344016229532,5.21729192545512,0.937950512407335,0.128165052194111,-0.930504754052013,-0.0720281812445913,5.9033110957013,5.21550762177058,0.936742560096695,0.135735373755624,-0.936031466162714,-0.066981802401819,1.37841350153036,-0.191189033672644
27.9,0.242946410880445,-0.590709759577072,0.0366797955764576,-0.0769486781956851,5.9234700238591,5.13501757402928,0.932978250294863,0.174125240973114,-0.815376415593056,-0.0306528292054804,5.92071359868846,5.13423739324665,0.933746579784308,0.174025029871632,-0.812702285239271,-0.0299598031238631,1.36448734159387,-0.139261599364936
28,0.20804607769341,-0.510608774413084,0.0384346832816367,-0.0203358681837759,5.94126613033893,5.06491086591158,0.935993303527963,0.186297899647115,-0.710876434874569,-0.00536229786281218,5.93933113909783,5.0637562186808,0.93319325970069,0.186175404093695,-0.70481174565849,-0.0055332008361846,1.35596689671106,-0.0852044488280448
28.1,0.285631880596367,-0.405045260363089,0.0267453605094724,0.0555523113691785,5.96314092164689,5.00429833464307,0.932757445899624,0.216376172024177,-0.598784410677352,-0.00148368109763169,5.96150069652515,5.00398099001836,0.933792745379416,0.221695574273221,-0.597752286624418,0.00599485678726434,1.35384448638268,-0.0212241032838524
28.2,0.297970262331086,-0.261808334383693,-0.000376496897333031,0.154810064885197,5.98576198931326,4.95428909443026,0.93507125980285,0.238222718505415,-0.478895506477789,0.00802964581874377,5.98639434995454,4.95620375965023,0.934164682712264,0.248936534293887,-0.477772303681302,0.00371937332847956,1.35972362915289,0.0587914277020793
28.3,0.320435801948139,-0.323164593949685,0.153768347552418,0.26570855396441,6.01353736488645,4.91138544688421,0.939278454447152,0.269218974471316,-0.426271423628543,0.0559140220462898,6.01384154865729,4.91394823320109,0.939895511981681,0.274471987027548,-0.422555264491439,0.0573082926941719,1.37500809584411,0.15284466691223
28.4,0.420180483689455,-0.0990822870056774,0.197192966456876,0.283355695244247,6.0477141009124,4.88449195329387,0.949286202760334,0.325954816661925,-0.318308667588592,0.108793983673704,6.04649262224083,4.88324531309072,0.95062222245691,0.326510735835372,-0.307029201103667,0.107267104752281,1.39622488200497,0.212167861608601
28.5,0.334843103274593,-0.250830738597956,0.243439092134142,0.367967386331919,6.07938449418365,4.85476284153075,0.967406560212132,0.32753380634869,-0.271786371347808,0.16078386277991,6.07944128037577,4.85454948092699,0.966212218195776,0.32948658134938,-0.286958321637341,0.15589995738866,1.42452346474416,0.282985827391928
28.6,-0.273596273685946,-0.9738792925355,0.132193102905174,0.322743682226996,6.0923724229262,4.79889144800461,0.981156927939737,0.113979269006168,-0.522465639281886,0.14711909033582,6.09085126511659,4.80132075694546,0.980955540560231,0.114099847408192,-0.532287239815255,0.147433223644558,1.45462922270313,0.301057579589686
28.7,-0.329522664615916,-1.09510851053772,0.0953764647740007,0.290786291605977,6.08516067532428,4.72869968400782,0.993312532151068,-0.0381264228044638,-0.731959553212106,0.128648334588002,6.08641758871369,4.72799127329528,0.993839692965024,-0.0443367640289895,-0.733294836501848,0.12884152404793,1.48426810393557,0.296388812324364
28.8,-0.374835728341078,-0.912003420300173,0.246790901694102,0.230713692656659,6.07085996077506,4.64819096874711,1.00831395342879,-0.158426855501761,-0.786722350915045,0.166171350986563,6.07018037787107,4.64827934022372,1.01093632314289,-0.162372108426164,-0.797119330715535,0.170966301778706,1.51092175245583,0.26653648520268
28.9,-0.516307743717385,-0.981281670014711,0.0944714735152943,0.286708814961368,6.04124649176587,4.56289212920708,1.02360681986573,-0.293307877774051,-0.857208343849337,0.145825394459463,6.0413026086252,4.56199018074863,1.0253009951685,-0.288777692458743,-0.862891594750955,0.143646720256059,1.53849232505604,0.275705726002084
29,-0.512849508234302,-0.881187478501126,0.0584100442068483,0.278839628202433,6.00686386316191,4.47532188502746,1.03723672181212,-0.374236194388778,-0.867461679542371,0.117650854028407,6.0044222745302,4.47504759685388,1.03662150019235,-0.368803340950014,-0.869425838947445,0.113205050238484,1.56620534775627,0.277130227002242
29.1,-0.589713925316485,-0.892453208783989,0.0842662552419167,0.189263589025181,5.95847982802264,4.38628699007989,1.04573932217708,-0.452057356574476,-0.881615138410334,0.103974863317781,5.95965227670782,4.38728260689355,1.04690847682346,-0.447699978223754,-0.877649899603354,0.102869766311138,1.58992443236662,0.237190846103578
29.2,-0.601792506141684,-0.827742481690785,0.17129429149756,0.00369337714646759,5.90809791163194,4.30075811413907,1.06189224945687,-0.497582853445185,-0.86271019808436,0.125788661426558,5.90937897431695,4.3013000247158,1.05963918649695,-0.502733023908729,-0.859825821777436,0.12730709673486,1.60302999566075,0.131055632941255
29.3,-0.651688627395894,-0.792072700739444,-0.0429574909946592,0.140577451897823,5.85282572910537,4.21783078656719,1.06779956870767,-0.56240958222406,-0.836221744367019,0.0754588526276275,5.85378582894439,4.21773719686085,1.06628901803724,-0.555931453725574,-0.835628278549582,0.0664983154028891,1.61656836890745,0.135383732466968
29.4,-0.788404046362018,-0.883773836908964,0.0843958994724002,0.074201728304262,5.79142326408261,4.13276516391311,1.07290667191932,-0.649806846394296,-0.84940299862942,0.0750360728273002,5.78989009097767,4.13245488477877,1.07357804900858,-0.638957379667161,-0.85282312082079,0.0728903097134288,1.62732574196493,0.107573730574829
29.5,-0.684815797283202,-0.78606112522027,0.0689963553207098,-0.114856152788584,5.72265835468752,4.04930766695761,1.08186370555328,-0.648712507374587,-0.826197217241215,0.072603074293369,5.72435655238181,4.04955692968242,1.08072801018018,-0.655335385958604,-0.828979550963461,0.0714996117160291,1.62797266577862,0.00646923813691389
29.6,-0.540447763378763,-0.699913802426169,-0.0413508029346458,-0.150640071924571,5.66301103960967,3.96980779001385,1.0852385438312,-0.600833819371447,-0.785171396278281,0.0350067810091845,5.6629261431638,3.97126846560526,1.08384759939998,-0.61430409218009,-0.782884640771571,0.0311958921979309,1.62147825731679,-0.0649440846183066
29.7,-0.463093004175895,-0.455428819682258,-0.0508381561901018,-0.29424543873387,5.6058969514341,3.90731975660217,1.0849323825782,-0.563577785842145,-0.660701494437782,0.00251753518722424,5.60689612994595,3.9046748522813,1.08403740117734,-0.560300132178591,-0.665936133239674,0.00189801777363352,1.60456106003152,-0.169171972852654
29.8,-0.34011302793437,-0.533851587733731,-0.0589679562024444,-0.269909418040067,5.55594510290416,3.84195586988154,1.08355908404568,-0.473281313044091,-0.613836339015655,-0.0153607348488373,5.55872994187967,3.84279854415397,1.08205341816984,-0.481661880662798,-0.618763081273266,-0.0198398300749657,1.58306488796501,-0.214961720665114
29.9,-0.0787390505570399,-1.35,-0.145087904570333,-0.455614624702987,5.52324471336078,3.75772801722333,1.07421011951462,-0.342113804137043,-0.8738661270974,-0.0567257882164279,5.52495385488859,3.7548066317864,1.07559628964466,-0.337760869910742,-0.879919123675671,-0.0645712852518825,1.55062994753314,-0.324349404318693
30,-0.017673374005232,-1.21396983832607,-0.131117938181449,-0.410298017210072,5.50396377023588,3.6552617443225,1.06605593743976,-0.23204310850095,-0.997461694653296,-0.088263507136849,5.50260946417986,3.65488433675275,1.06676249494341,-0.223443907087345,-0.999222950336527,-0.088337947012442,1.51428825196985,-0.363416955632956
30.1,0.0767344775757587,-1.18696293638563,-0.0991511457539879,-0.420629750158338,5.48818679685035,3.54860590214052,1.05740016802542,-0.111952790845761,-1.06572563063753,-0.102730265307042,5.49098573006623,3.54825704221734,1.05754251457283,-0.116237341136237,-1.06627294535406,-0.0921998037058512,1.47534597483722,-0.389422771326312
30.2,0.0478177578027434,-0.947912511838064,-0.0936848018006772,-0.341215710154457,5.48622967399974,3.44464305125039,1.04639346329743,-0.0582307224774679,-1.0275178547469,-0.0959395928127402,5.485221106629,3.44585690602179,1.048269498556,-0.0576462343723153,-1.02400136195549,-0.0927301601682891,1.43859492775785,-0.36751047079365
30.3,0.267592663715027,-0.792268819823797,-0.206799430729458,-0.293576518846644,5.49148240526404,3.34879183391749,1.03435546716324,0.0662695329639102,-0.940761423017963,-0.139967849322759,5.49107215812346,3.35173293204523,1.03492258001913,0.0585105149445926,-0.941239739765601,-0.133469185368706,1.40520451485789,-0.333904128999556
30.4,0.106243177477292,-0.707755764217774,-0.136071381560433,-0.282779292114397,5.49744075892434,3.26630972899345,1.0210461712148,0.0734735238879191,-0.864796845767065,-0.136516174232737,5.49862794756552,3.2659476714811,1.02148272590398,0.0755578944205567,-0.857852605641377,-0.134398541151466,1.37413795817999,-0.310665566779029
30.5,0.159931197882739,-0.629618678343404,-0.0792856744529219,-0.185669502389598,5.50726773660498,3.18828477144468,1.01110448732081,0.110712019467887,-0.77511539754679,-0.127737345294671,5.50919706927408,3.18831362260617,1.01001118845664,0.105691217085622,-0.776340488749244,-0.114715374473415,1.34875304079252,-0.253849173874742
30.6,0.160045990857105,-0.523900297109598,-0.132974470642351,-0.139724577208824,5.52128649201651,3.11991031368073,1.00026361422872,0.121809818956708,-0.69073976507614,-0.127795567110957,5.52170743290305,3.11969529486124,0.997887540431835,0.125103636289723,-0.68618327744937,-0.121236480248035,1.32855560507168,-0.201974357208416
30.7,0.158578320260679,-0.394049332620518,-0.0776594885776297,-0.00732757122301778,5.53743879485401,3.06266282035277,0.985291614985626,0.136909138398419,-0.589386744991245,-0.107611755500754,5.53541332095956,3.06151032228876,0.987320213538117,0.137058880565064,-0.58184972572478,-0.105673268937176,1.31720575053199,-0.113498545396871
30.8,0.0447143533155756,-0.339640038827538,-0.0641058317830842,-0.0041317852734816,5.54630144902665,3.01312602388353,0.977266227025013,0.093186712196665,-0.499730216924409,-0.0950364024798727,5.54582119018573,3.0119756956769,0.978237437971332,0.104078692261676,-0.495346266118622,-0.0908277556678573,1.31082711236155,-0.0637863817044214
30.9,-0.0248065935631288,-0.388373127676798,-0.104028334784102,0.104206995181874,5.55611413927044,2.96688877387201,0.967268705585452,0.0550992583751071,-0.45548438489187,-0.0989930729683495,5.55162601348958,2.9662615382951,0.968683213150394,0.0580482330385311,-0.457141573817971,-0.0955422482093733,1.31208453677685,0.0125742441529854
31,-0.165504966050648,-0.358294018609068,0.00653783802198139,0.267893312217017,5.55057597952905,2.92274406554743,0.962725983590591,-0.0164861132287505,-0.423602102028596,-0.0572729842737768,5.54944679396882,2.92407765074219,0.962774705694863,-0.0217921952076043,-0.421838875529077,-0.059085074555318,1.32494737337687,0.128628366000272
31.1,-0.168740096614766,-0.28118682461418,-0.0632054630875501,0.314829740992721,5.54295504009285,2.88755905436435,0.958156288763782,-0.0814617688204717,-0.370393324788171,-0.0734019307513705,5.54201943511209,2.88691705072196,0.956719041506037,-0.0742735885673049,-0.371606000202328,-0.0605566418882581,1.34627390884019,0.213265354633203
31.2,-0.226124786915421,-0.40939142450392,-0.0875895929592628,0.27311161576538,5.52914987442469,2.84949504407627,0.952469698936933,-0.129541853525117,-0.387375430804645,-0.0677291639823358,5.52916881917149,2.84840697126238,0.949697914778961,-0.128506159405918,-0.385100794595754,-0.0702112672707598,1.37032072890043,0.240468200602375
31.3,-0.342124948932084,-0.282916334185746,0.0936926422040938,0.339589158360754,5.50702557406637,2.8130294260999,0.948360849961884,-0.205963673387172,-0.348039770034185,-0.0114372301061658,5.50868896074783,2.81354633681745,0.948530499104558,-0.204798584236691,-0.348606344449322,-0.0116741567440263,1.39887304704059,0.285523181401638
31.4,0.204438755693306,-1.20873987418949,0.081263271606395,0.287386033353643,5.50395277974124,2.7493469165104,0.951238310658114,-0.0559032025336872,-0.657531891185619,0.0335057534700886,5.50282472160737,2.74796664773894,0.950682277299813,-0.0586423914045496,-0.655796890785097,0.0215177819525527,1.42751004026949,0.286369932288913
31.5,0.230889043429931,-1.24472158954945,0.0171132864078622,0.309794836972452,5.50832735692429,2.66160061902947,0.951693456252234,0.0265746906884591,-0.869451729494214,0.01381126436362,5.50730089085386,2.66135393370456,0.952676752082758,0.0447616924649077,-0.866127140343795,0.019944747829449,1.45721180189308,0.297017616235976
31.6,0.155580126861727,-1.09989332050379,0.0354311051454254,0.198135805944385,5.51601749648226,2.56532061250063,0.956364446840521,0.0854300499411969,-0.948766196614583,0.0339899023346283,5.51573486132881,2.56639242752161,0.955224311055559,0.0843397047494859,-0.949615061829507,0.025475589728012,1.48241893577615,0.252071338830707
31.7,0.262570320573173,-0.993250150293531,0.0565514207840132,0.173328126450817,5.53072805423351,2.46634212058128,0.959949978060389,0.156415084650954,-0.966211345142899,0.0416025074259776,5.53053421094032,2.46987252532209,0.958881721137504,0.147993496115089,-0.96519902199523,0.036574100819441,1.50404683273287,0.216278969567121
31.8,0.235610881945932,-0.953721622684296,0.111965991972005,0.274254439367958,5.54784248875469,2.37456098473185,0.965342132237965,0.167897522875462,-0.952565755344823,0.0721145690648959,5.54846275290293,2.37376253024081,0.965231698760611,0.179285419626104,-0.961099950812754,0.063499776231071,1.52830997831689,0.242631455840229
31.9,0.349880746718848,-0.886183069619901,0.054463999208074,0.135401886623019,5.57243967309203,2.27775273942583,0.971499966093138,0.251945483819496,-0.933646490798729,0.0505457410799839,5.57248398511885,2.28032813805928,0.971258970061468,0.240212322159227,-0.934343921815306,0.0602727130085721,1.54769905257286,0.193890742559679
32,0.232200634016499,-0.810224409642907,0.157533396417939,0.013604360954992,5.59662403255613,2.19144656671778,0.982197048001929,0.243406782578669,-0.89013673480511,0.0904227639443139,5.59621908561539,2.19132658559819,0.980759837198374,0.237351004965395,-0.890015524610878,0.0950086713690603,1.55889329130134,0.111942387284821
32.1,0.407317255275473,-0.563137117232536,0.0394381843867107,0.022968039476034,5.62354172357991,2.11567822827415,0.989401278979515,0.298856761239812,-0.776007251745421,0.0791882974112869,5.62602440933729,2.11399926197205,0.98827604408591,0.298053237218995,-0.77327323626147,0.075162068875364,1.56604324149306,0.0714995019171907
32.2,0.326200806758998,-0.588066566526125,0.0903499700622288,-0.0930260616476345,5.65848681722749,2.04519384697113,0.995956955982088,0.307105214456122,-0.706141321140329,0.0679103505011643,5.6568350033999,2.04328646226502,0.996334676015835,0.308105940626139,-0.707127997070275,0.0805863192992443,1.56571475697728,-0.00328484515772984
32.3,0.393533865380467,-0.391828910447985,0.177660747693176,-0.142727741657129,5.69062813055692,1.98226803225216,1.00839743164026,0.338154573831724,-0.587817020712805,0.108568528127827,5.69069659477517,1.98383434422307,1.00786025181697,0.338615913752685,-0.594521180419457,0.115255758011363,1.55904795898427,-0.066667979930184
32.4,0.450554768962857,-0.315856842127916,0.109117367370933,-0.25847346159531,5.72716006992955,1.93623873285947,1.01941656690074,0.379697037677621,-0.500934224945422,0.112562457712379,5.72855600240795,1.93433452397725,1.01916659938095,0.378594076327746,-0.494998202458192,0.113063475639781,1.54366273000647,-0.153852289777969
32.5,0.444377788561077,-0.148873097764103,0.0802431112173569,-0.299595941567215,5.76857238102291,1.89672432631132,1.02803903107919,0.398369050484045,-0.373825628843849,0.108319096592745,5.76876482833477,1.89719631461337,1.0293007910727,0.402088259268221,-0.371382093638875,0.101341916917487,1.52165278958371,-0.220099404227626
32.6,0.301800577629864,-0.281137858813801,-0.126894344507545,-0.329728095314902,5.80452866444958,1.86331393134649,1.03208346684546,0.367961309096786,-0.33722217104051,0.00948916051696415,5.80539195134594,1.86328111363609,1.03128368771355,0.366271230111665,-0.339152009772777,0.0198289664085469,1.49465972683879,-0.269930627449115
32.7,0.262863547330697,-0.23141222254968,-0.0910947672651611,-0.306902345656821,5.83772111174942,1.83343665897663,1.02995789297673,0.328879919876544,-0.299799645254156,-0.0246600224522076,5.83832594282921,1.83321376220249,1.02930502243749,0.329339914832748,-0.300673514335957,-0.0197866527606346,1.46598613144808,-0.286735953907163
32.8,0.314065300660783,-0.116288985803164,-0.0260126527803594,-0.488408992037453,5.86973000201133,1.81040676891088,1.02899432509542,0.312200921966998,-0.232807077648997,-0.0276141398922725,5.87071441237777,1.80973157250221,1.02710400001786,0.323884695485618,-0.234821897002817,-0.0220102241962506,1.42814557977871,-0.378405516693659
32.9,0.0249840561575103,-0.966832470192221,0.00480491763697554,-0.294826252262296,5.89056761193696,1.75934550232318,1.02700824607174,0.221299598046295,-0.49376256744371,-0.0141686017228633,5.89242785909319,1.76010614804517,1.02586066123514,0.217134467154151,-0.496254244570461,-0.0124333878272412,1.3941040855835,-0.34041494195213
33,-0.0879138151406374,-0.828353348902388,-0.029002370233429,-0.294450885367333,5.90549183543361,1.69898718698937,1.02287456056899,0.122584630444619,-0.628004690147908,-0.0206225372215332,5.90324672429808,1.69862004129055,1.02402557308077,0.108188652048869,-0.614861067546149,-0.0183508815437369,1.3621518666876,-0.319522188959041
33.1,-0.137469377480178,-0.840354671686291,0.0354262889383409,-0.179790336468227,5.90634405736141,1.63088217631501,1.02370717753456,0.0154879073557424,-0.693719576375775,0.00235518451639754,5.90529208844835,1.62908059153093,1.02411109815789,0.0204536415027808,-0.6953944975962,0.000855250771290908,1.33655109563218,-0.256007710554125
33.2,-0.0317642621554524,-0.846525524468588,-0.110106844194193,-0.202066523885463,5.90414463875535,1.55526347430577,1.02035534932015,-0.00305875396096525,-0.757657637752904,-0.0336696292729719,5.90547252746798,1.5541436050973,1.02023369127197,0.00180439019626895,-0.749369864336338,-0.0387740688592392,1.31340219669807,-0.231488989341097
33.3,-0.161560262223445,-0.832188917039727,-0.107832966992364,-0.0849144089943317,5.89906365103516,1.47448324504189,1.01225196911492,-0.0481204536006159,-0.784703366569348,-0.0641627391159463,5.89981851461547,1.47624879535283,1.01388989516701,-0.0565401285250576,-0.778948097444691,-0.0634379610496408,1.29691577868882,-0.164864180092567
33.4,-0.171931521295152,-0.7451401290365,-0.139770389321971,-0.0772161231400619,5.88900937340774,1.39832254135204,1.00426161295713,-0.103743348785364,-0.771101212117818,-0.0883359459635534,5.89004338059261,1.39956141305151,1.00481994090946,-0.0977513402286627,-0.766873823013195,-0.0906995425754731,1.28441336326831,-0.125024154205065
33.5,1.35,-0.594034541605818,-0.0706607256095923,0.0631280287852747,5.93239946945892,1.32918945448407,0.99973447543021,0.411487490497567,-0.698240927332823,-0.0709937227259785,5.93197365157791,1.32904686222902,0.996465658686408,0.419302709853003,-0.705145508224846,-0.0835428222305157,1.28046331980191,-0.0395004346640015
33.6,1.35,-0.62752734995424,-0.14405572265515,0.146209608778593,6.00589551640225,1.26049979027521,0.984261920181842,0.752755799193484,-0.677696935671411,-0.102628097351722,6.00714311149703,1.26130438848763,0.985950201448191,0.751694599191216,-0.677424737413915,-0.105154572382171,1.28495464194654,0.0449132214462687
33.7,1.35,-0.589198149068202,-0.131408619661721,0.229264534384639,6.1034281708599,1.1949219630799,0.974053776062974,0.966324784131489,-0.637514235001022,-0.114695650944159,6.10368062144504,1.19671286433002,0.974497099664276,0.965375099480067,-0.64591524157616,-0.114531017839153,1.29782556922472,0.128709272781891
33.8,1.35,-0.542603402596291,-0.209275769954356,0.344445050990106,6.21496639916667,1.13646086550886,0.959150340259081,1.10873652183419,-0.615919480669749,-0.139695506099451,6.21395473498304,1.1358110487074,0.959660256733389,1.10274113538004,-0.609018156226207,-0.148368429308868,1.32050266823965,0.226770990149262
33.9,1.35,-0.598603752686657,-0.158833156298341,0.274183066714639,6.33370949433568,1.07424862711033,0.945963123984151,1.18224559051169,-0.609804726617029,-0.154570302559258,6.33305952225747,1.07528117606833,0.944449673552878,1.19104787274431,-0.605298726390653,-0.152105831805109,1.34533486164391,0.248321934042615
34,1.35,-0.592056053799751,-0.0310972094586026,0.40529994178287,6.45668383131668,1.01645539523291,0.933775606643156,1.24457920555761,-0.603308971438568,-0.114502849721343,6.45784117121961,1.0152242560218,0.933560826884742,1.24781648962134,-0.600569200465331,-0.108888466681356,1.37730241903637,0.319675573924549
34.1,1.35,-0.504888511791034,0.00586762084115373,0.334966563313583,6.5833316995173,0.958648932332804,0.925908990141939,1.27807440301077,-0.565158453915631,-0.068479251391373,6.58627223126669,0.958584503427917,0.926770411913839,1.28431060047086,-0.566397525938796,-0.0679041497090314,1.40996502140105,0.326626023646837
34.2,1.33244573124774,-0.481047756008937,-0.030889853369164,0.360986652724568,6.7145337324046,0.905609186155637,0.92116258040528,1.29824538418124,-0.530664674348074,-0.0471147872763259,6.71642240312724,0.904992956902961,0.921301936097931,1.30150171860546,-0.535915465249561,-0.0546847581590788,1.44418947054199,0.342244491409442
34.3,1.35,-0.457835610190517,-0.0407910841731538,0.256557281528816,6.84859937301552,0.857142539007148,0.914388537532024,1.31269602314275,-0.497728902272229,-0.0472786030643293,6.84830465646616,0.854189976630114,0.916329662924378,1.31882253338923,-0.508029802728474,-0.0497227317355341,1.47451904650655,0.303295759645521
34.4,1.15955230626257,-0.333854094408405,-0.0390564001997795,0.265335862952512,6.97630449252201,0.810811919891329,0.910605571948559,1.24657115887293,-0.431575579063788,-0.053960621378303,6.9744986874077,0.809607557368697,0.911738330162816,1.26194030941542,-0.445824192614163,-0.0459133276156218,1.50312317262142,0.286041261148699
34.5,1.17327436967176,-0.332671511907604,0.00707521669911863,0.100950863093596,7.09884815145037,0.772549552928793,0.905967434150273,1.2373804306329,-0.408244757048858,-0.02343957328289,7.09752607764412,0.769066305275372,0.909039445412494,1.23027390236411,-0.405412520933249,-0.0269888475032145,1.52331409882469,0.201909262032743
34.6,1.0528647512162,-0.177710279421616,0.042070627767869,0.213121105986845,7.21367720187399,0.739647917883072,0.910339894914428,1.18174536709199,-0.322313046689811,-0.00434415759184284,7.2142174267681,0.736657276093177,0.908806970493283,1.16691349123986,-0.324090291821952,-0.00232474919211324,1.54401465429861,0.207005554739153
34.7,0.913204500105459,-0.026065219318374,0.0827318984025772,-0.030504361776008,7.32173442909239,0.713457516647164,0.912029338596825,1.07200635522326,-0.216169548003768,0.0294959525040383,7.32184774049443,0.714891999500396,0.911612232988168,1.07630313726329,-0.217652765927817,0.0280526249488476,1.55391930447638,0.0990465017777161
34.8,0.7512544640929,0.0505012645872156,0.0452758639846562,0.0392985005669541,7.41769909409426,0.703075900960799,0.914627473944341,0.952149026850517,-0.1316217687302,0.0398518969708659,7.4178691730361,0.702703652568865,0.915032611162903,0.96021432541672,-0.121883469315305,0.0342037817473507,1.5611081364173,0.0718883194091879
34.9,0.64424377640214,-0.0183986320235538,0.0712277120156746,-0.0441502471103379,7.50429491277621,0.691648416908227,0.917945263641561,0.848561803440636,-0.0929449880788595,0.0432445267975389,7.50260594311297,0.694211192683468,0.919775272561506,0.847367700768656,-0.0849245988539654,0.0474266139860378,1.56302248806187,0.0191435164457671
35,0.393647836855347,0.0763916972340444,0.109675361893875,-0.206555115470623,7.57278746708507,0.691605034166108,0.925899345112167,0.687834486035416,-0.0280185598325373,0.067200658260593,7.57113843233579,0.691480029086929,0.926741103528247,0.685324892228188,-0.0273116359653905,0.0696583096674081,1.55467781098298,-0.0834467707889558
35.1,0.250426244812842,0.154351568309284,0.0947512600992934,-0.235663744613923,7.62608286519048,0.694005764313492,0.934503562747175,0.538594114137363,0.0343329179150481,0.0915207712595071,7.62413882700806,0.695236837071629,0.934603111296127,0.530003946722707,0.0375680798469934,0.0786200776787957,1.5394141805484,-0.152636304345759
35.2,0.211926128210759,0.195603834464153,0.198095783291464,-0.259757136499161,7.66646984930701,0.707181170384592,0.947473757564764,0.416539526230858,0.0973615924326881,0.121438721924661,7.66577929959062,0.704637779149798,0.946732108550173,0.416404725825583,0.0940094207816933,0.121289972540463,1.51928142137958,-0.201327591688215
35.3,0.157808518744874,0.189931288736851,0.176945639246135,-0.358423126613989,7.69747372807382,0.715098053101492,0.958502633045091,0.314901829016278,0.128656426119897,0.144261314105912,7.69818419334886,0.717464502226366,0.960848808186565,0.324048937582472,0.128267230765678,0.141166996363917,1.49200795607777,-0.272734653018112
35.4,0.112543165912163,0.146660826712885,0.141081509061222,-0.406920305026623,7.71968033498363,0.728330095535593,0.974380318483223,0.256736388638256,0.133362632916735,0.144762185112212,7.72303530954746,0.730948139443905,0.974962454705003,0.248511161985933,0.134836372175395,0.141136465184383,1.45863514295739,-0.333728131203799
35.5,-1.35,0.239566272494088,0.187889547694733,-0.384804216001917,7.691254234066,0.746942926158651,0.990269720644255,-0.318439917411637,0.167297717690321,0.168298741756443,7.69079674138941,0.748172130244255,0.99074585417024,-0.322385681580471,0.1722399080035,0.157833994652365,1.42294068961891,-0.356944533384762
35.6,-1.35,0.0755808087749369,0.266561727328279,-0.313338279320267,7.62137047954997,0.76272773501322,1.01189409328034,-0.693905414083554,0.134631690496994,0.203915369201419,7.62185766185924,0.761944010357871,1.01041238694533,-0.689390795301732,0.137718801136156,0.196665327750906,1.38922833873792,-0.337123508809991
35.7,-1.35,0.0882212972031746,0.0648230574407702,-0.30782328261203,7.52958386726636,0.772988844849993,1.02719290867069,-0.920310452017336,0.114073493207207,0.144393909760873,7.52932539644698,0.77394812247388,1.02537026720934,-0.925322654122542,0.120041121160091,0.149578802640143,1.35684781632046,-0.323805224174554
35.8,-1.35,-0.0055852436083405,0.16360350065457,-0.131687361716804,7.42209869018418,0.782236225200206,1.04150416753065,-1.07683218121619,0.075424230115587,0.155941756139685,7.42162608296768,0.781465578705303,1.0408290295453,-1.07699313479306,0.0751745623142227,0.154587623359582,1.33319992401472,-0.236478923057395
35.9,-1.33109766288574,-0.0171715287348456,0.0952685085241095,-0.264847005868294,7.30486203543546,0.786993788563295,1.05262049075119,-1.16846831848766,0.0355213710504389,0.126453443278992,7.30485160777077,0.785684960256401,1.05416925206571,-1.16774475196902,0.042193815510984,0.133402225204056,1.3082625733994,-0.249373506153258
