t,T,tau_x,tau_y,tau_z,x,y,z,vx,vy,vz,roll,pitch,yaw,wx,wy,wz,true_x,true_y,true_z,true_vx,true_vy,true_vz,true_roll,true_pitch,true_yaw,true_wx,true_wy,true_wz
0,0.574825361347356,1.22284861029596e-08,8.57952342736457e-07,1.81496103151706e-07,-0.00120608846070572,0.00054215616220458,-0.000759395338850925,-0.00134598916128679,0.00320106545535715,0.235616895864239,-0.00203446884360259,0.00300371377263721,1.57096204047174,0.00154699718757282,0.0136485571350516,0.00887641323391592,0,0,0,0,0,0.237111753506411,0,0,1.5707963267949,4.08450122431953e-05,0.00286569193014557,0.000448872793524485
0.08,0.554073218494849,3.5262373855265e-07,1.02215586339614e-06,1.51278031547838e-07,-0.00219342985404034,-0.000838027161301896,0.0180136504439638,0.00524038237018145,0.00279529421748001,0.427774044527034,-0.000733220314080948,-0.000146413825626518,1.5703959152688,0.011917329870078,0.00500486856858981,0.00554581943115869,0,0,0.0189689402805128,0,0,0.437330808608364,3.26760097945563e-06,0.000229255354411646,1.57083223661838,0.00121862611037315,0.00627984922572474,0.000823010813242759
0.16,0.528329686769307,6.3800334162294e-07,1.09946606547735e-06,1.11868752167493e-07,0.00135516714280667,-0.000383519654095007,0.0544961412363638,-0.00660850114517757,-0.00882899205545412,0.602160527826759,4.06240155846768e-05,-0.000804245913684441,1.57108307303384,0.00651227966149868,0.018259404842062,0.00329895051771681,0,0,0.053955404969182,3.06137087384502e-06,0.000215328836338527,0.591783560399486,0.000100772784556772,0.000731643077325268,1.57089807912677,0.00334950982419688,0.00995226202245906,0.00109968253468213
0.24,0.505351884579664,8.34510749629573e-07,1.06958997054415e-06,6.56068527581605e-08,0.000153044721500281,-0.000825705744851918,0.0990745232557758,0.000109167621764443,0.000563208507023252,0.708052437398993,0.00230533853537344,0.00153695370499839,1.57222276680674,0.0079598806313758,0.0103753253411874,-0.00926200784859135,2.44909669907601e-07,1.72263069070821e-05,0.101298089801141,9.35290946441611e-05,0.000872648575001914,0.705386665743261,0.000368797995214983,0.00152781516963364,1.57098613398604,0.00613659632929674,0.0135249592671642,0.00126194018517995
0.32,0.485149672013525,2.13043311597766e-05,9.09138335926161e-06,1.51917259328971e-08,-0.000208323183117918,0.00352947001219016,0.156261517845742,-0.0065064982149707,0.00962014021639172,0.776658781499364,0.00196533361406137,0.00143044936251821,1.57147086502664,0.081976793286039,0.0351393683705841,0.0010085381556584,7.72723724144049e-06,8.70381929072352e-05,0.157729023060602,0.000411362926648086,0.00219043104086662,0.783073906272606,0.000859880552234011,0.00260977460534455,1.5710874883505,0.0772958393152421,0.0438917861321222,0.00129951207978012
0.4,0.467466875323779,1.9618015536022e-05,8.16135531610909e-06,-3.64663767926032e-08,0.00380605916620827,-0.000970167895136001,0.219862086698362,0.00543569432114357,0.00889749717555735,0.82739068581243,0.00535866877846568,0.00649825423172893,1.56978209281808,0.135310427864614,0.0686560973974155,0.00861396512436187,4.06362713732874e-05,0.000262272676176564,0.22037493556241,0.00112533696517259,0.00435949473756131,0.829322991718806,0.00704382689246099,0.00612102680377831,1.57119446897786,0.14282140950692,0.0711547769653654,0.00120932411355734
0.48,0.452539735314327,1.7243811479893e-05,6.89411716456317e-06,-8.6505332803899e-08,0.00137378711590898,0.000202589215753341,0.284512973623016,-0.00394105798186788,0.0104029769771237,0.849178184621872,0.0184786909679013,0.010234113369793,1.57204501052845,0.201292494867371,0.0992339542308546,2.10295097921141e-05,0.000130663228587094,0.000611032255181469,0.286720774899915,0.00679019407287679,0.0092860560317422,0.849003047646576,0.0184703772608169,0.0118125862904638,1.57133131089338,0.200415961754138,0.094187025471529,0.000995380730111832
0.56,0.440105700905988,1.41299219062206e-05,5.28142467494903e-06,-1.33892240234937e-07,-0.00086338756990457,0.00182597859728018,0.35419454933765,0.00906964263783866,0.0117566474350283,0.844847784179907,0.0359028399975431,0.0189230865762808,1.57197515091171,0.248982394704978,0.109200560512043,-0.00211310686705003,0.000673878754417237,0.00135391673772084,0.354641018711641,0.0212358371711957,0.0185342813947564,0.84642514717213,0.0345062387091583,0.0193447923493754,1.57155010871238,0.247609430969943,0.111833385438306,0.000664240926767011
0.64,0.462506871897491,-1.93237441009079e-05,-8.5040434095632e-06,-1.79267731278301e-07,-0.00103920165241304,0.00162466486122249,0.422489912809072,0.0513803619159762,0.0295990036601005,0.887624965005868,0.0546845371217445,0.0292218627731025,1.57356519602327,0.183285344656736,0.0847184056591843,-0.00208526144164516,0.0023727457281129,0.00283665924930136,0.422355030485411,0.0495904351625218,0.0344511536180938,0.883216373094154,0.0543219922772067,0.0282843041269972,1.57191193875325,0.183063089549583,0.0834331933795793,0.000220879301198517
0.72,0.455819489086761,7.97008787971788e-06,-3.61214059391691e-06,-2.23987875462067e-07,0.00700468999126459,0.00740456725570951,0.493254078834787,0.0919491475835732,0.0611223902574908,0.906696400156541,0.0691221593956025,0.0346773975456836,1.57194599573108,0.207984388253429,0.0793562008794394,0.0034021132009146,0.00633998054111464,0.00559275153874886,0.493012340332943,0.093562828816888,0.0573834296450092,0.907243170023667,0.0689777916612556,0.0349481545527335,1.57229213738924,0.209683884180764,0.0713692257692448,-0.000333083354904533
0.8,0.442180930840954,3.49474205738456e-06,-5.36675752832505e-06,-2.59690389374694e-07,0.0130496932175073,0.00980509012280011,0.565425110641613,0.146478788859188,0.0832808535246357,0.90648482567925,0.0840612132012443,0.0397616208496429,1.57238806979723,0.228077139541061,0.0541155012340702,-0.00552193671238864,0.0138250068464657,0.0101834259103496,0.565591793934837,0.147702194831847,0.0848662574729123,0.906194368533613,0.0857653313480045,0.0406459517624723,1.57265929738136,0.221357523348287,0.05344147687013,-0.000975344805733839
0.88,0.432711168464663,-3.53021483949454e-05,6.18237125683406e-06,-2.83783998345954e-07,0.0265895692679014,0.0173896370918491,0.6367758400064,0.206856944603123,0.12312122139332,0.879971931713119,0.10390700773914,0.0454233371192585,1.57320149408546,0.109993811856311,0.084716725758898,-0.00936535987307559,0.0256411824330134,0.0169727265081826,0.638087343417526,0.213539414042376,0.116132940457091,0.887198140772845,0.103485665381463,0.0449122394467468,1.57294801977925,0.103444414875291,0.0740854869279467,-0.00167719412306392
0.96,0.448319633104343,-6.13992741181198e-06,-1.27964899710845e-05,-2.92440817015631e-07,0.0413551597735812,0.0247410998305908,0.708069095087464,0.297367323949226,0.150491226144051,0.893096798089648,0.112621663836603,0.0494490908746218,1.57194765371864,0.076984361341618,0.0392073803986409,-0.00462219993782223,0.0427243355564034,0.0262633617447499,0.709063194679354,0.295794890700057,0.151902165929224,0.894347515961895,0.111782736617829,0.0508212310895462,1.57342729407847,0.0829396036838037,0.0313383894487185,-0.00240045332364668
1.04,0.384277437012149,-3.33328606214511e-05,1.1429725421418e-05,-3.00568472158967e-07,0.0669121047586909,0.0402490709194937,0.779877266785927,0.36556178346642,0.178756274324541,0.786173273531292,0.118512335351365,0.0522758534232626,1.57448851216107,-0.0247218504133946,0.0810543801243592,-0.00694128185431487,0.066387926812408,0.0384155350190878,0.780610995956305,0.371910436807483,0.186590031685596,0.78756713825296,0.118422423063671,0.0533340768072606,1.57351623518711,-0.028395134810927,0.0695098356164811,-0.00314381369007069
1.12,0.445791414144684,-1.78506466534873e-05,-1.68832180556704e-05,-2.77219211484852e-07,0.0948041494672019,0.0537658014026646,0.842960401170446,0.472460340916108,0.230408660247144,0.781889291740416,0.11393759978925,0.0583781943884843,1.57528105840466,-0.086737609760191,0.0100963595871918,-0.0124347850193454,0.0961407617570067,0.0533427375539356,0.843616367016542,0.465428686942066,0.22879683670412,0.78861560528043,0.116172552673468,0.0588856316041007,1.57392405521961,-0.0880128941008761,0.0131198108057169,-0.0038294270983864
1.2,0.440830434403246,-2.88776798884529e-05,-1.62894693235539e-05,-2.62714944415877e-07,0.13349901153154,0.0746592606798826,0.906817555047153,0.563999484538794,0.274581022539539,0.798714904981114,0.109107316393228,0.0614216400927687,1.57316231168639,-0.186208540103532,-0.0476723478778621,-0.00157191341388459,0.133375056712372,0.0716464844902651,0.906705615438976,0.556124567770265,0.274891770091663,0.780882482497317,0.109120754395228,0.0599636517450996,1.57374110778897,-0.184467348819268,-0.0412800540665027,-0.0044791688226041
1.28,0.381251998903066,-3.5145744566341e-05,1.98403238119121e-05,-2.09046732799275e-07,0.179333255195587,0.093179188374016,0.968581350490069,0.63223451357027,0.322241580153255,0.656220563847575,0.0947027013374253,0.0561470857939084,1.57149661314742,-0.305785857266239,0.0222505177111663,-0.00707378278400624,0.177865022133993,0.0936378260975982,0.969176214038762,0.62981866825513,0.315485265411183,0.668621612112161,0.0943203900873696,0.0567199134111785,1.57302397054862,-0.301864691692706,0.0250128308876472,-0.00499617932199947
1.36,0.386529056803801,-3.41827708306601e-05,1.61550809426448e-05,-1.22452969428542e-07,0.228617964853645,0.11890710198814,1.02195528995178,0.693210732805132,0.354973796124038,0.574216487443157,0.0700453535166212,0.0590607132530839,1.57321710141184,-0.404038053241418,0.0778403320797986,-0.0130480447991296,0.228250515594404,0.118876647330493,1.02266594300773,0.69444951843665,0.354411104335896,0.566829885499007,0.0701593214488092,0.0587496890309373,1.57281417328502,-0.416036865194911,0.0790155649331967,-0.00529902773311282
1.44,0.390956339614676,-3.06679308023217e-05,1.14250870994797e-05,-6.24561744193995e-08,0.282039378361648,0.147547200599744,1.06997832565894,0.738192267475902,0.393901515012439,0.478086893045188,0.0364961561159929,0.0663604439110605,1.57175620290215,-0.514922905525322,0.113287718204102,0.0101557991526835,0.283806477069336,0.147229535677364,1.06801233384766,0.743090357957025,0.395218455577798,0.474157319371041,0.0368775633569017,0.0650851006786873,1.57283445950577,-0.518460698352665,0.117238927112861,-0.00545349318442367
1.52,0.395500193102838,-2.56653391821204e-05,6.74592065858446e-06,-1.55034810803756e-08,0.34533849288621,0.179590661128418,1.1057254393226,0.76531341630726,0.439388984711441,0.39936619700976,-0.00487566566819854,0.0723420475022734,1.57314587668972,-0.603048595369069,0.142299547704809,-0.0131397275383196,0.343253705705898,0.178847012123588,1.10594491939734,0.768920324745568,0.44096988185385,0.390503051102318,-0.00460517034012939,0.0744739232621329,1.57274408581618,-0.604168922982522,0.139850624971755,-0.00549183610606802
1.6,0.400020277783806,-1.95664263582366e-05,2.2555975009142e-06,3.48402316578288e-08,0.403230920798443,0.214728712305035,1.13811961430963,0.77089066710723,0.488034858519207,0.316556754853524,-0.0540908689940491,0.08347906428232,1.57074784670085,-0.679293698166201,0.140415468079312,-0.00223598949923012,0.404767331685543,0.214124602671896,1.13718516348552,0.76554232815608,0.493875816556907,0.314871462063997,-0.0529753085511524,0.0856598313641643,1.57225185648149,-0.669502238241193,0.147477714951306,-0.00540566989180932
1.68,0.404488459559834,-1.27701857414683e-05,-2.00760178447709e-06,1.01815955325001e-07,0.466232313500897,0.253747102686915,1.16157018979028,0.722963928988443,0.55696618572728,0.259661186894482,-0.106700627867928,0.095784792283348,1.57207457784543,-0.712380608730696,0.131083192796443,0.00242841146864476,0.46601071793803,0.253634667996449,1.16237488045064,0.727376716339249,0.555255901019651,0.245520380434159,-0.106626215133397,0.097418598623104,1.57119139943445,-0.712134252995473,0.140873512194214,-0.00515386056092856
1.76,0.408983037391463,-5.64402454560789e-06,-6.07878526286303e-06,1.91640862113087e-07,0.523465860872767,0.294741315571943,1.18247520223308,0.645367525352259,0.624607134348471,0.171989481883438,-0.16474538389155,0.109222474037847,1.56902993203025,-0.739048251871431,0.11575839386339,0.0109528292195534,0.524200855245169,0.298055140078021,1.18201651088538,0.649969868546271,0.625542922200911,0.180244271781217,-0.163754234472505,0.108580596114532,1.56957437608804,-0.730965796374183,0.120672368450923,-0.00467989793783996
1.84,0.413664904129621,1.5017874135954e-06,-1.00704455306906e-05,3.00993567660179e-07,0.57772591603491,0.348340915375764,1.19393521951879,0.536389417969032,0.70537671218678,0.117134621225971,-0.221402083399229,0.118527639207093,1.56852032417441,-0.732669676106026,0.0878160156782228,0.00234713863475587,0.576198444728871,0.348098573854094,1.19643605262787,0.530177963056208,0.704317057329938,0.116737541709118,-0.222443322549423,0.118044204605851,1.567619688292,-0.725933759554505,0.0871314754164513,-0.00393548623311265
1.92,0.418739964941429,8.45443379964473e-06,-1.42208030973427e-05,4.15867318916186e-07,0.617603468197779,0.403437053541957,1.20497363136323,0.36281014686288,0.789125740356475,0.0546514043969078,-0.281150345369506,0.122907847870409,1.56408789073138,-0.704724149673807,0.0383618108579666,0.0100795007810155,0.618612681773368,0.404443938440489,1.2057750559646,0.366219944011381,0.790349528195899,0.0529695459899608,-0.280736816888806,0.124773520675942,1.56576188823759,-0.697685042331206,0.0397119387107097,-0.00290697089897672
2,0.420990615951419,1.86395562901336e-05,-1.87314540558882e-05,5.11565358120821e-07,0.648655241086701,0.465962106534498,1.2098937331403,0.165033357746304,0.887916477095359,-0.0192799644525975,-0.337338218257305,0.127616504504364,1.56448246824777,-0.633156265924227,-0.0144141368157154,0.000205042012272469,0.647910277294278,0.467671900696161,1.2100126196438,0.159310968137722,0.8808878314291,-0.0182930647857721,-0.336690048472958,0.127761669629594,1.56464956860956,-0.635422838543308,-0.0227971029410799,-0.00164177695055289
2.08,0.423231206894428,3.06994708119784e-05,-2.28645430497392e-05,5.53212753180695e-07,0.661405640771549,0.538394179987451,1.20781460345116,-0.0833332735184503,0.965177360584488,-0.091024688284169,-0.386889531059932,0.124937266756765,1.56500578920175,-0.526759551747713,-0.0978690171228568,-0.00581341573959312,0.660655154745296,0.538142927210489,1.20854917446094,-0.0886982682279177,0.972899327324812,-0.0987155608107389,-0.387462401501303,0.12599690909115,1.56513204206934,-0.532882964405206,-0.0991389146501192,-0.000273581437693717
2.16,0.428025976816584,4.30817645318466e-05,-2.6368927503161e-05,4.96855237337184e-07,0.652926417634539,0.614639374842387,1.1993680132879,-0.368929052734338,1.06555358566214,-0.180124282573061,-0.430247106342151,0.118149661134932,1.56955910278048,-0.39079538871267,-0.193596254250245,0.00828457354366285,0.653559293287063,0.615974873396474,1.20065192959608,-0.375703996710963,1.06306006374161,-0.1845728349565,-0.429716020619688,0.118645453021328,1.5681322539649,-0.388984048081794,-0.187211073562744,0.00095523171304591
2.24,0.43659708455319,5e-05,-2.91161306840117e-05,2.96634334653156e-07,0.625065860543576,0.702760413872098,1.18100111895941,-0.699740809901714,1.14510837123339,-0.26575200928704,-0.460604494798301,0.103363516165028,1.57478608146235,-0.222587883033105,-0.292661025447548,-0.00251469972156899,0.623502973550186,0.701019678495802,1.18588610279956,-0.698843672114429,1.1474419202985,-0.268727168929421,-0.460082674396145,0.105062041189479,1.5744859523369,-0.22197139238876,-0.284473819618876,0.00168886224361296
2.32,0.447322302964945,5e-05,-2.42469891174877e-05,-8.64928140280603e-08,0.56754551550112,0.793441975966548,1.16328088809253,-1.0586848576395,1.22256914326664,-0.337031286311854,-0.47701546455401,0.0851377504978531,1.58526974406379,-0.0460659591415896,-0.3695013853537,0.00409157220127289,0.567595479781031,0.792815032119683,1.16438792928521,-1.05222101940691,1.22086262008438,-0.344908828958572,-0.476762042982594,0.0847305898062195,1.58476872570801,-0.054950278448349,-0.365472981582695,0.00147494982137149
2.4,0.467292711302977,5e-05,-2.58825268818314e-05,-6.75707746689471e-07,0.483712036802768,0.888009964748796,1.13658792646,-1.43846121953819,1.27039989681732,-0.39677936634147,-0.479901481647559,0.0583232988299367,1.59839523601237,0.111456633349522,-0.456863875681881,-0.00158192255260479,0.483417798228478,0.890484041726433,1.13679522296852,-1.43428825466598,1.27799505079271,-0.394254019319052,-0.480009569855732,0.0588073433858283,1.59833963066969,0.112072479348745,-0.451926849457687,-0.000196198035776238
2.48,0.534752534518817,5e-05,-3.16175441721809e-05,-1.42731830070515e-06,0.368573412431388,0.992552807894067,1.10195835408759,-1.87029484480427,1.32072110091268,-0.34088166046087,-0.470179155184109,0.0279351553461219,1.61429841843355,0.28441167293544,-0.554753138126306,0.00130135304707526,0.3686747378552,0.99272364578985,1.105254901423,-1.87449483297522,1.31544595478133,-0.337275380730374,-0.470061637467777,0.0267317093367272,1.61505013480478,0.279077633373289,-0.557534895173657,-0.00372621516430167
2.56,0.53194943689849,4.99035382928468e-05,-2.20868447606498e-05,-2.32545946710181e-06,0.218312860277788,1.096782111456,1.07674542235998,-2.297963483212,1.32088983256694,-0.281474580198306,-0.447789981607973,-0.0125059355348363,1.63663850167936,0.453540022361046,-0.638825830300122,-0.00564610472486768,0.218715151217182,1.09795932217236,1.07827287096457,-2.30341346166217,1.31900968212874,-0.279257671506561,-0.447202358336975,-0.0131685006001951,1.63499393811996,0.445704816021149,-0.631337494777302,-0.00947749835495752
2.64,0.516236827032234,4.962785249831e-05,-1.03439981373985e-05,-3.36773723964737e-06,0.0344002823295615,1.20157356431088,1.05613166280166,-2.39590234878931,1.27477321627498,-0.251841017294781,-0.412252484220557,-0.0608716446567912,1.65531022076583,0.615095170923195,-0.671464978139659,-0.0136808681037684,0.0344420742842085,1.20348009674266,1.05593225724404,-2.4,1.28267434928013,-0.23662660610348,-0.411824606266346,-0.0590365443267523,1.6561536185287,0.611301626281222,-0.666006491447775,-0.017806523586719
2.72,0.509951301608931,4.94176706694241e-05,-8.82530777633493e-07,-4.43780640486565e-06,-0.156650191906928,1.30508756899422,1.03816591320953,-2.41119261755174,1.20679882459757,-0.184121675489254,-0.364487808885048,-0.110198399476318,1.67509145663851,0.777694549260213,-0.669378096863203,-0.0396536043114665,-0.157557925715792,1.30609404468507,1.03700212875576,-2.4,1.20289723947562,-0.192091219087305,-0.364103870081438,-0.108432596069447,1.67621037535944,0.77603161774698,-0.669259541606358,-0.028782024016102
2.8,0.503925384308157,4.92905626547553e-05,8.1044362383358e-06,-5.40716932547567e-06,-0.349654451146257,1.40437447785837,1.02100622104181,-2.40167620029897,1.07718473217234,-0.146109282740449,-0.304540693118037,-0.16008925079948,1.69471900186335,0.938848901323652,-0.646740117889335,-0.0534199698720177,-0.349557925715792,1.40232582384312,1.02163483122878,-2.4,1.07923703341002,-0.144670566837895,-0.303862689234809,-0.159283371500571,1.69322520218259,0.940129429091997,-0.642815868467564,-0.0421549348281728
2.88,0.471575424690486,4.92560397735257e-05,2.61677027457858e-05,-6.17250224027199e-06,-0.541208277364921,1.48754847547538,1.01122205661047,-2.40280155476308,0.921426388271709,-0.137446792418601,-0.229861169960259,-0.208235398289871,1.70554489351982,1.10691726504356,-0.558048338444346,-0.0629964204923466,-0.541557925715792,1.48866478651592,1.01006118588175,-2.4,0.922672441275085,-0.139647549243453,-0.230607208747401,-0.209361787491243,1.70555018376527,1.10389219852031,-0.556523153929608,-0.0574206527996001
2.96,0.472139521943561,3.90948978672602e-05,3.0681402998199e-05,-6.65010449453353e-06,-0.733471342033761,1.56158356418355,0.99682925971582,-2.40260882798764,0.724386515712349,-0.124347269593646,-0.142885254327774,-0.25354446192439,1.7115359372866,1.22991622555924,-0.464714123305327,-0.0855357032225419,-0.733557925715792,1.56247858181792,0.998889381942271,-2.4,0.728606808210338,-0.125151350022681,-0.143507846075093,-0.253755012902469,1.71138177770388,1.23357896212754,-0.455820177440935,-0.0738675678013834
3.04,0.471729175646404,2.54620919840424e-05,3.48498266418815e-05,-6.75118993244802e-06,-0.798424511519513,1.62020747987164,0.989535610154765,0.00482106450879003,0.510241298033838,-0.110513615211511,-0.042991955511368,-0.290495141369598,1.70996160812532,1.31798475535682,-0.325072976927408,-0.0863992808882342,-0.8,1.62076712647475,0.988877273940456,0,0.505490739879724,-0.106522190291758,-0.0446572333700061,-0.290690913696336,1.7107273185843,1.31768199218494,-0.341971834688629,-0.090564485431947
3.12,0.470861045634169,1.16765144667314e-05,3.9467659050847e-05,-6.48832569578093e-06,-0.801734967641872,1.65982366824555,0.979478620606809,-0.0108108399384841,0.253493690553944,-0.0857747705666663,0.0615314775844603,-0.318577831228277,1.70331429677703,1.35505329252581,-0.203189372290544,-0.101295556256181,-0.8,1.66120638566513,0.980355498717115,0,0.262939725948706,-0.0901544761194453,0.0625572905393396,-0.318344826877535,1.70444722358181,1.3558148004068,-0.21349044925237,-0.106611292111468
3.2,0.470216637305426,-2.27481258071251e-06,4.57814729260821e-05,-5.92024760619113e-06,-0.802383786618702,1.68161505115993,0.970437097532882,0.0928460015818452,0.0137029993056791,-0.0812902385776254,0.174005013591426,-0.335126505325451,1.69506872843242,1.3423080949255,-0.0669181612472993,-0.115691730219955,-0.8,1.68224156374103,0.97314314062756,0.0865909369716163,0.0110989001160407,-0.082568810650912,0.174179581714442,-0.334857457492289,1.69436045756552,1.34757828526509,-0.0646269472765788,-0.121253138604042
3.28,0.470547193585586,-1.68818903424414e-05,4.86560713495584e-05,-5.15597400198762e-06,-0.790905090242358,1.68280660029024,0.96630216536561,0.256440124469707,-0.24138107917681,-0.0880366094303667,0.286070383690865,-0.339011837143955,1.68036462275387,1.2879216269371,0.0913420909786334,-0.146245664244586,-0.793072725042271,1.68312947575031,0.966537635775487,0.263826375593427,-0.239721615961986,-0.0892580610909085,0.285621854387631,-0.338268328530009,1.68329646604367,1.29097043341021,0.0933094426210596,-0.134004797804556
3.36,0.472591774811551,-3.25207510330171e-05,4.87887164262549e-05,-4.35585718714378e-06,-0.771451234105202,1.66282985535004,0.957379475197543,0.529066106035213,-0.481634823396547,-0.11639236046726,0.390665906432568,-0.326337625805466,1.6756416906596,1.18628102023725,0.25144898917951,-0.154458036578734,-0.771966614994797,1.66395174647335,0.959396990888214,0.529081569331932,-0.478971639274304,-0.113615271704403,0.391778127645202,-0.328085482721035,1.67462205459387,1.18269681417247,0.251419717977298,-0.144777622949747
3.44,0.476980828597548,-4.93166315140435e-05,4.89780382877496e-05,-3.70421700096184e-06,-0.72966781297808,1.62470264895366,0.951099805684775,0.871341993619431,-0.696461022867688,-0.159712894383908,0.486866624637775,-0.305489446805917,1.67146826586362,1.01801989307605,0.416825013621355,-0.163678505364006,-0.729640089448242,1.62563401533141,0.950307769151862,0.877291735105352,-0.696593333898576,-0.156501074688349,0.487423417261141,-0.305073416170105,1.67142700577691,1.01899252611389,0.410211944503468,-0.153938823681714
3.52,0.484127771163406,-4.91590759572304e-05,4.92094768287574e-05,-3.36446731157478e-06,-0.659334842663472,1.56821309936579,0.936875644590702,1.30186445646354,-0.890580889355815,-0.209877606783351,0.56745840860696,-0.269983139342741,1.67587586622037,0.854023678488136,0.571013501081451,-0.158573846580394,-0.659456750639814,1.56990654861952,0.937787683176794,1.30129490647913,-0.883350568947235,-0.215974501944802,0.56752923718548,-0.270310448827528,1.67613324860048,0.856564605188164,0.570180076733415,-0.162259761788061
3.6,0.493897452257519,-4.90840981294277e-05,4.9465546944404e-05,-3.45864514767233e-06,-0.555522350548802,1.50126823076304,0.919830067409402,1.78577574595726,-1.02432592444049,-0.291270880204238,0.601066081520474,-0.225060082797794,1.69030840967568,0.691062533099748,0.731036890154888,-0.165841699611392,-0.555353158121483,1.49923850310374,0.92050972302121,1.7914567093839,-1.03033567167569,-0.287268454948104,0.6,-0.224869113032576,1.69021895836802,0.695210764370581,0.731504850648191,-0.170813618770587
3.68,0.505757348839978,-4.91020379866732e-05,4.73154492745242e-05,-4.05383667508953e-06,-0.413647584848175,1.4154642072528,0.89844849768172,2.32321276842631,-1.14508111575802,-0.337447095422101,0.599260570904436,-0.170499992601318,1.71409827055281,0.531811197169676,0.897668458402199,-0.180825180796512,-0.412036621370771,1.41681164936969,0.897528246625361,2.3152381521301,-1.1341401376982,-0.348672355688089,0.6,-0.16885426263967,1.71254588838427,0.534706570077695,0.88621542461016,-0.180839492391237
3.76,0.517410803076761,-4.92143491477964e-05,3.39355443286516e-05,-5.0736351893552e-06,-0.225618236770003,1.326207542994,0.868159897754174,2.40095669755814,-1.17411257664111,-0.385394744023532,0.598737435454384,-0.100475223185387,1.7419989366065,0.375387993590209,0.998014058365613,-0.19475934593789,-0.226817569200363,1.32608043835383,0.869634458170314,2.4,-1.18706686175539,-0.385091524799449,0.6,-0.102171477784921,1.74104249597252,0.37481751953455,0.996853591431878,-0.193387512768657
3.84,0.527061140828968,-4.94134443743744e-05,2.2764087150852e-05,-6.39387157871631e-06,-0.0360476675462879,1.22586188524153,0.835264954854585,2.39469295452884,-1.17658121759522,-0.401623118252048,0.599714402525204,-0.026401900483064,1.77437663735455,0.218279691073101,1.07262115952896,-0.2168060991481,-0.0348175692003634,1.2311150894134,0.838827136186358,2.4,-1.17516476427346,-0.400586976908006,0.6,-0.0276167917535008,1.77347211741817,0.215175344818731,1.07085635660099,-0.209200717279039
3.92,0.534757599427013,-4.96834031640402e-05,1.18090577805678e-05,-7.8856233310797e-06,0.155535781697419,1.13571383666353,0.804240758709887,2.39902945363109,-1.09634662340933,-0.394751765814871,0.60034910029503,0.051834516984759,1.80773831531094,0.0503825988425638,1.10433273287002,-0.227758261024987,0.157182430799637,1.13710190827152,0.806780178033718,2.4,-1.08833558337161,-0.401055963326437,0.6,0.0525383682461523,1.80804451487909,0.0555076955370466,1.10903802154527,-0.228703294534623
4,0.540864661141946,-5e-05,7.41915540512188e-07,-9.44828363138764e-06,0.348709631385864,1.04871110886057,0.772193805123446,2.39776840239789,-0.928978554495636,-0.394628635296282,0.598219599729412,0.136016509888493,1.84348857292892,-0.106611950014829,1.12436615859011,-0.253723018572395,0.349182430799637,1.05003506160179,0.774695700967603,2.4,-0.920225227098117,-0.393360102091814,0.6,0.136095501955745,1.84308910999245,-0.104386866221704,1.11116012103111,-0.252070614240036
4.08,0.545944576890233,-5e-05,-1.02873429644548e-05,-1.09908299780741e-05,0.540936519215478,0.975438031312843,0.743794565860358,2.40530456447734,-0.671400160538288,-0.395939695573204,0.59588863073612,0.220940762898245,1.87676354958278,-0.262848596954984,1.07800944359264,-0.271634166198248,0.541182430799637,0.976417043433943,0.743226892800258,2.4,-0.668161292620531,-0.38452267575843,0.596243349926898,0.220848285703667,1.87695145265795,-0.263539661591408,1.07753673936217,-0.279252930938522
4.16,0.550669014613784,-5e-05,-2.12003936110208e-05,-1.24258150649759e-05,0.733872698492113,0.922667457603716,0.710965428570833,2.3940912024255,-0.332013152066337,-0.373497873985747,0.580890133331661,0.304596097152389,1.90785923242703,-0.429300874812163,1.00876009111015,-0.309608520128508,0.733182430799637,0.922964140024301,0.712465078739583,2.4,-0.333280902804688,-0.378949834817269,0.581877699651792,0.304721880199942,1.90761703680665,-0.422108737330441,1.00878805574846,-0.30998422611885
4.24,0.555504026412813,-5e-05,-3.20472248129752e-05,-1.36488660237238e-05,0.86955850866309,0.896276893108857,0.680501801512367,-0.00672899841598899,0.0809509446796515,-0.366281495953927,0.554546240949164,0.386364135287841,1.93163842580858,-0.567210049907394,0.90296455901056,-0.333835437213546,0.87,0.896301667799926,0.682149091954202,0,0.0797207288671765,-0.3767175032592,0.555543004972005,0.385773025900294,1.93239474849712,-0.580346808062835,0.905414892276938,-0.343740348229028
4.32,0.560659127806446,-4.8570486979931e-05,-3.23856912636585e-05,-1.45221405204959e-05,0.872040223507061,0.901003068801086,0.652663815923172,0.377456038416105,0.555964157171162,-0.379765453231968,0.515150316284119,0.46237337201181,1.9474602809405,-0.736168995166037,0.806895545207074,-0.383424951121378,0.87,0.9026793261093,0.652011691693466,0.37895824353012,0.563726869860171,-0.3769194583335,0.515141251034811,0.461816515199183,1.94840958680004,-0.733851613024308,0.80283617786375,-0.379656236615576
4.4,0.556673766490629,-5e-05,-4.7494976957195e-05,-1.49020851911659e-05,0.870271756963075,0.94358639515838,0.622694977933094,0.00380178807129985,1.10259591340289,-0.393049112586182,0.459063345539795,0.532446252714321,1.95399551651999,-0.895388993105486,0.649046377278684,-0.424946835784473,0.87,0.947777475698113,0.621858135026786,-3.66373598126302e-15,1.10018826024306,-0.390726239548076,0.459026719173905,0.532671492641394,1.95423037296037,-0.892311416479804,0.652009052039102,-0.416511797109386
4.48,0.546743699829574,-4.20080308112871e-05,-5e-05,-1.4727551490676e-05,0.867371777787588,1.03389274971432,0.589776981106675,0.23211943907952,1.67109148069741,-0.420181393770664,0.38373451443868,0.592785731423975,1.9460494617021,-1.03106510064854,0.494951984087589,-0.471938141967392,0.87,1.03579253651756,0.59060003586294,0.233844115099555,1.67168486515412,-0.424879327115282,0.383656388811217,0.594196458942297,1.94638253825568,-1.02500878563638,0.495424166274035,-0.452935704094704
4.56,0.565772256788233,-4.59789110032242e-05,-5e-05,-1.38286828426956e-05,0.870849241336089,1.17025230605133,0.557026420340046,0.00793391371695137,2.29040740994479,-0.441904881120115,0.289342270863113,0.599328513241643,1.92174759120338,-1.18432488543136,0.356127155961938,-0.486434261833653,0.87,1.16952732572989,0.556609689693717,-4.6074255521944e-15,2.29555373291009,-0.43684817647507,0.288977005869888,0.6,1.92373569383536,-1.17229245017933,0.341436283634679,-0.487136545823941
4.64,0.587094457679834,-2.68831652877388e-05,-5e-05,-1.21676826076317e-05,0.867871201073427,1.35460620412431,0.522271621244985,0.0942869571814821,2.40502167581109,-0.401822681967444,0.177708374348651,0.600848231516584,1.88846916240563,-1.27013204635785,0.183337808733414,-0.518686476423945,0.87,1.35317162436269,0.521661835575712,0.0838382604617137,2.4,-0.395944109359485,0.174962964363711,0.6,1.88790656930955,-1.25742189419669,0.190443587850712,-0.517229432602021
4.72,0.61044345579006,-1.96939168992475e-05,-5e-05,-9.85609691757578e-06,0.869398951153054,1.54676290332006,0.488890842356232,-0.00459910354007514,2.40896013307661,-0.299697033051105,0.0507303074503396,0.600648674647601,1.84085348802765,-1.31981479048154,0.0393711704532838,-0.550283173131401,0.87,1.54517162436269,0.489986306826953,4.3159920082303e-15,2.4,-0.298737198941652,0.0483073193465926,0.6,1.84175011684737,-1.32044017474853,0.0416750308659107,-0.54160534855732
4.8,0.606109245602905,9.45253702158176e-07,-5e-05,-7.06827638203205e-06,0.871312242883347,1.73699868969109,0.466131669914472,-0.116349922269354,2.40035773086231,-0.196259690845679,-0.087394977940003,0.600340244814206,1.78826556129534,-1.32077841151282,-0.0963566541046635,-0.552024415356055,0.87,1.73717162436269,0.466087330911621,-0.112519511984074,2.4,-0.195252795431768,-0.0868257448294541,0.6,1.78950847441689,-1.31664989178323,-0.10527678895508,-0.559086478509481
4.88,0.585910545636716,2.33933177098592e-05,-5e-05,-4.04736892757273e-06,0.863961251420152,1.92927145001381,0.448698216218972,-0.342313928961139,2.38610385775199,-0.129604614122045,-0.221477610418639,0.586471969679837,1.7363560329666,-1.24896589729423,-0.248218358148717,-0.571420747373822,0.860998439041274,1.92917162436269,0.450467107277079,-0.327823527067382,2.4,-0.123606168613561,-0.222142147238647,0.587731012524191,1.73640511701934,-1.24016326832751,-0.251640704658371,-0.569096356217022
4.96,0.579079704543983,4.45148653740577e-05,-5e-05,-1.08114918230677e-06,0.835813579239425,2.12145848666033,0.43541244605439,-0.646598657929855,2.40030471981821,-0.0812613864892833,-0.347036005025936,0.557319718774199,1.68877250041681,-1.09102360446058,-0.40314922263085,-0.567198988918222,0.834772556875884,2.12117162436269,0.440578613787994,-0.643322447351579,2.4,-0.0727279080679446,-0.347988648801398,0.558063778605697,1.68837143001569,-1.09549292431757,-0.398855718490898,-0.571770234307248
5.04,0.563630490379472,5e-05,-5e-05,1.51416726195434e-06,0.783950381870672,2.31351381559902,0.434674394162544,-1.03956325839173,2.40004965371502,-0.0626758803851746,-0.455445571495278,0.512283195321655,1.65178131353637,-0.943141902599265,-0.542084381438322,-0.55740135821059,0.783306761087757,2.31317162436269,0.434760381142559,-1.04116841942939,2.4,-0.0584888351992086,-0.455678457774156,0.512469653599549,1.65050800904317,-0.934880807701705,-0.548297480135671,-0.568025423939785
5.12,0.561561092110667,5e-05,-5e-05,3.47788329577925e-06,0.702509164832471,2.50618311301689,0.428907895172882,-1.51621795577951,2.39454879540765,-0.068167000136071,-0.541648008839719,0.451947573269372,1.62693153588467,-0.773944807612974,-0.706106783216841,-0.56274438589613,0.700013287533406,2.5051716243627,0.430081274326622,-1.51411178705938,2.4,-0.0619881535588339,-0.542566087622634,0.453083849680663,1.62583658920274,-0.776607360228443,-0.700412786153437,-0.559423987526444
5.2,0.565929627309533,5e-05,-5e-05,4.6701941309098e-06,0.578700723748232,2.6975782025746,0.422563200250558,-2.04847009490573,2.39868652138344,-0.0640001857446048,-0.600237054044118,0.383360288541182,1.6144820603024,-0.620167929058797,-0.863061327102222,-0.539178588754373,0.578884344568656,2.6971716243627,0.425122222041915,-2.05355706040424,2.4,-0.0721151221305621,-0.6,0.381989896978926,1.61538745819972,-0.620588105866115,-0.85523666626551,-0.547873750086409
5.28,0.571566769869697,5e-05,-5e-05,5.06320214706321e-06,0.414611121407005,2.88694380226889,0.421475169861983,-2.39700796698931,2.39971745937289,-0.0700596961721565,-0.600478694337169,0.300410095768214,1.61853932230248,-0.460948251787757,-1.01414588748489,-0.543259299542558,0.414599779736317,2.8891716243627,0.41935301227147,-2.4,2.4,-0.0787213192872002,-0.6,0.300773091442722,1.61803622726709,-0.466720774055039,-1.01270926275015,-0.535351532515535
5.36,0.532369915937385,5e-05,-3.5457117474559e-05,4.7458023667003e-06,0.384402626700216,3.14106586162886,0.413867062607012,-1.06435459295183,2.89452472757758,-0.121436767539159,-0.598445024211527,0.209292704976534,1.62947916195223,-0.299716878288034,-1.11396252111194,-0.527053971745913,0.385189409438117,3.14046038180467,0.413055306728494,-1.05412926172768,2.89077548116711,-0.117461021337195,-0.6,0.209724512598561,1.62892287146775,-0.314917299317272,-1.12413440771261,-0.523614302190126
5.44,0.534178271046085,5e-05,-3.17129562079464e-05,4.00498391996288e-06,0.300656472303122,3.37366096383759,0.403544467792884,-1.58942040741142,2.39165609495973,-0.131176883753131,-0.600140796060957,0.112432403399518,1.64768641935518,-0.163558615646122,-1.21813943233612,-0.505842488504973,0.300859068499902,3.37172242029804,0.403658425021519,-1.59891602924849,2.4,-0.135654792084897,-0.6,0.11184906961262,1.64549205027486,-0.164416672262602,-1.22543621921959,-0.513709250296688
5.52,0.53268013924111,5e-05,-1.10323133172064e-05,2.99279643665563e-06,0.17600623526486,3.56483363551994,0.391539110088693,-2.13599916897112,2.40101872288826,-0.137190543927783,-0.599626156665421,0.00847892304993032,1.66557679059861,-0.0167667190625235,-1.26258732533361,-0.508821395641422,0.172945786160023,3.56372242029804,0.392806041654727,-2.13864424256608,2.4,-0.143756549672698,-0.6,0.00773241223537026,1.66706290148144,-0.0150631837856028,-1.2599171754951,-0.506307521699525
5.6,0.586333699602104,4.98359929154456e-05,1.63287317173145e-06,1.75428496385702e-06,0.00254592573038794,3.75583036137803,0.382575455051278,-2.40246570279783,2.35038654837878,-0.0673197550560449,-0.602440600211022,-0.0990980704320274,1.68993961348666,0.134094615571791,-1.26138777393948,-0.506785628810303,0.00185424675473697,3.75572242029804,0.381305517680911,-2.4,2.35004952165749,-0.0682763404698732,-0.6,-0.0983265676145054,1.69054593314464,0.133507274163292,-1.25424924970451,-0.501968856688594
5.68,0.580322497442116,4.95437861492395e-05,1.73773418466999e-05,4.62541643124466e-07,-0.188660734052848,3.94367384401815,0.374761515649435,-2.40367187618323,2.19219578904704,-0.0158064451485956,-0.591269568147498,-0.203727458559591,1.71371431694999,0.276987923797288,-1.19363788176379,-0.505912255944164,-0.190145753245263,3.94372638203064,0.375843410443321,-2.4,2.19746781458339,-0.00570324506256886,-0.591638827619331,-0.20381532861953,1.71417282478324,0.281334803387868,-1.19808567786202,-0.500824907282159
5.76,0.572654764473111,4.92534815884185e-05,3.12379653889134e-05,-7.87054080940282e-07,-0.382358599474833,4.12275778099037,0.373976342247759,-2.39236643314529,1.95423606040305,0.0309737810829394,-0.573987246269849,-0.306166079287131,1.73582748389979,0.43080070486896,-1.09019083462056,-0.503663300802057,-0.382145753245263,4.11952380719731,0.375387150838316,-2.4,1.94705708179095,0.0370184385702389,-0.573307088481379,-0.305716567890356,1.73479978927508,0.429021731083078,-1.09769747400743,-0.502771434826451
5.84,0.560016005516126,4.89941056402004e-05,4.6614063665092e-05,-1.8284233782428e-06,-0.574840591641416,4.27637951859813,0.378190090336453,-2.39580635881459,1.60593814044436,0.0558849982037872,-0.543769200640798,-0.401863837443266,1.74946599231841,0.583603824439074,-0.947485676099017,-0.508262069273939,-0.574145753245263,4.27528837374059,0.378348625923935,-2.4,1.61052929188985,0.0498376010368751,-0.543353950251629,-0.401308447161341,1.7493145400622,0.577192343945121,-0.948048448762261,-0.507293457587741
5.92,0.558102907268282,4.87919389589212e-05,5e-05,-2.503094941217e-06,-0.767318185081404,4.40494419232153,0.383204852578574,-2.40225792497696,1.19430038776497,0.0481094494769479,-0.498718288147111,-0.486823518650478,1.75511999226614,0.730007251047881,-0.795387713077109,-0.514755901994501,-0.766145753245263,4.40413071709178,0.382335634006885,-2.4,1.19296129339201,0.0468504580399883,-0.499076791217078,-0.487211303550791,1.75417402776109,0.726677466067933,-0.789252234274904,-0.513484065535846
6,0.558084705752622,4.86680032076631e-05,5e-05,-2.63485387927515e-06,-0.80107727190256,4.50032850903361,0.388113211477519,0.00487156406250531,0.708387822341045,0.0212533453863315,-0.437703801668552,-0.561823300774502,1.74742293404238,0.874824517435135,-0.632574648940243,-0.503387369657566,-0.8,4.49956762056314,0.386083670650084,0,0.705375472269583,0.0318198817545049,-0.437844101399801,-0.562310846152938,1.74755562946031,0.877870716738525,-0.63270882737757,-0.520000537243949
6.08,0.547316174917518,4.86360481923235e-05,5e-05,-2.14639321642291e-06,-0.801954912294807,4.55676193602094,0.389289172560161,-0.00192344277048181,0.169338313465671,-0.00297655122916305,-0.358641785602102,-0.60070848537647,1.728212253694,1.0230168697324,-0.474509345600726,-0.524432038554573,-0.8,4.55599765834471,0.388629261190444,0,0.170337773414741,-0.00744503482788788,-0.357396214978831,-0.6,1.72838959762462,1.03109584876554,-0.478503048176483,-0.525308957107115
6.16,0.557817255070966,4.87012313047844e-05,5e-05,-1.00351948420818e-06,-0.799465583396057,4.56989811776053,0.386606415401192,-0.00776313334435658,-0.40495250648905,-0.0258367593172708,-0.25963580889546,-0.599567547045895,1.69782796477433,1.18571641877583,-0.32902111954424,-0.51848730610437,-0.8,4.56962468021788,0.388033658404213,0,-0.402168311012643,-0.025498296441051,-0.257136452515693,-0.6,1.69691464595292,1.18671622864102,-0.32668522698621,-0.527790842868906
6.24,0.563520445578185,3.03026574992909e-05,5e-05,7.56448927344466e-07,-0.803989319679724,4.53850033126004,0.386550370676229,-0.00225715464753666,-0.975362706377745,-0.0164330330075808,-0.140583466595746,-0.598124609237715,1.65640214572167,1.2890840830273,-0.178198413477742,-0.533114980408594,-0.8,4.53745121533687,0.385993794688929,0,-0.976938694864862,-0.010649883872453,-0.138809436720307,-0.6,1.65549070318172,1.28309636083165,-0.177242559874441,-0.525920007422418
6.32,0.563050230281336,6.14127895578191e-06,5e-05,2.98336230305316e-06,-0.799129077171874,4.46005203800082,0.386659634316328,-0.0015092465387502,-1.54770292326266,0.0280272713170614,-0.0102022650486169,-0.600583200157459,1.60797271759364,1.30981653596268,-0.0303587813759325,-0.522403302259726,-0.8,4.45929611974768,0.385141803979133,0,-1.5464068215613,0.022746749390264,-0.0089967130150613,-0.6,1.60738058727886,1.30099504526843,-0.0291591281204515,-0.518541611149371
6.4,0.560364425996901,-1.59409014437226e-05,5e-05,5.48400686864132e-06,-0.800116932852561,4.33279667696938,0.386880887950269,0.00663761975361565,-2.11498269061201,0.0621978625208957,0.123810410127663,-0.600579767630133,1.55677006496019,1.25346116767276,0.117878240873874,-0.51587805269071,-0.8,4.33558357402278,0.386961543930354,0.0116167402233074,-2.10883426417552,0.0601156402632752,0.12344765655984,-0.6,1.55714567352383,1.24732596816417,0.118929519263131,-0.504978667151742
6.48,0.556832324567335,-3.55969779799041e-05,4.99755924505126e-05,8.00227475750785e-06,-0.801761658542717,4.16584486762143,0.392895208917153,0.134532858949011,-2.39265701176907,0.0792457238402252,0.249224246731687,-0.583866773392109,1.51096385459542,1.14488912560399,0.270731709490506,-0.485801477839169,-0.799070660782135,4.16687683288874,0.391770795151416,0.125927273875402,-2.4,0.086117771348744,0.249859872015705,-0.585583624972068,1.50998992584754,1.13011085230812,0.268191524862266,-0.485187589753509
6.56,0.554131930301059,-4.99292213918731e-05,4.97535737128064e-05,1.02567806289153e-05,-0.788404406315538,3.97614979898046,0.395392640584931,0.343656159099357,-2.40613353282266,0.0912827894008041,0.360954193899816,-0.555701377772284,1.47062563729341,0.971482105658615,0.414398906821572,-0.460758225865763,-0.788996478872103,3.97487683288874,0.398660216859316,0.337007715244863,-2.4,0.0968152707026254,0.361692360212809,-0.555196836992072,1.47122718297822,0.966988788065177,0.418999139030958,-0.459820710280506
6.64,0.55282162986785,-4.96138886523459e-05,4.95663255579731e-05,1.19704908542538e-05,-0.764718386534805,3.78207665877726,0.407343591215013,0.643895755969532,-2.40000140970405,0.0917911220316022,0.454293616800778,-0.511525471171153,1.44464861592881,0.808843370921596,0.574377599276585,-0.432036640229968,-0.762035861652514,3.78287683288874,0.406405438515526,0.634890461398219,-2.4,0.0931539711883259,0.453035217243358,-0.510828784248325,1.44469811210183,0.806673886261136,0.57208874953381,-0.43021551448676
6.72,0.552944466346913,-4.93495318264643e-05,4.9429256754189e-05,1.29560162089842e-05,-0.711084053846187,3.5921312571468,0.413864076384225,1.01254728301543,-2.4077518746238,0.0784263994613767,0.523610541635165,-0.455068174568284,1.43206265488792,0.65371489201457,0.731161663736318,-0.399807546033605,-0.711244624740657,3.59087683288874,0.413857756210592,1.00739089036867,-2.4,0.079370284203741,0.523685413656231,-0.454614235135021,1.43218782255919,0.648741119915514,0.727457555887668,-0.398172935678254
6.8,0.554153170091763,-4.91582761364967e-05,4.93540657455548e-05,1.31438893172084e-05,-0.630957374543669,3.39950876518091,0.419572098575196,1.43970710851562,-2.40539269169442,0.0640897525323596,0.574744890785337,-0.387337942305825,1.43515209579382,0.495429983086534,0.880629506975921,-0.364251346926985,-0.630653353511163,3.39887683288874,0.420207378946891,1.44356053806604,-2.4,0.0610500306183803,0.57484285620063,-0.388287711073912,1.43387723366757,0.492667997614073,0.885063619193582,-0.365665712585644
6.88,0.555904195015579,-4.90552219824019e-05,4.93478859941575e-05,1.25540174509097e-05,-0.516957877481233,3.20769267893208,0.428543445475227,1.93968715148041,-2.39152466875423,0.0450060624218692,0.60123465236203,-0.312159902558493,1.44840614266186,0.345921566830754,1.03843770577409,-0.33458066642393,-0.515168510465879,3.20687683288874,0.425091381396361,1.93299709659364,-2.4,0.0439421829475077,0.6,-0.312957493710868,1.44894416081213,0.337892122828015,1.04484093631017,-0.334617349644018
6.96,0.557575387154002,-4.90470211620723e-05,4.83307915625304e-05,1.12600209056447e-05,-0.408852563992123,3.01501354290965,0.428663043143184,-0.104251809936902,-2.31103516294596,0.0329512584395164,0.600219487995747,-0.230083126271476,1.47647380067414,0.183173624082609,1.21060034487416,-0.311942011221605,-0.409651389177331,3.01690382634444,0.428606756032162,-0.0947855314598134,-2.29705534387392,0.0375142027723036,0.6,-0.228854805343168,1.47532893984307,0.183872346957388,1.20310239165251,-0.306769274939978
7.04,0.558200282916125,-4.91312587230232e-05,3.74706956253896e-05,9.39990871452384e-06,-0.417944093698392,2.83458435185027,0.431265634453056,0.451563421395106,-2.39806284448135,0.0524465804493042,0.600121791352057,-0.135977987312883,1.51049787296715,0.0252928750888656,1.3237497023106,-0.281460537063479,-0.417234231694116,2.83313939883453,0.431607892253946,0.445277860555269,-2.4,0.0503863798011444,0.6,-0.135560548192965,1.51033239896418,0.030116741609322,1.32667838465105,-0.283521595181054
7.12,0.556356123723248,-4.92966992948204e-05,2.30296343966299e-05,7.14143195656746e-06,-0.382289072199254,2.64303387077685,0.434472267106693,0.999443358515652,-2.40818123754343,0.0762399188513922,0.597417319708893,-0.035010219143501,1.55229763598032,-0.128271988609262,1.39164872016843,-0.26916558054906,-0.381612002849694,2.64113939883453,0.435638802638038,0.996066051064347,-2.4,0.0744181627706711,0.596788704832239,-0.0351570877811815,1.55192183114812,-0.12399327066132,1.4033614227872,-0.265859538219809
7.2,0.552838609935774,-4.95243743375027e-05,8.61835492532651e-06,4.61040534009109e-06,-0.301971443625312,2.44941430603408,0.443088725158591,1.5358419542832,-2.39057282774834,0.0978204860223908,0.586476713991721,0.0688201640880509,1.59676279548002,-0.269887684419125,1.44462505428118,-0.265704118530487,-0.301926718764547,2.44913939883453,0.441592255659692,1.54776492428535,-2.4,0.10205352656932,0.585268881023718,0.0696583513981298,1.59745153751295,-0.278949144767998,1.43307250736176,-0.254457169307475
7.28,0.548385341685366,-4.97894065741295e-05,-5.3720520542828e-06,1.96113110551432e-06,-0.17781160614988,2.25830526267263,0.45070722135314,2.07872349680203,-2.32333128317487,0.119242783490026,0.56647065675608,0.178020918374536,1.64386930011356,-0.443291835317411,1.41550865794413,-0.247926873959261,-0.178105524821718,2.25713939883453,0.449756537785237,2.08462784023785,-2.32910442046617,0.12792992278726,0.566187860775629,0.176468365599274,1.64392879213112,-0.435026998311933,1.41711960734172,-0.249606936258316
7.36,0.54358269386478,-5e-05,-1.86438575758923e-05,-6.39054649370609e-07,-0.0130123298392694,2.07237968199157,0.45906868942514,2.39739020001162,-2.15463280197319,0.148800391434859,0.538477605320267,0.283744220512988,1.68834969333937,-0.58243853563486,1.35549762217112,-0.255821271226904,-0.0113352976026904,2.07081104519724,0.459990931608218,2.4,-2.14843426063871,0.146033240421033,0.539224980202797,0.282858346439505,1.68858333885522,-0.592114861599922,1.35789144462111,-0.251187434355501
7.44,0.539177105543304,-5e-05,-3.06233131091494e-05,-3.04107218062094e-06,0.180287464678967,1.89885953960594,0.474166222323479,2.4042829337912,-1.86909005009694,0.15706181443063,0.501185031069188,0.385792901685698,1.72917140083009,-0.74913796300136,1.26324003705483,-0.261701205423136,0.18066470239731,1.89893630434614,0.471673590841901,2.4,-1.86261769843899,0.151074586235245,0.503056162302126,0.386393825703456,1.72871343206562,-0.749557133201001,1.25977592273794,-0.258708557626582
7.52,0.535906063842827,-5e-05,-4.09434936509809e-05,-5.10521462174335e-06,0.374161915560617,1.75054313499246,0.48304232332654,2.40750049909554,-1.46792886030229,0.131486926750883,0.45668570585618,0.482725353367242,1.76161354713893,-0.904031085505405,1.12728961356533,-0.283225677690535,0.37266470239731,1.74992688847102,0.48375955774072,2.4,-1.47974526624891,0.139428405478205,0.455482049224674,0.48466831927292,1.7615923996557,-0.907424843907868,1.12845658635238,-0.271334679670032
7.6,0.53436223792674,-4.7664462751919e-05,-4.87402325131507e-05,-6.69581335559077e-06,0.563290687497277,1.63027461035024,0.495920351244992,2.39152339513977,-1.01191444134243,0.106720651722824,0.393957257926602,0.575378185754781,1.78276028252603,-1.06221313668552,0.978675449127761,-0.286994410726253,0.564664702397309,1.63154726717111,0.494913830178977,2.4,-1.01022494431636,0.109499708635007,0.393534277014866,0.575289778677684,1.78444252788152,-1.05804468106191,0.972561619428386,-0.28789464097857
7.68,0.534972106264419,-3.78326541952764e-05,-4.85928431063563e-05,-7.67969466734968e-06,0.757626193020747,1.54989502012621,0.505304547989609,2.40764838680062,-0.467906240954025,0.0674144740746121,0.314916531409531,0.600439643940713,1.79333220838578,-1.17449964728392,0.813346000966498,-0.299300467468999,0.756664702397309,1.5507292716258,0.503673806869777,2.4,-0.465869784144995,0.0616758793963365,0.314443864503837,0.6,1.79464908375378,-1.17655936133096,0.818796428090256,-0.306887919285305
7.76,0.537956136833623,-2.7612366730987e-05,-4.85136749004852e-05,-7.93762810133158e-06,0.871161425424807,1.51150865613009,0.50860203245529,0.00230136381895072,0.0857264449974317,0.0131888234286661,0.218003283221421,0.601136561791641,1.78982032250426,-1.25881609063439,0.66238838370324,-0.317054981534441,0.87,1.5134596888942,0.508607877221484,4.44089209850063e-16,0.100507598104396,0.0274975037479299,0.21820665823591,0.6,1.79090785375252,-1.26174204429529,0.666879211734661,-0.326519113773404
7.84,0.540094318157637,3.43602181970257e-06,-4.85081618103697e-05,-7.42576032724206e-06,0.869658386171314,1.52090198403154,0.513379058968018,0.0853414386025293,0.662413327021673,0.00834290080348143,0.108957103671117,0.598258850177253,1.77322438676974,-1.24290251512522,0.516798353877752,-0.349346154918968,0.87,1.52150029674255,0.510807677521318,0.0872757864413521,0.662415906519822,0.0163666562037083,0.107721616126377,0.6,1.77400214967306,-1.24415867551127,0.516408155222986,-0.344884366383518
7.92,0.539902959646765,1.37829023832403e-05,-4.78129962447192e-05,-6.21488779112019e-06,0.872825619615129,1.57386572015721,0.509921877204173,-0.00531295490106512,1.20793934256695,0.018136540619951,-0.00614607459080722,0.601936948396517,1.74741490030247,-1.19198642235544,0.361150187938646,-0.353353252226664,0.87,1.57449356926414,0.512117010017615,2.19269047363468e-15,1.21097317413888,0.0191546994797267,-0.00753880802191736,0.6,1.74614783327205,-1.19312702183875,0.368738832870659,-0.360254911512575
8,0.538299018729547,2.49923228106774e-05,-4.46087267569386e-05,-4.45102125337267e-06,0.87117925723004,1.67149751167846,0.51247709320145,-0.0917432738853227,1.73680743672735,0.0298183160328544,-0.124717052084323,0.600885173044138,1.71025277930111,-1.10436265418902,0.228851002823831,-0.378882197694305,0.87,1.67137142319525,0.513649385975993,-0.101367323123794,1.74176268138753,0.0241586581316594,-0.122857643547857,0.6,1.71095977230424,-1.10592349047597,0.231792984526487,-0.371263094660002
8.08,0.536491477243026,3.44119268824638e-05,-4.20444455617992e-05,-2.35085683983497e-06,0.86039165548318,1.8098808505322,0.516017392379028,-0.296213473406567,2.24704367804598,0.0288458703948262,-0.233379014877009,0.599451938235702,1.67411158510512,-0.982412376536078,0.104917208974545,-0.384958966559582,0.861890614150096,1.81071243770625,0.515582078626526,-0.29177245233115,2.25466778605285,0.0205995861010335,-0.233052628287601,0.6,1.67249099511314,-0.988569043225867,0.102872625911494,-0.377077190161495
8.16,0.532337278036197,4.38292813686029e-05,-4.23166314572186e-05,-1.47319378639055e-07,0.839976367094798,1.99083266751571,0.517680675236269,-0.569832293980485,2.39968221195799,-0.00885686223917123,-0.331957231006963,0.599063233155132,1.63773957502445,-0.841414322563513,-0.0294288551486633,-0.374344906066428,0.838548817963604,1.99108586059048,0.517230045514609,-0.561989758552874,2.4,-0.00423719856163231,-0.333518333220985,0.6,1.63462600534933,-0.841084696220748,-0.0280175451642023,-0.377441537714317
8.24,0.520615388142352,5e-05,-4.94209124320212e-05,1.94388782028183e-06,0.792683458896011,2.18319031516592,0.517903862197361,-0.896310510963866,2.40834041225734,-0.0636259581201082,-0.419806204030379,0.587335493345222,1.59973904972464,-0.673635627266466,-0.18458204882202,-0.377952063660494,0.793589637279375,2.18308586059048,0.516891069629678,-0.895863588242119,2.4,-0.0672498690284494,-0.419822528271603,0.587997077753081,1.60094554337733,-0.674373619695604,-0.184188112552866,-0.372633950438138
8.32,0.525160373282778,5e-05,-4.9699217557131e-05,3.73111390243475e-06,0.721915608552768,2.37318599597565,0.511738234007491,-1.29323425203078,2.39437577413624,-0.146005434325115,-0.488804686781406,0.561500139459451,1.57482595323362,-0.509061365490696,-0.34492079966337,-0.374488572288975,0.721920550220005,2.37508586059048,0.511511080107402,-1.29048751298306,2.4,-0.142687584947144,-0.487916254895196,0.562390801234497,1.57544716717467,-0.509290766572679,-0.343143810051713,-0.363406228788688
8.4,0.542880714201564,5e-05,-4.99669395637451e-05,5.00713112313874e-06,0.619418802630506,2.5666310736512,0.499408098219702,-1.75249719985461,2.41454940148232,-0.208397237965491,-0.535241836901686,0.525241228938948,1.5610948646828,-0.357686777249116,-0.502299417559302,-0.353836857791018,0.61868154918136,2.56708586059048,0.500096073311631,-1.74503235315643,2.4,-0.206284922270372,-0.536734215366913,0.524513779187195,1.56030361274646,-0.345780219941073,-0.504850670264851,-0.351022685033437
8.48,0.56302412051638,5e-05,-5e-05,5.67082199602445e-06,0.478790561667709,2.75871943969421,0.483485900971434,-2.25507529179051,2.39125697917094,-0.245042355755385,-0.566804854537935,0.476513794712768,1.55715426296798,-0.175776975906107,-0.675673085057375,-0.341682694419151,0.479078960928846,2.75908586059048,0.483593279530001,-2.25229288691216,2.4,-0.246537652442878,-0.566410828089626,0.475445830855951,1.55628159503225,-0.183742356174263,-0.668454431999825,-0.336997713330282
8.56,0.570465530366742,5e-05,-4.5145077988907e-05,5.70096850530231e-06,0.407899469555648,2.93614226942135,0.460821603750764,0.320095113159049,1.9496078070064,-0.268283581858756,-0.576174165416304,0.413351402907301,1.56243367358651,-0.0148146977311805,-0.820485012076653,-0.325650399957022,0.404617724243413,2.93378446384661,0.463870267334571,0.319916463817192,1.95488670873015,-0.27047165430673,-0.578048892842683,0.415853928721005,1.56296957950187,-0.0230521032276804,-0.817509390337739,-0.322898183839937
8.64,0.557761731006972,5e-05,-2.62238565364881e-05,5.1412395158829e-06,0.430762806884623,3.09061180001389,0.442287175195276,-0.217400368231458,2.30060860183428,-0.29400965317766,-0.574024020648069,0.346186474606585,1.57819368918891,0.137214860539927,-0.903189956603088,-0.301902817702537,0.430211041348788,3.09017540054502,0.442232534990032,-0.219229482050871,2.29460495581492,-0.295576360213859,-0.573666636783303,0.346964527761341,1.5783826185881,0.136552718586616,-0.904892334045755,-0.310182965696967
8.72,0.558333636613412,5e-05,-3.2931932508198e-05,4.11930874412369e-06,0.412807246480679,3.27320589484785,0.417347668104811,-0.755546502533063,2.40705670794138,-0.283580438536947,-0.556580645529357,0.27398288971904,1.59791785641282,0.313206355279527,-1.02214576060995,-0.302430456216913,0.412672682784719,3.27374379701021,0.418586426172924,-0.76006016519131,2.4,-0.296361377101771,-0.556072598949584,0.272694509385952,1.59799715319607,0.295688929521076,-1.01607785859698,-0.299995167770424
8.8,0.575042800383278,5e-05,-3.14001970261988e-05,2.89606356159797e-06,0.352127559862005,3.4683706922023,0.393716796047905,-1.30676849123911,2.39888030525365,-0.239417403246475,-0.525575169618187,0.190667632507321,1.62110815366039,0.446850694342722,-1.11407399230503,-0.301262074602092,0.351867869569414,3.46574379701021,0.394877516004782,-1.3058455364807,2.4,-0.244971737536486,-0.526118506407844,0.190986984124682,1.62138496755436,0.454148265042655,-1.1234469581932,-0.292832677124372
8.88,0.586824214486093,5e-05,-2.01445924609528e-05,1.50272675735331e-06,0.247434913836593,3.65922102611665,0.37491130082011,-1.83597686011691,2.40038357455966,-0.149938489724709,-0.486409037562928,0.103446406166876,1.64751010229617,0.614440618508573,-1.19714444114635,-0.289715260705943,0.247400226650957,3.65774379701021,0.375279777001863,-1.83773153242594,2.4,-0.144017581651801,-0.484977148982523,0.101501383747448,1.64672103798553,0.611929960313072,-1.19446252130843,-0.289116161200538
8.96,0.579348063104184,5e-05,-4.70157111027974e-06,4.53252884070323e-08,0.100324856717277,3.84836354381652,0.36163606138772,-2.32653222053025,2.39553326080744,-0.0189390850747714,-0.432441658458895,0.00568596729483325,1.67071367228989,0.763257904889466,-1.21395665403097,-0.285249911422552,0.100381704056882,3.84974379701021,0.363758370469719,-2.32350294927187,2.4,-0.0223234982772026,-0.433569621587877,0.00618087803060265,1.67093103187513,0.769252956881944,-1.21512798563052,-0.289004063538543
9.04,0.568276708903963,5e-05,8.77509210830491e-06,-1.30594827229897e-06,-0.0842112101375853,4.04109545535626,0.361872560606331,-2.39592621232407,2.36321099388068,0.111698449216544,-0.372121402279269,-0.0922044172813092,1.69037707964951,0.920912130057373,-1.18210402296141,-0.291514532661166,-0.0854985318848674,4.04174379701021,0.361972490607543,-2.4,2.36320924637437,0.109650348644627,-0.371906642233321,-0.0917478258015123,1.69078963204898,0.926412218818206,-1.19205248434328,-0.292233910565591
9.12,0.554512321652483,4.97876429966224e-05,1.97820439364078e-05,-2.37837020612865e-06,-0.277764758920296,4.23150876814479,0.369502168730775,-2.38655576159611,2.23163378509916,0.236990775650002,-0.300291076819736,-0.188881841994013,1.70354915950238,1.08241490839501,-1.13151590201876,-0.296117645715196,-0.277498531884867,4.23080053672016,0.370744518499113,-2.4,2.23678826345746,0.239394291264223,-0.298978167209519,-0.189088209939985,1.70371817717013,1.08294122518229,-1.13356973973149,-0.298116051613919
9.2,0.53935831652005,4.33053424592974e-05,3.07163102157375e-05,-3.03996338214008e-06,-0.470279066177,4.40864381256437,0.387995138509264,-2.40073174159461,2.02497258274283,0.35590013776623,-0.214011548859439,-0.283024269880312,1.70712054323271,1.21557575547108,-1.02964207868688,-0.308267154057977,-0.469498531884867,4.40974359779676,0.389896061800251,-2.4,2.02864233365619,0.354584067606998,-0.213092980468361,-0.282775452226862,1.70770890693012,1.21811065405397,-1.04002633053083,-0.305634432625179
9.28,0.52422803759622,2.98318180453413e-05,4.14490329959494e-05,-3.19412125199662e-06,-0.662280568848243,4.56968009058748,0.416569580030175,-2.39455674747663,1.75537572802545,0.43542689555085,-0.114104266696674,-0.369136172917716,1.7013281104457,1.30653996419857,-0.89591422289982,-0.314680458492606,-0.661498531884867,4.57203498448925,0.418262787208811,-2.4,1.7499642796203,0.444489537827011,-0.113813064715971,-0.369266591397241,1.70114647173041,1.30883922326349,-0.912020882441912,-0.313534074018808
9.36,0.510506488587936,1.63711750814838e-05,5e-05,-2.76887172900422e-06,-0.801805925583184,4.71296550869217,0.455929341465727,0.00599823230838122,1.4190609680076,0.506553077550245,-0.00203490233307727,-0.445436220157065,1.6816660038789,1.36325491932128,-0.768055364962501,-0.318648576268505,-0.8,4.71203212685888,0.453821950234971,0,1.41387774244194,0.500603718879519,-0.00266809773381693,-0.444604803306924,1.68330976839818,1.35550230053937,-0.756521505767969,-0.320381996185326
9.44,0.497342387861986,-6.11289677682064e-06,4.71603354322098e-05,-1.74324517503301e-06,-0.796728643208735,4.82749372264769,0.492169726682606,0.041315575476179,1.03238005138044,0.507194072193086,0.119325486682252,-0.504148532438038,1.6558942422515,1.33365264942732,-0.617301022429419,-0.325090482656018,-0.8,4.82514234625423,0.493870247745333,0.0403521297927802,1.03573867270005,0.514007303090912,0.117905976406396,-0.505194693106229,1.65509805485791,1.32828712093832,-0.6111776525004,-0.324693357795448
9.52,0.484947864451708,-1.88232072516851e-05,5e-05,-1.84828824741716e-07,-0.797348685384172,4.90764839686438,0.534486684775031,0.177191634137885,0.63153964797764,0.477828999343576,0.240049339325233,-0.551072507621898,1.61918326025423,1.26678406453869,-0.4556303858579,-0.321433515185475,-0.796771829616578,4.90800144007024,0.534990831992606,0.176296298402608,0.631394835076456,0.478401925485538,0.241616375869577,-0.550693867771361,1.61904799427707,1.25984954691246,-0.456264963431736,-0.32515047301415
9.6,0.475597931276561,-3.62576856934212e-05,5e-05,1.7522863524102e-06,-0.785048018021664,4.95864944970506,0.573064494999705,0.40026727388358,0.214074043272054,0.392536259919976,0.3641398470212,-0.578452417685962,1.57961079310444,1.14034428815826,-0.299260112510609,-0.324706969301994,-0.782668125744369,4.95851302687635,0.573262986031449,0.39908751504476,0.212068345737495,0.393181934510627,0.363276360464579,-0.579910834187287,1.57916098350912,1.13458288637634,-0.300745254414424,-0.320816750931953
9.68,0.477022111305119,-4.98652970246441e-05,5e-05,3.8397546815393e-06,-0.752634201220577,4.97607574980246,0.603806415391846,0.705325029689052,-0.218298119264554,0.270619658138802,0.475519314597118,-0.592749121838096,1.54035410240094,0.968423403695807,-0.146971842301531,-0.309878573512005,-0.750741124540788,4.97547849453535,0.604717540792299,0.704051334225752,-0.219752172436948,0.271479799581116,0.475357811576472,-0.593280378710019,1.54026173091772,0.965319381195367,-0.143945410959,-0.311320340924127
9.76,0.494473552165278,-4.95835570110643e-05,5e-05,5.81213926759835e-06,-0.69530403669768,4.95836209637269,0.626979752742233,1.09048556882711,-0.665702992359905,0.133066933179426,0.57098839724724,-0.591803774551195,1.50897875957711,0.803009654205612,0.0142947001452986,-0.295918977675326,-0.694417017802728,4.9578983207404,0.626435924758788,1.09283234303032,-0.668811624681506,0.134714223577618,0.571069443053186,-0.592121037001479,1.50719677685301,0.798445987725012,0.0146343700935105,-0.296945865967937
9.84,0.513564088403311,-4.9312718099598e-05,5e-05,7.41146018395882e-06,-0.606907581161158,4.90575878369696,0.637337344864344,1.56080211185901,-1.12012846143465,-0.0139173965945692,0.598428303040971,-0.577742210946997,1.48293692242778,0.629697322801637,0.16945780663066,-0.28489659361792,-0.606990430360302,4.90439339076588,0.637213062644998,1.55809448826396,-1.12802133622397,-0.0127226669190333,0.6,-0.57829535605203,1.48387268120894,0.633855841809841,0.174992930169701,-0.278615980206763
9.92,0.528721343688677,-4.90811391720452e-05,5e-05,8.43888739440495e-06,-0.47940541793558,4.81382373825052,0.6370029892712,2.04818565744904,-1.60020616415625,-0.134675023553023,0.598736781929138,-0.55512467976547,1.47247423136861,0.480663701024127,0.331060314181692,-0.261719726880036,-0.482342871299185,4.81415168386796,0.636195249291475,2.05001354124151,-1.59653139902531,-0.14789339325105,0.6,-0.554155650946607,1.47134400326305,0.471284641440764,0.337047947594916,-0.257745080539023
10,0.544168056578178,-4.89135686675564e-05,5e-05,8.85598356702e-06,-0.318682701384645,4.6879686877976,0.626965747717573,2.4086141338514,-2.06463534574995,-0.249950998121496,0.59889221147388,-0.520774883411285,1.4686875560608,0.299892684077769,0.489808576168457,-0.237277199191506,-0.318341787999864,4.68642917194593,0.624363777831391,2.4,-2.06884901119578,-0.253745730424969,0.6,-0.520258731357547,1.46923524917974,0.31034209182192,0.500649056469287,-0.235842626358988
10.08,0.557773011229852,-4.88287717824842e-05,5e-05,8.70243346762163e-06,-0.126826424895032,4.52187355329014,0.602873141624734,2.39167486639953,-2.39662999946384,-0.326624553576584,0.59873647941528,-0.476229435733223,1.47586579615729,0.16108678794578,0.670045870338056,-0.21919620681772,-0.126341787999864,4.52092125105027,0.604064119397394,2.4,-2.4,-0.328427855924371,0.6,-0.476549110497199,1.47735228106141,0.150557801503193,0.66560410922845,-0.214319929434706
10.16,0.568960435464825,-4.88377274709463e-05,4.97963084041816e-05,8.00641374509515e-06,0.0652002740646561,4.32678603108207,0.576400791021308,2.39801673324797,-2.40332611034934,-0.368823478422396,0.599869174063441,-0.423813284344359,1.49568300877482,-0.00993386739483462,0.821600671925703,-0.195495563804491,0.0656582120001359,4.32892125105027,0.577789890923444,2.4,-2.4,-0.371425482649823,0.6,-0.422920237550773,1.49526326408983,-0.00856714320488733,0.831026480437072,-0.194518615569197
10.24,0.577286268601362,-4.89425672020386e-05,4.95039217402351e-05,6.80772901535069e-06,0.257446179338521,4.1366414790106,0.549331449619348,2.39723066337791,-2.39574642190377,-0.384730713891362,0.589661384433695,-0.359240136804891,1.52112705885224,-0.17384947359369,1.00060135236385,-0.19043557376412,0.257658212000136,4.13692125105027,0.548075852311458,2.4,-2.4,-0.383822781653516,0.588199829881884,-0.359263499674443,1.522344447435,-0.167509493137742,0.996423878166032,-0.177681866528234
10.32,0.582517020915021,-4.91363567185129e-05,4.92382461521203e-05,5.15505806769588e-06,0.446053535249887,3.94511783081377,0.519193548624019,2.40739419497465,-2.40452121644906,-0.365501639605445,0.561656352328045,-0.282376444212875,1.55829225836137,-0.321388654656293,1.15483761665548,-0.174683050562086,0.449658212000136,3.94492125105027,0.517370029779177,2.4,-2.4,-0.362081147460747,0.562629074745673,-0.28505909351139,1.55695912353156,-0.326667356062259,1.16172182698988,-0.16493247259941
10.4,0.583894162358186,-4.94037416782857e-05,3.81554263096072e-05,3.15010963818759e-06,0.63898783354533,3.7533146048598,0.487182943785159,2.3985725287915,-2.40040996066615,-0.308228852130522,0.525222740014899,-0.200094799608931,1.59510612944135,-0.479608162506289,1.28899952048829,-0.159264578719905,0.641658212000136,3.75292125105027,0.488403537982317,2.4,-2.4,-0.304286908053896,0.525239041000237,-0.19940902032734,1.59698785194692,-0.486310028559791,1.29067773349002,-0.157141679912143
10.48,0.580804454866524,-4.97223957056314e-05,2.48460300062592e-05,9.17280191456956e-07,0.835038960341483,3.56206086553893,0.464052331257702,2.39671245838552,-2.39573200432127,-0.223835678475818,0.477437904459491,-0.103971314209563,1.64015653102104,-0.646296533246593,1.3819397429718,-0.147125124911286,0.833658212000136,3.56092125105027,0.464060585338005,2.4,-2.4,-0.213430940583189,0.478069177247646,-0.103769529860532,1.63871160091304,-0.646702580478851,1.37581037515564,-0.154873079568477
10.56,0.573177342923329,-5e-05,1.1427748053899e-05,-1.33670273268777e-06,1.12979310575152,3.37082781977533,0.443992673369509,2.40698030665683,-2.39856934082785,-0.0894426519951991,0.423322224078928,-0.00129991053696265,1.67728982291902,-0.802669223260769,1.41986441616487,-0.154892516406047,1.13,3.36892125105027,0.44698611009135,2.4,-2.4,-0.0983590733960003,0.422205104096889,-0.000344488023860445,1.67856226092399,-0.80773473442802,1.41678959010726,-0.158178987956118
10.64,0.561650598034218,-5e-05,-2.14956840770055e-06,-3.42005409763936e-06,1.32101268797072,3.17563150392236,0.440323778058103,2.4036395723903,-2.36378021699437,0.0290277266809402,0.356325050699034,0.108408636157888,1.71364626749722,-0.96004178003541,1.41406548328379,-0.156727963494809,1.322,3.17692125105027,0.43911738421967,2.4,-2.35630436081749,0.0276509924607928,0.357574302073639,0.108231137106347,1.71346411066428,-0.968457553984249,1.41319278160127,-0.166637402270001
10.72,0.547497954010481,-4.05215426844409e-05,-1.51348171006981e-05,-5.17376755248172e-06,1.37071397359694,2.98693057267759,0.442676212553216,0.053428365520093,-2.26044705532176,0.149548013296789,0.283140551856068,0.2172703959575,1.74081928128869,-1.09345815825146,1.37660341937194,-0.171161985938663,1.37017885557813,2.98498913596322,0.441329463616534,0.0540137394574054,-2.26629160827943,0.14928121497051,0.283040306717732,0.218801530860218,1.74070545586189,-1.09720161359149,1.36716594308175,-0.179433068149326
10.8,0.532514748211137,-1.29467307748177e-05,-2.31493915953921e-05,-6.46348712229209e-06,1.37594840507869,2.80399945195793,0.453375249370966,0.287164783057591,-2.02127037960588,0.250747413357628,0.197433698243823,0.32687070764632,1.75777498059131,-1.13228475996838,1.30226052478922,-0.203604214579641,1.37449995473473,2.80368580730087,0.453271960814175,0.281231262562204,-2.02711383554273,0.251833236478477,0.198991370916904,0.327831842133824,1.75787672318061,-1.13356608399627,1.29536456401149,-0.195418444529929
10.88,0.518207794722062,-2.96265086877597e-06,-3.49960502226017e-05,-7.17527590708467e-06,1.39618021971047,2.64119792597239,0.476623870842115,0.401896099406163,-1.71577330077168,0.322641423321898,0.109426583275856,0.43187738052154,1.76315742305397,-1.13068099119267,1.17469221601827,-0.20755087155771,1.3969984557397,2.64151670045745,0.473418619732453,0.406085528910882,-1.70753255278173,0.322016320747594,0.110061196569608,0.432506473775249,1.76332753339475,-1.1363628044486,1.18468469045006,-0.213164203721408
10.96,0.506525901116692,6.85344053822987e-06,-4.53719450492376e-05,-7.23958500254513e-06,1.43198558929404,2.50326812735177,0.495763308338723,0.434891364290228,-1.31726929829705,0.35469410321292,0.0135092304874172,0.528858302237749,1.75484105634361,-1.10638925391893,1.04922418740366,-0.220884757133888,1.42948529805257,2.50491409623491,0.49917992539226,0.431383470008098,-1.32038375524595,0.349841047726504,0.0161329389124753,0.528580904284232,1.7561242667243,-1.10638926745777,1.03992859258694,-0.231069010974124
11.04,0.499051002060923,1.64795865289117e-05,-5e-05,-6.62744823582658e-06,1.46449870104102,2.40080794176288,0.526784239921076,0.359577345454198,-0.872585042801146,0.328064527456924,-0.0825163140332492,0.598453514742093,1.73768064616636,-1.04152966410691,0.88112281641473,-0.252884514686393,1.46399597565322,2.39928339581524,0.527167209210381,0.363015469077641,-0.878042023912757,0.331061027990172,-0.0823887607723109,0.6,1.73627419530609,-1.04460610808286,0.880090444670574,-0.247459892937401
11.12,0.49682030333503,2.58877065738808e-05,-5e-05,-5.36123121570365e-06,1.49289369420962,2.32846409195414,0.554542006837801,0.208277498925219,-0.397355427943185,0.263744105981577,-0.183882508292053,0.599614477838517,1.70594270498329,-0.956633349098142,0.71974290757899,-0.253674549324273,1.49303721317943,2.32904003390222,0.553652091449594,0.20945082584659,-0.399783668035485,0.272754554851864,-0.18341905102741,0.6,1.70534878244532,-0.952029607867837,0.720332105324903,-0.260719190469052
11.2,0.499608923856618,3.49565437228651e-05,-4.9977272327038e-05,-3.54658845252339e-06,1.51274875763969,2.29648322845334,0.576697034467349,-0.0173611743404431,0.0684206331260462,0.207428594847148,-0.282809104003889,0.600166200278504,1.66564320737354,-0.832225867993215,0.566730087569564,-0.272734476754848,1.50979327924716,2.29705734045938,0.575472455837743,-0.01723236490001,0.067127101038677,0.208715965567083,-0.280802188393478,0.6,1.66776611777426,-0.830002637825492,0.560361227743844,-0.2694905472008
11.28,0.504009716978884,4.33474138223984e-05,-4.97709513935221e-05,-1.43892854263548e-06,1.50604009767429,2.30425177739076,0.59512803098636,-0.310213344539497,0.527743331198411,0.135972652967142,-0.369775153584002,0.599794959358842,1.62802303309926,-0.675242030461614,0.389246207184125,-0.272074802009814,1.50841469005516,2.30242750854247,0.59216973308311,-0.311440492269449,0.526916424083518,0.134466676380565,-0.369873405933116,0.6,1.62761503530736,-0.680980681241135,0.400391449317562,-0.273049278564168
11.36,0.510606663757147,4.96816867120874e-05,-4.76930441258628e-05,7.33155007556085e-07,1.48338648774704,2.34448790389297,0.603446058085071,-0.65604694757276,0.982309219505786,0.0508581399264509,-0.44746350879899,0.600162783700875,1.58902254559183,-0.512019157177053,0.255017397917743,-0.280663545732212,1.4834994506736,2.34458082246915,0.602927067193555,-0.666196909768691,0.985399567155987,0.0481954185220691,-0.446207255259563,0.6,1.58890842739715,-0.51197030901354,0.246303916913324,-0.271236053207736
11.44,0.519728382593945,4.99603891865206e-05,-4.34262516213274e-05,2.75315264651622e-06,1.42851154957138,2.42389892759621,0.611126814334119,-1.07867568968194,1.45129190388523,-0.051381660876706,-0.505547119723945,0.598793738763054,1.5557851720938,-0.338945314199255,0.107121968798385,-0.257014327856678,1.43020369789211,2.42341278784163,0.606782700675321,-1.07338817207014,1.44872857191574,-0.0486899862366806,-0.506373865287615,0.6,1.5548886959528,-0.343221458176608,0.10514791437364,-0.264427007184263
11.52,0.531345483988502,5e-05,-3.89572447083779e-05,4.45359869929601e-06,1.34174496219103,2.5391262836745,0.603592207633938,-1.51855655744899,1.93039202791481,-0.14668295196801,-0.551086343536139,0.596781695252063,1.52629554442001,-0.17132139903798,-0.0238087661754596,-0.256605028118281,1.3443326441265,2.53931107359489,0.602887501776386,-1.52405734426405,1.92239350678322,-0.151702041374887,-0.549278926399765,0.597096257700346,1.52753095156432,-0.1754340857913,-0.0224300531212577,-0.253412449545419
11.6,0.544719452832424,5e-05,-3.78428398470274e-05,5.74107629737489e-06,1.22248783414465,2.69185033256349,0.590716220606137,-2.00508380753014,2.40014513439811,-0.248076811021324,-0.576671665569834,0.585585748550468,1.50786798672105,-0.00952603001439571,-0.139722045965095,-0.240064907977908,1.22240805658537,2.69310255413755,0.590751338466395,-2.00906864766258,2.4,-0.253472111844998,-0.574432486980441,0.584981837318526,1.50775511949586,-0.00858584838426821,-0.147584167277241,-0.23921372620817
11.68,0.559753870940177,5e-05,-4.96241161548702e-05,6.58208520973097e-06,1.13060764130777,2.88201195797036,0.570546514493457,-0.00637673964858276,2.40365696509666,-0.345702550822831,-0.582000305229419,0.564357168679208,1.49449679739687,0.154029535206928,-0.316298713659029,-0.217570627587041,1.13,2.88510255413755,0.570473569518796,0,2.40000000000003,-0.341778696232707,-0.581510879037325,0.564671771221553,1.49618013468907,0.157431725110053,-0.31327870030514,-0.222935035239039
11.76,0.569055219722441,3.54705454173905e-05,-4.97916516479239e-05,6.96014187606055e-06,1.12578753657371,3.07727014848727,0.542778995154575,-0.00288890794353384,2.39984067307348,-0.403715195232632,-0.568726924270181,0.533694029226732,1.49387353886883,0.271498457929213,-0.475717690613095,-0.203035102234037,1.13,3.07710255413755,0.543131273820179,0,2.4,-0.41243866458924,-0.569636582725375,0.533932444920243,1.49483423712398,0.273950157164192,-0.480574684459757,-0.205721341539937
11.84,0.58190464806606,3.16061482678023e-05,-5e-05,6.78275630733046e-06,1.12893259106595,3.26568980437417,0.508091142722327,-0.00136720446219966,2.3954518269084,-0.448249226604578,-0.545927248579477,0.49149000053456,1.50231291657058,0.382552680805919,-0.644439433559262,-0.191266766135357,1.13,3.26910255413755,0.51013618065304,0,2.4,-0.447344522036853,-0.543655440390207,0.492681133405662,1.50282195792807,0.37674697462578,-0.649162807473371,-0.188946354536925
11.92,0.593013071348758,2.61543130656911e-05,-5e-05,6.11799356869165e-06,1.12771270145953,3.45907201896785,0.472866644558235,0.00845930256736487,2.4001510494784,-0.429554252600433,-0.506656341230772,0.440370614302056,1.51730331185824,0.460675847593748,-0.811467620898487,-0.169548545519281,1.13,3.46110255413755,0.474348618890092,0,2.4,-0.437202699106508,-0.506039204507177,0.44041675732231,1.51862880447626,0.460666595008399,-0.818166753819202,-0.173815446400302
12,0.600897234554658,1.94123567043382e-05,-5e-05,5.06443647402728e-06,1.13098268068493,3.65287578696441,0.441443521402442,-0.000536880171617858,2.39843654067161,-0.371192775251863,-0.458297260914131,0.377209841425344,1.54067219756168,0.525986181892434,-0.992142383471798,-0.167707134344579,1.13,3.65310255413755,0.439372402961571,0,2.4,-0.376788754001209,-0.459965651292797,0.376426504372294,1.54025645865141,0.521518706002474,-0.987419898532614,-0.161290176114892
12.08,0.603721984499086,1.21627778228147e-05,-4.40095010095399e-05,3.74283216681707e-06,1.13130946983526,3.84545780734009,0.410786013195296,-0.00251943809499476,2.39425609803322,-0.258564079353375,-0.408963763323986,0.300100892917102,1.56649662776762,0.557899104209069,-1.13150617586521,-0.145759747283785,1.13,3.84510255413755,0.409229302641474,0,2.4,-0.267190643729758,-0.408953424552006,0.299914934215399,1.56553051240717,0.557677935699536,-1.13677729533524,-0.152033473071476
12.16,0.596661298622239,6.90254317213877e-06,-3.44544104105348e-05,2.27873982702447e-06,1.12695600104703,4.03855294270728,0.388319031604463,0.00616551097878826,2.40353319084588,-0.117129323077815,-0.356886755371938,0.209517710329027,1.59232953267443,0.566942232828743,-1.26118464417632,-0.139504155399642,1.13,4.03710255413755,0.387854051143094,0,2.4,-0.122174771989724,-0.356607068199836,0.211635590830025,1.59170215220051,0.575886703942244,-1.25423801517293,-0.146397736027486
12.24,0.58396612638001,1.65999989227284e-06,-2.32552558531788e-05,8.23933130752007e-07,1.12965896083538,4.22785868496491,0.379193347085717,0.00194444693385426,2.39188365618261,0.0426786882807044,-0.306366765820503,0.115379675687649,1.61652317405334,0.581825801190132,-1.34453362328677,-0.137333044353979,1.13,4.22910255413755,0.378080069383916,0,2.4,0.0441674630963931,-0.305368264185608,0.113520653911927,1.6163041013784,0.576281999248376,-1.3342784647586,-0.144359999901719
12.32,0.566787087044359,-3.2683843702799e-06,-1.10346843324913e-05,-4.90644255189715e-07,1.13040929295655,4.41846104100666,0.382019602107873,0.00427011126240775,2.40528218524787,0.214792781836771,-0.257122446003449,0.008948285575458,1.63876225509454,0.570247295837813,-1.37668815399249,-0.142376952101251,1.13,4.42110255413755,0.381613466431627,0,2.4,0.21418709306939,-0.256862702583063,0.0082445870443185,1.63751760370251,0.55996337541648,-1.37346902864919,-0.145573452166695
12.4,0.546873146856157,-7.63454770863398e-06,1.59073242642026e-06,-1.57387091762156e-06,1.12634922737166,4.61461152532698,0.397645373999385,-0.00449483800954154,2.38115630911857,0.374750125894406,-0.211428700293281,-0.100564513227943,1.65517773544767,0.530139490559827,-1.37656745135452,-0.145666621564034,1.13,4.61310255413755,0.398748433877178,0,2.39126798451701,0.369677269802187,-0.211928354528419,-0.100986652037494,1.65416847727618,0.528855699842664,-1.37044176212739,-0.149465920507182
12.48,0.526270433615302,-1.13753982552306e-05,1.41115217641007e-05,-2.37273801540976e-06,1.13038411623808,4.80485227201873,0.427489139299659,0.00611239256159078,2.27985381565632,0.48586943872777,-0.172376424687321,-0.211170053966342,1.66492898357295,0.492618947359829,-1.32263035180161,-0.151913230879325,1.13,4.80440399289892,0.428322615461353,-1.55976996315872e-14,2.28298831308122,0.494877231472338,-0.17077219270194,-0.210684292517899,1.66559825581432,0.485115772926922,-1.32552388027133,-0.155334132125965
12.56,0.548983478490938,1.86579219434678e-05,2.36355068398664e-05,-2.86394558383239e-06,1.12986396360916,4.98742154968032,0.465552023097446,0.00150809287169271,2.07752977325678,0.64404556220139,-0.133228052150555,-0.317917286940853,1.67200224310774,0.537640797176274,-1.24327577143087,-0.163367704944991,1.13,4.98704305794541,0.46791279397914,0,2.0670562571178,0.650584517041988,-0.133197992332795,-0.317295539810055,1.67150399253208,0.541661864820601,-1.24869092650925,-0.162417189185556
12.64,0.523239854017706,1.21977200773867e-05,3.15020704815985e-05,-3.04409628691483e-06,1.12894027016912,5.1543170338279,0.521675963001726,0.0118740297874965,1.77302746375773,0.750445389158363,-0.0904714003292113,-0.4192224197693,1.67136361338512,0.569799909637522,-1.14489484649348,-0.161831182542137,1.13,5.15240755851484,0.519959555342499,0,1.76844241912214,0.741727183373797,-0.0899925430953169,-0.418031545515956,1.67191264851217,0.576716557488562,-1.14593636687408,-0.169945791620193
12.72,0.503906100854568,6.84593622916008e-06,4.2042380530927e-05,-2.92750164968046e-06,1.13203927479468,5.29014856298001,0.580144540882613,-0.0390838638766642,1.39709798830604,0.770424559182238,-0.0406789148589774,-0.510761371824329,1.66796264055369,0.608697985752577,-0.997350195885564,-0.171811271139509,1.13,5.29388295204461,0.579297730012403,-0.0435360534123163,1.39996275366894,0.772306993190144,-0.0415001223028756,-0.510557340995244,1.6661113801427,0.594121558993595,-1.00825699169259,-0.177186034362161
12.8,0.490230124469596,2.8372724527655e-06,4.922017464127e-05,-2.48769458508156e-06,1.12469590438908,5.40706363851073,0.639413050950551,-0.0355123727711928,0.974491544649254,0.746680042913109,0.0125428795642662,-0.592264433356792,1.65393513652094,0.597723356591003,-0.844281099849115,-0.184139336953662,1.12651711572701,5.40587997233812,0.641082289467615,-0.0390332864679651,0.972939497064523,0.747229547487099,0.0120876639259227,-0.591736541591734,1.65371417751416,0.598588462127492,-0.846806271938029,-0.183338554435321
12.88,0.482446284278585,-8.48391581309214e-07,4.95003218543467e-05,-1.71634754585896e-06,1.12092998415706,5.48232484665819,0.702177572569404,0.00717116695627289,0.499738236778901,0.66368010561003,0.0689914159970358,-0.600156243274553,1.63477150740036,0.60016943092726,-0.683088420058157,-0.184658391321924,1.12339445280958,5.48371513210329,0.700860653266583,0.0109192637628134,0.497058794342532,0.674230923119463,0.0703817105884828,-0.6,1.63505711227488,0.591400822798052,-0.684545294617346,-0.187583393328224
12.96,0.480395192165554,-3.82780190340156e-06,4.97923588809257e-05,-6.43918003737292e-07,1.12449322375624,5.52389810353337,0.756896239608781,0.107693062789973,0.0189493659704195,0.599610377314142,0.131354376703237,-0.599942293137818,1.61255646939066,0.585664762061304,-0.526751391064064,-0.182670733983694,1.1242679939106,5.52347983565069,0.75479912711614,0.101744359395806,0.020877362022936,0.592552078536395,0.130569706304963,-0.6,1.61225342587273,0.575014278163441,-0.521342315019685,-0.189175919383159
13.04,0.480195018503126,-5.61758857368526e-06,5e-05,6.04763422424459e-07,1.1330081554166,5.52597443822902,0.803542828054615,0.250769586596307,-0.454572369070456,0.505175756600099,0.190167629784456,-0.600652051252452,1.58605895026035,0.541306875931259,-0.355875145897103,-0.185871695762074,1.13240754266227,5.52515002461252,0.802203293399051,0.232604704039237,-0.452026389909191,0.506327207045119,0.190551533965398,-0.6,1.58749318188453,0.55348483043834,-0.357385260247235,-0.18768022971197
13.12,0.473759141154821,-1.12262047180907e-05,5e-05,1.90559467999444e-06,1.15354905064387,5.48835897530521,0.84413767195353,0.398013580551413,-0.92235165185012,0.404375985762406,0.247530151260841,-0.598184809084629,1.56418376396612,0.518260566734885,-0.195317257985356,-0.171903189264179,1.15101591898541,5.48898791341979,0.842709469962661,0.399899167772825,-0.916253813538112,0.40407471984755,0.248620993720748,-0.6,1.56306945542031,0.514106568946106,-0.193290770772414,-0.182967348319582
13.2,0.469152735724725,-2.37014199347831e-05,5e-05,3.13374892322353e-06,1.18173751805389,5.41339947146972,0.877026600713289,0.59234716642228,-1.36447306936317,0.283339535181093,0.301687037012972,-0.601430374497188,1.54186626108269,0.432808311042015,-0.0305299366909631,-0.175826188748288,1.18300785240723,5.41568760833674,0.875035447550465,0.601598573770439,-1.37428550444326,0.286479761680349,0.302058737741588,-0.6,1.54126943313162,0.433948405932085,-0.0289210738171196,-0.17521701864889
13.28,0.47875240866186,-3.72501653716188e-05,5e-05,4.16953781794741e-06,1.23003370393829,5.30548128628968,0.901923099402953,0.832280244776263,-1.85261105622321,0.170409330988766,0.346187254393016,-0.595567108958096,1.52424066772003,0.319194415928963,0.141134180312591,-0.180321636247289,1.23113573830887,5.30574476798128,0.897953828484893,0.841137922991831,-1.84037883302864,0.172332668723198,0.346401120051793,-0.598038962308101,1.52422057427098,0.309385049739404,0.135954243003826,-0.164904995109279
13.36,0.502020558419679,-4.93019483329634e-05,5e-05,4.90647228266466e-06,1.29886921717638,5.15799417189911,0.914612798261818,1.12989719770785,-2.31785554408465,0.0928524909445252,0.376430142426223,-0.582228578632966,1.51388474163865,0.133759138352364,0.301522434592358,-0.150552845912858,1.29842677214821,5.15851446133899,0.911740441982748,1.12181432409888,-2.32661393400038,0.0813038895573029,0.377089870206272,-0.583329653796448,1.51367402910454,0.145337740057582,0.301531106766012,-0.152770398929937
13.44,0.509450545276004,-4.92929151024385e-05,5e-05,5.26240959568397e-06,1.38689713853806,4.97169674124137,0.91930505142112,1.41960895191626,-2.40843117271962,-0.000151975313895998,0.389230202659485,-0.555575283396092,1.50902327405072,-0.0284245552369659,0.466770985061474,-0.142890337685845,1.38817191807612,4.97238534661896,0.918244753147333,1.42828075456794,-2.4,-0.000687972506161483,0.390353961720693,-0.556401803288547,1.5107018896652,-0.0180162848492588,0.467916079602826,-0.139755505194669
13.52,0.529511646616347,-4.93755530344651e-05,5e-05,5.19494976252667e-06,1.5033215317803,4.78168185549042,0.919384107556639,1.7584170793248,-2.39792850830842,-0.0557963812811077,0.386897244484724,-0.516821197319003,1.51648886253053,-0.183076197077648,0.629436329074589,-0.12362659921469,1.50243437844156,4.78038534661896,0.91818971534684,1.75822170614215,-2.4,-0.0462592901223289,0.386484218051106,-0.51753012329774,1.51530004103502,-0.181104277119715,0.634994331294774,-0.126907451866628
13.6,0.534186628398621,-4.95392219619163e-05,5e-05,4.72138427923163e-06,1.64565952058862,4.58763493302897,0.912727138905431,2.08665446021414,-2.39861808928417,-0.0641307290246923,0.367290950420465,-0.465753292293802,1.52686116870503,-0.34309027344668,0.800541310646646,-0.109630077954254,1.64309211493293,4.58838534661896,0.914488972137053,2.09149360320137,-2.4,-0.0666329101383608,0.366448544924383,-0.466650689666516,1.52651276807419,-0.34431291475047,0.802646518903323,-0.115230611901917
13.68,0.551244326696419,-4.97654484616986e-05,5e-05,3.90977368436686e-06,1.81392423379579,4.3976182313909,0.910699396211234,2.39388821911349,-2.39940284235058,-0.0426192859347118,0.330817210867749,-0.403179655193414,1.54327562506817,-0.494859640299841,0.975431330884472,-0.107545141762241,1.81041160318904,4.39638534661896,0.909158339325985,2.4,-2.4,-0.0343322820901312,0.331648974813894,-0.403399269837199,1.54263763012951,-0.507943350368449,0.970766813025185,-0.105561032195936
13.76,0.56396665054128,-5e-05,5e-05,2.86600055854216e-06,2.00031625816559,4.20498852997556,0.906416201278194,2.3962900759691,-2.39921615574415,0.0478616935848198,0.282730796342226,-0.326736915621335,1.56118169826429,-0.672503672485141,1.14355461644202,-0.0999955177727623,2.00241160318904,4.20438534661896,0.906411756758774,2.4,-2.4,0.0527478536332912,0.283628893248603,-0.327220270695988,1.56144967845946,-0.672077185840636,1.13927814141579,-0.0984728928110358
13.84,0.566552540854675,-5e-05,3.61882188243159e-05,1.72023391530332e-06,2.19348131002336,4.01098610868844,0.909108680215678,2.41081727041273,-2.39741658870491,0.183038646026969,0.222135865196569,-0.240067551415209,1.58217765208357,-0.829451443795898,1.26467114217014,-0.102469585656685,2.19441160318904,4.01238534661895,0.910631585049437,2.4,-2.4,0.183603176020122,0.223772710610222,-0.237514951059047,1.58039734390657,-0.835938634404533,1.26200830793947,-0.0942184422213593
13.92,0.54141034160141,-4.02184819918259e-05,2.04810859636166e-05,6.15405907449355e-07,2.38540806690994,3.81868715297385,0.924795447057533,2.40019758097746,-2.40131963597114,0.313577957235555,0.150621788696015,-0.138278630035935,1.5966608645704,-0.964985096862574,1.33688879037741,-0.0866045809949618,2.38641160318904,3.82038534661895,0.925319839131047,2.4,-2.4,0.310964426440179,0.153253130773588,-0.137398879645629,1.59588682046554,-0.966939962690316,1.33262702763235,-0.0926964317537441
14,0.526888748166134,-2.87262814437769e-05,5.65950666831217e-06,-2.5467191050767e-07,2.57831636832365,3.6290016056945,0.950357518866898,2.39353847669136,-2.39284133076741,0.443169998672124,0.0744312866222156,-0.032140170554199,1.60610831784914,-1.06621832582262,1.35798210778412,-0.0894953958622965,2.57841160318904,3.62838534661895,0.950196993246262,2.4,-2.4,0.443152963712395,0.0746610164672138,-0.0309061819610903,1.60491759080731,-1.05942587306456,1.35404427440642,-0.0933262815957886
14.08,0.509214437991901,-1.71659605068126e-05,-8.89168882110031e-06,-7.35449915440962e-07,2.770727235968,3.43449864791788,0.982761458478174,2.40176877504129,-2.39775373443803,0.547834468458003,-0.0101926714419588,0.0787627112371604,1.6064536089731,-1.12552561847927,1.32405444988411,-0.0997662850983247,2.77041160318904,3.43638534661895,0.985649230343253,2.4,-2.4,0.560670024055937,-0.0101126767377476,0.077672497090858,1.60555262505976,-1.11321895217979,1.32711744152131,-0.0951451826758046
14.16,0.491224663353693,-5.84974947019541e-06,-2.28052608137831e-05,-7.35705946851554e-07,2.871077955689,3.24529348401122,1.03086594506458,-0.00960299047403689,-2.32180813707624,0.650128538914895,-0.101434628203886,0.183473618618976,1.59492234362799,-1.12431542945447,1.25622810964326,-0.104401388287219,2.87,3.24438534661895,1.03050283226773,0,-2.33258896371896,0.646480838179148,-0.0998461278330265,0.183759491200804,1.59684149719115,-1.12921693593567,1.2539147254736,-0.096964716967953
14.24,0.475146131188492,2.12475634662813e-05,-1.98638194972827e-05,-2.21206272740837e-07,2.87307643253604,3.06047349644845,1.08134066482648,-0.0867944455906808,-2.17951535020362,0.682642276152351,-0.192995909405718,0.282328678593075,1.57859248339847,-1.05419432955043,1.19062231576093,-0.0998979898887567,2.87,3.05777822952144,1.08222129932206,-0.0881714304902481,-2.18125224293159,0.688027156264458,-0.193476443889866,0.28279982310912,1.57882029474924,-1.05483709305453,1.19063717985416,-0.0975118002158358
14.32,0.462866159228473,3.12067004522856e-05,-3.07799550488105e-05,7.87296257710651e-07,2.86364882339659,2.88213825216066,1.13664775906508,-0.249713871057187,-1.95218070186206,0.681717320921139,-0.286117274518392,0.376017168168061,1.55188170625861,-0.944590863012144,1.09278823429403,-0.0934956679355782,2.86294628556078,2.88327805008691,1.13726347182322,-0.248189561419274,-1.95719435532613,0.678670589346538,-0.285409825319311,0.374773680311435,1.55177661147847,-0.947346012378135,1.09071199811314,-0.0955646737244502
14.4,0.454686874529725,4.12585771250614e-05,-3.93534209841547e-05,2.25570816137879e-06,2.84121016349717,2.72924573372857,1.19426528372442,-0.472354168983143,-1.66024674786338,0.611388087371545,-0.373254109416933,0.457495960883749,1.51641911302368,-0.810346124158409,0.968759069814532,-0.0945580731909867,2.84309112064724,2.72670250166082,1.19155711897094,-0.470334986664273,-1.66898791049265,0.615666568367115,-0.373747099118326,0.456348273126858,1.51749390719931,-0.806612942710151,0.961804453577184,-0.0899858981684387
14.48,0.451405966873477,4.97284300720806e-05,-4.48402955526078e-05,4.06993863191342e-06,2.80636515701304,2.59163708095321,1.2412523105623,-0.746440132130653,-1.31849457060078,0.519453192985995,-0.454239001858966,0.52480064570203,1.47925465455139,-0.638945168281194,0.810720856343501,-0.0750805891098072,2.8054643217141,2.59318346882141,1.24081044444031,-0.745376301785629,-1.32461877266345,0.501513728976181,-0.455357200406545,0.52535248267437,1.47873259148011,-0.63808521823028,0.814066548518602,-0.079920201487044
14.56,0.451146303815134,5e-05,-5e-05,6.06678884380458e-06,2.74390355333753,2.48550663080372,1.27994738261135,-1.06060684797432,-0.928696596577072,0.338482207976367,-0.52593528614555,0.580920156503462,1.43896791041264,-0.473258226418939,0.650865997938455,-0.0620207892726306,2.74583421757125,2.48721396700833,1.2809315427584,-1.06339422844587,-0.932471366798994,0.339890879426434,-0.526335618758007,0.58102999160781,1.43899004688529,-0.469253029831519,0.648489032990201,-0.0649159319255896
14.64,0.38065846338584,5e-05,-5e-05,8.04872495347099e-06,2.66144984802084,2.41146327020438,1.30643773889299,-1.36483057963729,-0.56724756024228,0.0351525027609539,-0.585021260226252,0.599209190443495,1.39990774250623,-0.306642558869877,0.485971451162084,-0.0463531787216683,2.66076267929558,2.41261625766441,1.30812281311252,-1.35820125004462,-0.569405895344517,0.0442029066738351,-0.583938106401383,0.6,1.40243915168354,-0.301064816635413,0.482335666309991,-0.0450099747648736
14.72,0.425431184160323,5e-05,-4.99102835829769e-05,9.78851058369146e-06,2.55393106212254,2.36840556200038,1.31102573216498,-1.70393752109919,-0.133012943404572,-0.229142356251233,-0.600144093480903,0.599425190127602,1.37376096449043,-0.142011444569151,0.310008467821854,-0.0234594734947055,2.55210657929201,2.36706378603685,1.31165904564642,-1.70957591255972,-0.148286176652439,-0.219811959277778,-0.6,0.6,1.37302372215396,-0.133448344818275,0.316007713204595,-0.0208012120760519
14.8,0.456668525580726,5e-05,-4.96177656939816e-05,1.10792086904424e-05,2.41578795649931,2.35713047471988,1.29605613899958,-2.08697632508416,0.305434696830036,-0.441738505740324,-0.600487694246246,0.601925196753411,1.35259652755647,0.0322577838769249,0.143641427710302,0.00350862897748424,2.41534050628723,2.35520089190466,1.2940740889042,-2.08470938900239,0.312749739336378,-0.451593375233038,-0.6,0.6,1.35406422452202,0.0337436381191902,0.150354640367459,0.00659968121344603
14.88,0.491860490598586,5e-05,-4.93303006327073e-05,1.17548943110911e-05,2.25232596015142,2.3838210557045,1.25629311791769,-2.40025939558774,0.815283663675337,-0.64208594255549,-0.599490726370081,0.599824122206006,1.34622543114599,0.203835183147518,-0.019476805698275,0.0343990636645521,2.24856375516704,2.38022087105157,1.25794661888556,-2.4,0.816884913742898,-0.640757861021763,-0.6,0.6,1.34636314751667,0.200723450938795,-0.0144098567025852,0.0356716676383783
14.96,0.537094699773877,5e-05,-4.90671450643899e-05,1.1791658669434e-05,2.05481457561005,2.44538078863755,1.20693538710758,-2.39481276301569,1.36009448912765,-0.764027775765219,-0.581976823914134,0.599405750774272,1.35071079479654,0.375876172488931,-0.177975951156712,0.0579109813684163,2.05656375516704,2.445571664151,1.20668599000382,-2.4,1.37068472796481,-0.775144412910419,-0.581885471037537,0.6,1.35000554599759,0.367745506777149,-0.178100820844462,0.0648345789919729
15.04,0.572355158309741,5e-05,-4.88458903124045e-05,1.12055610049161e-05,1.81762229950504,2.39811630143521,1.14775055020155,-2.74397387802341,0.820782480475735,-0.856150088485249,-0.545450925643652,0.591664505186499,1.36504103624907,0.537982065392327,-0.342187159345592,0.0879480551245847,1.81648090288189,2.39732202546223,1.14467443697098,-2.74294790951171,0.835244268187621,-0.858355648550361,-0.544144053754161,0.59094741592353,1.36474368053991,0.535076973128379,-0.340584917982776,0.0925479644803733
15.12,0.611812519348306,5e-05,-4.86811935806307e-05,1.00305515897544e-05,1.59873872885755,2.46386987903546,1.07591938925792,-2.40087637392821,1.45989572213477,-0.857778405285962,-0.487532308970429,0.572449060150103,1.39035253258244,0.698309673964429,-0.499752954830179,0.122743740467363,1.59704507012095,2.46414156691724,1.07600598508696,-2.4,1.45794787432143,-0.870393238297242,-0.487624255838068,0.57146871989632,1.38935767823005,0.702968570545537,-0.501798800560577,0.117355338492812
15.2,0.611401485081482,5e-05,-4.85837213723974e-05,8.35242892669166e-06,1.40550715845266,2.58135512318112,1.00736279322701,-2.40071452280257,2.05994795113882,-0.848898603706527,-0.414503551654879,0.540278745207204,1.42080158733155,0.878519541969697,-0.666122755731744,0.144166676110763,1.40504507012095,2.58077739686295,1.00637452602318,-2.4,2.06068537001219,-0.847518159464984,-0.413958546974883,0.540402394308419,1.42158037169357,0.871627683223675,-0.661762311390748,0.138012410682979
15.28,0.610827279006725,5e-05,-4.85593816423359e-05,6.31112773341776e-06,1.21382595070119,2.74739052571033,0.938862863405682,-2.39932535097105,2.3964421626845,-0.78456211701904,-0.324954994773668,0.496528944118557,1.45939129134372,1.04191933259406,-0.822760195658354,0.150752440635769,1.21304507012095,2.74563222646393,0.938573073265978,-2.4,2.4,-0.779794977785337,-0.325387125814059,0.496374123275104,1.45820213870301,1.04119661490674,-0.820584510536462,0.153620974650995
15.36,0.610084156341779,4.45254611682183e-05,-4.86089002980942e-05,4.09317854778363e-06,1.13094253197418,2.93925309280682,0.876303059707042,0.00662533340410504,2.40264840406522,-0.652850602593688,-0.22466786810588,0.438319917159682,1.49505153170954,1.19507354597491,-0.979211640226372,0.157493509389986,1.13,2.93763222646393,0.876189475043151,0,2.4,-0.660938474961364,-0.224418610333851,0.438100752558223,1.49531110034689,1.19345364790746,-0.97846005019945,0.163744147860959
15.44,0.609330438575157,1.12579345651712e-05,-4.8727772719662e-05,1.91709016895421e-06,1.13159139516684,3.12961109980554,0.824444804626482,-0.00449957900085876,2.39559282927571,-0.496444020113448,-0.11459614756356,0.364204505468113,1.52823232241574,1.23718518341337,-1.12536160391775,0.166408157758818,1.13,3.12963222646393,0.823314397046242,0,2.4,-0.489386622879217,-0.114799095739559,0.364702009192176,1.52865043152585,1.23554998591985,-1.13573788437397,0.168485459683271
15.52,0.608296755098022,-5.31621496578163e-06,-4.89065937927913e-05,1.28870389933207e-08,1.12694670836352,3.32301416369926,0.783490375549243,-0.00725495056939015,2.40005925422576,-0.266418537637215,-0.00711731788335771,0.275713359657822,1.55659342888125,1.22094360396938,-1.29281740444441,0.167432016614223,1.13,3.32163222646393,0.784163467215904,0,2.4,-0.270544760176115,-0.00686957546792646,0.275984990959717,1.55412355235209,1.22315936940105,-1.29325541580053,0.16851733166891
15.6,0.605985561572314,-2.0031287691265e-05,-3.98265644046318e-05,-1.40565436310882e-06,1.12932226261128,3.51484531210597,0.761185036244927,-0.00427372318571202,2.41026150300248,-0.025062076107528,0.0958473918471641,0.17307659132269,1.56699333906665,1.15419897156582,-1.42059183174137,0.173068889923552,1.13,3.51363222646393,0.762519886401815,0,2.4,-0.0188298271494555,0.0950024643832645,0.172619609564,1.56887352379192,1.16236358654559,-1.42050171383399,0.165040893388739
15.68,0.579074983243994,-3.23491132134996e-05,-2.42950377065796e-05,-2.19883432913798e-06,1.13060090496596,3.7049232406483,0.76101748396979,0.110859059584854,2.3982039737487,0.206969621965235,0.18795950817036,0.0564552589210687,1.57172735027307,1.05669823122125,-1.50114551717853,0.157068953271432,1.13,3.70563222646393,0.761013500229859,0.0979931014989744,2.4,0.205963851879979,0.18840370400353,0.0582394572485058,1.57127305818489,1.06088724684226,-1.49627097557218,0.159602777138977
15.76,0.552058743637799,-4.28450197949214e-05,-8.66529203476316e-06,-2.29804363300887e-06,1.13824861324587,3.90156174085699,0.775609603703057,0.274574363756022,2.39582252102111,0.390982919120719,0.272473880260864,-0.0609836596691043,1.56162959663243,0.92350755863053,-1.51791356932415,0.156471817047476,1.13783944811992,3.89763222646393,0.777490608380257,0.281780873448001,2.4,0.383600023673832,0.272698814465298,-0.0617354089814919,1.56137950862402,0.924475474790042,-1.5204659626375,0.153919298280328
15.84,0.527656302401991,-5e-05,6.44298791088911e-06,-1.72799728002156e-06,1.16077837800201,4.08931790625475,0.807128383972732,0.537234149785536,2.34791329742416,0.50227875627385,0.346371783068712,-0.181339055253212,1.54074213445707,0.773557628679098,-1.49739626286286,0.142437734514559,1.16038191799576,4.08963222646393,0.808178610274164,0.533892760689348,2.34188750108377,0.500471213114185,0.34794890155996,-0.182194313258279,1.54043739095543,0.764030926963635,-1.49495489918353,0.149645647481128
15.92,0.508077014073489,-5e-05,2.04872887642571e-05,-5.76766339335653e-07,1.20422656993693,4.27730263870146,0.846837822760088,0.835043814648902,2.17457640546952,0.554320462727975,0.415046205339345,-0.297445341205713,1.51045722410544,0.610263186244085,-1.42090093680691,0.152317416776476,1.20309333885091,4.27698322655063,0.848216307323299,0.837061615861107,2.17875950005679,0.55073701605218,0.414510908537441,-0.29870575641651,1.51041590629746,0.603297090361603,-1.42331785284112,0.148219199676174
16,0.494803835071519,-5e-05,3.30225963463454e-05,1.03126809264911e-06,1.27193669844718,4.45013779431285,0.891728158044921,1.18325645727105,1.91551055594099,0.5357514436035,0.473690399384926,-0.40765915398014,1.47400796529584,0.442847380078841,-1.30313261207007,0.147261134764607,1.27005826811979,4.45128398655517,0.892275268607473,1.17639068159177,1.92086883240443,0.535439798399982,0.473553390406413,-0.407703840945138,1.47378893313364,0.442205680818267,-1.3105096412576,0.150769712781313
16.08,0.488594639029976,-5e-05,4.37442584796067e-05,2.94844304144539e-06,1.36493090535653,4.60671698590346,0.935382414600985,1.54460113686262,1.57482787140528,0.464376453987948,0.524483744452194,-0.507215767519746,1.43320920868454,0.277936910133179,-1.15821393491154,0.16323144006464,1.36416952264714,4.60495349314753,0.935110452479472,1.54097362816725,1.57743616910114,0.460302597810179,0.524944219570196,-0.506507940249324,1.43339983652524,0.280739103295529,-1.16252741063005,0.158061747384696
16.16,0.48964701896391,-4.97518378578297e-05,4.94901608037726e-05,5.0118282784592e-06,1.48909743246968,4.72796116966494,0.971834901446477,1.92342809859979,1.15802331593962,0.335304405143492,0.566483878673889,-0.592817468149535,1.39329924330364,0.129046578124925,-1.00543038543811,0.171154666062144,1.48744741290052,4.73114838667562,0.971934660304286,1.92306654321735,1.15569488974649,0.334199020104822,0.567190845770844,-0.593324762273716,1.39261151876772,0.119713464264279,-0.995978286640511,0.170456908057301
16.24,0.497713261797558,-4.94549399122809e-05,4.94995299368678e-05,7.03558293227367e-06,1.63931771178975,4.82308526214758,0.998235676447895,2.31904501646167,0.653229099117337,0.159292594222941,0.597977713061837,-0.598535301162515,1.35370391987374,-0.0415842478276201,-0.829162427779483,0.1802273415122,1.6412927363579,4.82360397785534,0.998670581912672,2.31696853370756,0.660786311344034,0.168123096323835,0.5978808439721,-0.6,1.3548505774063,-0.0407125368621573,-0.830070028602086,0.18785718117635
16.32,0.512177140396826,-4.91675454405492e-05,4.95780200298313e-05,8.83632112783544e-06,1.82697108701656,4.87850517626957,1.00942344113428,2.40143209343597,0.134071317103666,0.000930758982048738,0.599841793055829,-0.600096242832772,1.32461960706038,-0.199802816711252,-0.674418765182143,0.21881108101621,1.82665021905451,4.87646688276286,1.01212042961858,2.4,0.135892225138869,0.00445958608968849,0.6,-0.6,1.32461121538726,-0.200566633665444,-0.6646863495035,0.209711006576753
16.4,0.528674028132896,-4.89182482321151e-05,4.97192711620388e-05,1.01788011830554e-05,2.01895908009946,4.8857258520525,1.01281732974453,2.39725171409406,-0.417126467301301,-0.14343722925318,0.595553761790424,-0.599551905855278,1.30483709540036,-0.357898705826887,-0.498840708099327,0.238535192552813,2.01865021905451,4.88733826077397,1.01247719650575,2.4,-0.418228987536299,-0.140124270072738,0.59502280873773,-0.6,1.30500918409759,-0.360051958322039,-0.4997959424262,0.234885028731649
16.48,0.545238496685767,-4.87322180748543e-05,4.99122481599519e-05,1.09098227340651e-05,2.21081972378184,4.85528974677376,1.00087239574375,2.39738215731249,-0.991609487367679,-0.252192147283932,0.570184711568144,-0.600337760698132,1.29643206036417,-0.514596519808469,-0.327711549564398,0.258892415928251,2.21065021905451,4.85387994177106,1.00126725489993,2.4,-0.998279816510062,-0.262408705721429,0.570905413963383,-0.6,1.29670877788968,-0.519532808875582,-0.335453103794737,0.261866999817846
16.56,0.561250180382035,-4.86287941747339e-05,5e-05,1.1013371404771e-05,2.40354444212623,4.7740982480939,0.977145793997405,2.41254476326592,-1.59592863716747,-0.350375497316486,0.527670351367349,-0.600693459537222,1.30115063609418,-0.680182809403266,-0.167691471751098,0.281283485518331,2.40265021905451,4.77401755645026,0.98027455844222,2.4,-1.60056918002306,-0.354304376078856,0.527204934542909,-0.6,1.30049498741369,-0.679496919364546,-0.172260796797726,0.289105065554442
16.64,0.575515951415567,-4.86196334095136e-05,5e-05,1.04670417272779e-05,2.59559878682873,4.646866896339,0.952894299121044,2.40275006090461,-2.22300745359885,-0.403580131680535,0.463422275939599,-0.598617501088965,1.31566506761469,-0.836024092394298,-0.000816917717497681,0.312475791430001,2.59465021905451,4.64597202204842,0.951930208355912,2.4,-2.21915862677589,-0.409330895049703,0.463914097169003,-0.6,1.31631222441862,-0.840497296054301,-0.010762272737425,0.314991958873212
16.72,0.586959193629076,-4.87075899894607e-05,5e-05,9.29425903398091e-06,2.78685148286677,4.46934298696153,0.918488197566095,2.40020344921584,-2.39878675163976,-0.429160450660755,0.382910742079711,-0.597912393177993,1.34431287036814,-1.00143401925306,0.149257330557446,0.334808051477276,2.78665021905451,4.46843933190634,0.919183736751936,2.4,-2.4,-0.423931672513059,0.381520178376054,-0.6,1.34315068560892,-1.00309302000022,0.148820742338288,0.337978347803204
16.8,0.594604134802749,-4.88864333758576e-05,5e-05,7.5689383904536e-06,2.86850936354481,4.27615299949501,0.886886266203656,-0.00569868724565709,-2.40060637980039,-0.393577537570559,0.280451911464373,-0.598869232868937,1.38065100654311,-1.1633030337326,0.308043222785057,0.354237266090615,2.87,4.27643933190634,0.885269202950891,0,-2.4,-0.399019598250127,0.281072185797533,-0.599017567408474,1.37892651178268,-1.16779173643782,0.306320827791115,0.356697705741693
16.88,0.583732994403046,-2.82707241480577e-05,5e-05,5.42032921400032e-06,2.87130417245132,4.08341948218752,0.85257835646124,-0.000758792470417784,-2.3926374330262,-0.366136845121786,0.165174803094241,-0.583254470087118,1.42065550806061,-1.27364411174175,0.460316471094692,0.374490589558688,2.87,4.08443933190634,0.853347635090881,0,-2.4,-0.360386796979172,0.16429140448468,-0.58338897198009,1.42035280317295,-1.26528446462073,0.461646810592309,0.370103163345799
16.96,0.58334244377119,-1.32249898381555e-05,5e-05,3.03819146526208e-06,2.86838396478641,3.89198273190441,0.823150249921417,0.00427645422593724,-2.40014772453279,-0.290424598715977,0.0387438522100951,-0.553921593424504,1.46159377410408,-1.31287274087451,0.607720764481981,0.373690362061404,2.87,3.89243933190634,0.824516691332547,0,-2.4,-0.291316267215805,0.0398029235934557,-0.551797059719877,1.46258842092885,-1.31424945062698,0.61552188075011,0.377617162085125
17.04,0.580640577283829,2.15262176095041e-06,5e-05,6.89791029802335e-07,2.86906014308551,3.70028352828719,0.80172856177744,-0.0260384945593423,-2.41639372716404,-0.19754703167769,-0.0830014751983772,-0.504796263917899,1.49988497663422,-1.30713181964751,0.757985078200482,0.369454493961648,2.87,3.70043933190634,0.801211389955283,-0.0175579792256151,-2.4,-0.197765148055262,-0.0851248030368089,-0.503796414186827,1.5003356075307,-1.31357765961817,0.768611794961367,0.379323140456664
17.12,0.575271861163625,1.75818019422997e-05,5e-05,-1.34193734136014e-06,2.86532529496446,3.50935583502133,0.784428669042597,-0.133734604420041,-2.39766326609875,-0.0998091359552367,-0.204742951366955,-0.438951369981435,1.52948976288,-1.26318702526993,0.928409809413265,0.369239672946634,2.86859536166195,3.50843933190634,0.785390178110862,-0.13892759825233,-2.4,-0.0901675466371558,-0.203996511574716,-0.439950051659612,1.52889156588547,-1.26302802298851,0.921645978739045,0.376004285932015
17.2,0.565621881870593,3.52949581040423e-05,4.75379172723378e-05,-2.81561375891058e-06,2.85892532741494,3.31706705343131,0.778129216648822,-0.353930649444313,-2.40055778605257,0.0135864495719753,-0.311594504152892,-0.36166273774534,1.54333149389783,-1.15233458432481,1.06583919493109,0.366609529749909,2.85748115380176,3.31643933190634,0.778176774379889,-0.360026485596612,-2.4,0.0159620932810871,-0.311873468353549,-0.361653403091281,1.54493948050175,-1.15485589009985,1.06711171698467,0.369040762244723
17.28,0.555129790874235,4.93271344512876e-05,4.10156285913579e-05,-3.57260490930557e-06,2.82848863671268,3.12396754974057,0.778017396880639,-0.667917267889678,-2.41088152937159,0.110349275885106,-0.405155254228417,-0.272792543585263,1.54770759140432,-0.99463826455029,1.19208948132166,0.363586517580284,2.82867903495404,3.12443933190634,0.779453741842376,-0.67133942173413,-2.4,0.109692189750668,-0.404982309774387,-0.271343646401939,1.54697545314151,-1.00113963667542,1.19215817551765,0.360205062094958
17.36,0.548483604607955,4.91578944254053e-05,3.31979856705763e-05,-3.55715282252012e-06,2.77499272425009,2.93307845035764,0.786666766710934,-1.0588009932337,-2.39290296410845,0.181269627222211,-0.48261051781176,-0.172757131449999,1.53369153004151,-0.840892749424903,1.28910396988582,0.343581541494072,2.77497188121531,2.93243933190634,0.78822911702243,-1.06113655715339,-2.4,0.188308407782631,-0.481987729336911,-0.172332011055696,1.5354625794017,-0.848987418329381,1.29293144556694,0.351407577759421
17.44,0.55084171327433,4.90792256165769e-05,2.50749882466598e-05,-2.82109941343284e-06,2.69387532929193,2.73975440383271,0.802019594105835,-1.51967862506922,-2.39773794936714,0.257070543402669,-0.544751904483123,-0.0672358432735682,1.512785997158,-0.698782915908216,1.36747272763131,0.340240932030127,2.69008095664303,2.74043933190634,0.80329378964504,-1.5200437068383,-2.4,0.258366111407598,-0.545897060137329,-0.0676498877943891,1.51207993371069,-0.697796946525303,1.36831909690987,0.344430487053185
17.52,0.541846183518547,4.9095483389272e-05,5.54451667866877e-06,-1.47960137398017e-06,2.56837016020243,2.54515425435517,0.821696062034694,-2.02444576571719,-2.40052680695812,0.298434191583095,-0.599039213975914,0.0394679775820621,1.47841286346101,-0.543989031717445,1.37694511921186,0.34550859004789,2.56847746009597,2.54843933190634,0.823963078557648,-2.02256927209664,-2.4,0.294963463166601,-0.599465774790121,0.0402119784542672,1.47872049887716,-0.547027372901207,1.38009848213714,0.340771164398274
17.6,0.534711085906775,4.92019374749257e-05,-1.18795875196009e-05,3.45149448313395e-07,2.40709736753279,2.35567657623156,0.845989367045948,-2.39934226118227,-2.31482607253211,0.292562896144956,-0.599393743556885,0.145880000706696,1.43938721022545,-0.389892035016236,1.33692450675103,0.346514787969904,2.40667191832824,2.35643933190634,0.847560155610976,-2.4,-2.31926869996983,0.294377590198289,-0.6,0.146749911484875,1.43890428995807,-0.395874377450968,1.33519114440433,0.341624781607445
17.68,0.531223350364712,4.93852389474752e-05,-2.60825017051862e-05,2.44780868007646e-06,2.21384926970897,2.16855805205166,0.870554061451132,-2.40975600696647,-2.13442866056345,0.285875386326542,-0.600028736175604,0.251120884804271,1.40016682707959,-0.241848084451758,1.23917802336805,0.349356974859078,2.21467191832824,2.17089783590876,0.871110362826839,-2.4,-2.13615800584726,0.280644297639018,-0.6,0.250340044752777,1.40073801891437,-0.243711930231653,1.24427892888359,0.347678656600678
17.76,0.529048539419194,4.96247089408683e-05,-3.71543049279513e-05,4.38285928867743e-06,2.0225309949902,1.9994594464563,0.895182037047115,-2.39630755837231,-1.85071080330861,0.250621185057829,-0.600589298382197,0.345885013725061,1.36621809703077,-0.103933474841438,1.11037447396351,0.351526383131926,2.02267191832824,2.00000519544097,0.89356190663796,-2.4,-1.85675096632177,0.247900621241656,-0.6,0.348200992872694,1.3664185275395,-0.0900898789577841,1.11780161483137,0.358518262842191
17.84,0.529040429723859,4.98943261701616e-05,-4.76446264373754e-05,6.03964369677672e-06,1.83472310671314,1.8530476711163,0.913133360595134,-2.40195480693968,-1.49082402558252,0.191505873540072,-0.599020698960551,0.437508251686866,1.33830003700876,0.0601120075696357,0.95958375950836,0.37802332769424,1.83067191832824,1.85146511813523,0.913393956337293,-2.4,-1.48962211879707,0.192758477134753,-0.6,0.438200682617685,1.3378853672534,0.0653261284468713,0.957755494923562,0.373455397529863
17.92,0.530469078688171,5e-05,-5e-05,7.32541590952904e-06,1.63633303241736,1.73306431225176,0.927316748927838,-2.40549023024303,-1.03092854666217,0.116968399107398,-0.60081980974845,0.520101450430217,1.31653648881633,0.223139105726306,0.786444977328323,0.372940498932861,1.63867191832824,1.73229534863147,0.928814634508073,-2.4,-1.04537796814001,0.11275629158266,-0.6,0.518307762593673,1.31733900582533,0.222303047855512,0.791432024954615,0.391572480188605
18,0.536678501565959,5e-05,-5e-05,8.13661414298839e-06,1.44461154099874,1.64808890166298,0.937213809206993,-2.39892326918396,-0.534235909725921,0.00860118624108783,-0.589278670739814,0.587631566079486,1.30717758785398,0.382022660317997,0.623641872914001,0.410816700233062,1.44667191832824,1.64866511118027,0.937835137834686,-2.4,-0.532644923791861,0.0119804958397776,-0.587859495643493,0.588251401849853,1.30594696781788,0.380619792557083,0.626865544916924,0.411695803261504
18.08,0.546148679483637,5e-05,-5e-05,8.42897641683273e-06,1.25413799537386,1.60770715244632,0.939252469109606,-2.40545633742474,0.0409877147062746,-0.10352932489967,-0.558163892540482,0.601274504735795,1.30434373298672,0.542253316753164,0.468455382319438,0.429956915832983,1.25467191832824,1.60605351727692,0.938793577501868,-2.4,0.0410039716869964,-0.100683914542657,-0.557680111303691,0.6,1.30546004123127,0.540389916004532,0.464252375028672,0.432542191283473
18.16,0.546872822406297,5e-05,-5e-05,8.12808827067275e-06,1.1276212892483,1.60899206398177,0.934000086906645,9.91754646829803e-05,0.625958303690714,-0.202942607842648,-0.509502186822143,0.599178090387437,1.31752064155208,0.698240870094644,0.301621643829218,0.452440716598657,1.13,1.60933383501188,0.930738864338456,4.44089209850063e-15,0.625408142760032,-0.204653995780564,-0.507809270217381,0.6,1.31721907127027,0.70176609177102,0.30379976133218,0.452644428327212
18.24,0.558904795164591,5e-05,-5e-05,7.18394596377263e-06,1.13101203719264,1.65873218935701,0.915961118747222,-0.343427122171697,1.22042775393637,-0.286090587802567,-0.437414680928618,0.599587308803115,1.34231093956891,0.874987008357077,0.140484234376824,0.467192914195655,1.13,1.65936648643268,0.914366544676011,-0.344720247213444,1.22117735262454,-0.272875388669897,-0.438105701253896,0.6,1.34123830868303,0.864917320833711,0.145700287219061,0.470411630141964
18.32,0.568245140233691,5e-05,-5e-05,5.61951244759094e-06,1.131109791839,1.75651632710015,0.889394865435355,-0.00177126980796073,1.82907278359758,-0.3094863285666,-0.348048364878323,0.599294624804681,1.37823931169162,1.03427116886547,-0.0101483670747095,0.496057692095557,1.13,1.75706067464264,0.892536513582419,0,1.82168237316238,-0.302653518286572,-0.348980683894704,0.6,1.37653787014296,1.03000285591987,-0.0098972018787917,0.484309704022302
18.4,0.574032946597895,3.85469582450593e-05,-5e-05,3.51016116695349e-06,1.12839953662242,1.90342295141081,0.871500683548417,0.000679195248004276,2.39398230350118,-0.29371848962119,-0.24146095289145,0.600264833011218,1.42095506572077,1.17157022677772,-0.166285241038577,0.497054529963108,1.13,1.90279526449563,0.868324232119493,-4.09928501400058e-15,2.4,-0.295965844459814,-0.24148628385035,0.6,1.420980455944,1.158890010138,-0.162915401315491,0.492990969467514
18.48,0.575985252036858,1.79923816754664e-05,-5e-05,9.90626872518718e-07,1.12977488019911,2.09492328637821,0.844424701943448,0.00187556446725338,2.40668246642479,-0.261619083871566,-0.121292467035401,0.596404969475391,1.47124544880677,1.22236583003204,-0.306240929741517,0.49297734718515,1.13,2.09479526449563,0.844646964562708,0,2.4,-0.260166205602146,-0.120443788788055,0.596776692595415,1.4711560902368,1.22123968510412,-0.313900923050912,0.495440969461377
18.56,0.574520274553286,-1.15323474802653e-06,-5e-05,-1.74084957022286e-06,1.12923487948483,2.28775586558378,0.821990994558466,0.00412274488397382,2.40688097141905,-0.215142392894612,0.00533759711044237,0.578113474795992,1.52306451929854,1.22548722655632,-0.461020841449936,0.495998937463747,1.13,2.28679526449563,0.823833668114536,0,2.4,-0.206259580874113,0.00603909982683275,0.576608834694351,1.52237455534407,1.22174907827038,-0.463940527079202,0.491135532616606
18.64,0.570598178294187,-1.95751237686046e-05,-4.98535986612465e-05,-4.42430622523421e-06,1.12919031002243,2.47926412517249,0.804887440939978,0.0362415686669647,2.39214517308532,-0.143444396045711,0.128982373780056,0.539112813721674,1.56979079599484,1.16561823974272,-0.616165838553637,0.472306075373675,1.13,2.47879526449563,0.807332901644607,0.0328867163904927,2.4,-0.140689772034575,0.129184900459672,0.539256989457388,1.56897508778712,1.16275519674489,-0.61363156632042,0.480193420580907
18.72,0.564769984075845,-3.62898969489083e-05,-4.96538115874238e-05,-6.75688659522448e-06,1.13284055409482,2.67079317833506,0.796344047363964,0.165341704200219,2.40663188536781,-0.0683948380164151,0.243371679814576,0.484954172552494,1.60676996612614,1.04149205546145,-0.77509579229567,0.45750613865168,1.13263093731124,2.67079526449563,0.796077719881841,0.163163413071699,2.4,-0.0711155979164966,0.24121786216434,0.485626617133943,1.60600059735537,1.04980486938158,-0.763824633356052,0.463482414069702
18.8,0.557805691195423,-5e-05,-4.95003163165865e-05,-8.48467145300237e-06,1.14645687080346,2.86337904817511,0.790590779521955,0.378573988204646,2.40138621333628,-0.00811857471970814,0.334667684940133,0.417653762313927,1.6303808471966,0.890780183756699,-0.908732453269428,0.439852754570646,1.14568401035698,2.86279526449563,0.790388472048521,0.384088572779188,2.4,-0.00430468686828508,0.336500915755637,0.417432266095765,1.63020704308988,0.892725318354253,-0.915518031983574,0.442498282118047
18.88,0.550457047514002,-5e-05,-4.9405885604279e-05,-9.45540567162753e-06,1.1768569043732,3.05130130668384,0.790009082910681,0.68574539897833,2.40447384523884,0.0554286598573921,0.411861187193192,0.337779782505513,1.64196245318229,0.739840500332385,-1.07282995665195,0.413239342572403,1.17641109617931,3.05479526449563,0.790044097099059,0.684400302444881,2.4,0.0552861744717265,0.412012930516467,0.336609962981135,1.6403053224278,0.737078696010773,-1.06946306507897,0.419113348314906
18.96,0.543290117948058,-5e-05,-4.93789217991359e-05,-9.6279357623124e-06,1.23123332597471,3.24905704364039,0.794981390646397,1.05829401689839,2.39483930143961,0.11476822682271,0.468924864380389,0.244237193345723,1.63783757316011,0.578812128293445,-1.21715090632086,0.402648281255109,1.2311631203749,3.24679526449563,0.794466991056797,1.04994297490125,2.4,0.105842012443486,0.469741018322521,0.244785752738407,1.63655646281653,0.582641077747794,-1.22573289433724,0.395301716293853
19.04,0.536618308036425,-5e-05,-3.85602327687088e-05,-9.04638511321706e-06,1.31545305351926,3.43798416978358,0.803838413279369,1.47067576845313,2.39642639971832,0.140912720958809,0.510790938601651,0.142230093994889,1.62033901554855,0.43294728221438,-1.35451558483919,0.370618844362221,1.315158558367,3.43879526449563,0.802934352052276,1.46729040595984,2.4,0.146340698152345,0.512308627390948,0.14303345259308,1.61987107935981,0.429221680225409,-1.34807091544179,0.37292836454385
19.12,0.530682356158675,-5e-05,-2.25010560453415e-05,-7.78844613108728e-06,1.43385202984499,3.62902127278746,0.812309722125636,1.92285200601057,2.40470062014138,0.172202306725044,0.541813780745967,0.0337768870597994,1.59275103802257,0.281910480162191,-1.42400275388036,0.354364691969964,1.43254179084379,3.63079526449563,0.814641607904463,1.92344681252385,2.4,0.175455873946036,0.542777929916335,0.0344090446285876,1.59273299520163,0.276312669900882,-1.41873892005634,0.353666124135559
19.2,0.525765181827767,-5e-05,-6.69520452842136e-06,-6.01396652891471e-06,1.58769477345826,3.82191127674585,0.828802923969629,2.40782766707782,2.40363880043621,0.181995419564306,0.562097286001294,-0.0773209042440382,1.55653587065912,0.125643564200006,-1.43219639150697,0.333415609088812,1.5864175358457,3.82279526449563,0.828678077820146,2.4,2.4,0.190538927582135,0.563698898439251,-0.077391607363591,1.55831533663849,0.123376345166413,-1.43836140595717,0.338792493742843
19.28,0.522311720074432,-5e-05,8.31827173286305e-06,-3.91425265196645e-06,1.77813315596241,4.01425647047093,0.841817158655693,2.40391692593891,2.33098390235036,0.182044555959413,0.57544538825611,-0.187830805578493,1.51880436884902,-0.0362991622853073,-1.41498728729833,0.332148918216504,1.7784175358457,4.01479526449563,0.843921192026717,2.4,2.33312907654244,0.188282020261113,0.576560216955277,-0.189139369997708,1.51962640059857,-0.0299653221514204,-1.40940489987062,0.329111836737331
19.36,0.520895941942712,-5e-05,2.11240736351271e-05,-1.66474792588199e-06,1.96970944178727,4.20109062439239,0.858779151755212,2.38848607531932,2.15940241917065,0.166036111422773,0.581538226695311,-0.29847261139825,1.47916735713397,-0.183943668716782,-1.34749056009954,0.320504496931025,1.9704175358457,4.20144559061903,0.858983753647606,2.4,2.16153772601888,0.165973777310942,0.581703999999725,-0.298017576849728,1.47951757073576,-0.183964737593935,-1.33912383346565,0.324994613066803
19.44,0.521992184161156,-5e-05,3.26299821634771e-05,5.74081768923383e-07,2.16060646459187,4.3755458949594,0.871371105181415,2.40600539309864,1.88584016585697,0.127311455262635,0.578211253905409,-0.40119362536161,1.44110073650412,-0.334711643328583,-1.23264629266633,0.315390089367815,2.1624175358457,4.37436860870054,0.872261655832481,2.4,1.88834376560499,0.122354357459019,0.578394640816328,-0.401812994512647,1.44066600550938,-0.338767437648014,-1.2318113842001,0.326414421442042
19.52,0.525967998097411,-5e-05,4.27267304098985e-05,2.65723306649948e-06,2.35654082189985,4.52596356350881,0.882427674936654,2.39752741581656,1.52592482337882,0.0562428358828776,0.564290965096533,-0.499876859434971,1.40585475772932,-0.492170095335652,-1.08490814228824,0.332684400897459,2.3544175358457,4.52543610994894,0.882050004429203,2.4,1.51839508503528,0.0581539024261308,0.564894020464017,-0.498604272334845,1.40588920522793,-0.494499149631601,-1.09219863257876,0.332986240940603
19.6,0.532971568529662,-4.99869941847833e-05,4.89936825939003e-05,4.43768558481623e-06,2.54862795002265,4.64483589532711,0.888739415009729,2.40768032528023,1.05742334645993,-0.0223239794190094,0.538339325061318,-0.58680986484288,1.3800443870404,-0.655605907427032,-0.927463348346688,0.338297054228111,2.5464175358457,4.64690771675176,0.886702316623293,2.4,1.05761437190405,-0.0237769408763181,0.538551181101062,-0.58666641454784,1.37824996030886,-0.651264135311562,-0.933169997881299,0.343961442560083
19.68,0.542892162993536,-4.97397575859233e-05,4.87785627975556e-05,5.76081854947365e-06,2.73687268436795,4.73180953182565,0.88538037531204,2.39813413177835,0.517545559026278,-0.122660135659344,0.495225600522912,-0.600698453591086,1.3620387989553,-0.806121625681977,-0.77846848440364,0.352209321398586,2.7384175358457,4.73151686650409,0.884800161353188,2.4,0.512701751924551,-0.118586161726209,0.496199982390898,-0.6,1.36063770455727,-0.808401142352496,-0.776524256411737,0.358208992068782
19.76,0.555348494736562,-4.95609805932571e-05,4.86180700441548e-05,6.48726565053857e-06,2.8706641660808,4.77310318788446,0.875563221658915,0.000474989610452706,-0.0598806658828983,-0.186025664677024,0.434297916218992,-0.600270096832608,1.35530294115175,-0.963377963578156,-0.62943278809205,0.374796520842538,2.87,4.77253300665805,0.875313268415091,0,-0.0648008258172933,-0.186815282006299,0.434520853502789,-0.6,1.35533707160613,-0.966141750317123,-0.622253335748991,0.374253177064086
19.84,0.566059581373724,-2.9790477363233e-05,4.8523584838741e-05,6.51564117399502e-06,2.87120373263403,4.76802690232095,0.859516586941986,-0.00722591462425983,-0.67129288773691,-0.21817684612707,0.35267763080154,-0.601992516203474,1.36307301707286,-1.07125581970501,-0.481258194024018,0.377419958777006,2.87,4.76734894059267,0.860368045854587,4.49640324973188e-15,-0.658868547614974,-0.218239080329172,0.352986720861752,-0.6,1.36285119393235,-1.0591156201898,-0.470317314502294,0.390367539877317
19.92,0.573202062830084,-1.91402094790731e-05,4.65754817367438e-05,5.84469703498612e-06,2.8718541368349,4.71524939737667,0.841787671794847,0.00915583898680158,-1.25537545318884,-0.211378664783234,0.25662257083426,-0.599478622936319,1.38315687160176,-1.10532272817658,-0.321455880912012,0.402705734055848,2.87,4.71463945678347,0.842908919428254,0,-1.25987490087329,-0.213855458918978,0.257108252878844,-0.6,1.38259681862949,-1.11789807542298,-0.326342689984745,0.404822536099498
20,0.576496833662251,-9.02701101978621e-06,4.33877856540418e-05,4.53222710426745e-06,2.86965483042123,4.61166495667593,0.824408164260356,0.00722894918158872,-1.86089230653281,-0.173273715152533,0.150878173941745,-0.599538239375405,1.41184573656233,-1.1404688014211,-0.192702400506995,0.41612462109665,2.87,4.6138494647136,0.825800482714735,0,-1.85842133143158,-0.180587188739082,0.150790173857839,-0.6,1.41250288093053,-1.14434476444624,-0.194112142450755,0.416031556050078
20.08,0.576233217393832,-8.7797225732324e-07,4.13793068265844e-05,2.71459014776797e-06,2.8710546785996,4.46270029314963,0.811293867881772,0.000618702674699387,-2.39729252239486,-0.126057479202925,0.0387631145775513,-0.600577159952441,1.45146416451653,-1.13476653086015,-0.0583431366546892,0.4209083983392,2.87,4.46517575819908,0.811353507615609,0,-2.4,-0.129495320310852,0.038327090564351,-0.6,1.44954490862645,-1.1450125891229,-0.069250184341516,0.422745230017414
20.16,0.573254806059252,2.94276538015081e-06,4.28189522606042e-05,5.75010120094576e-07,2.87152447055558,4.27531246517801,0.802386907275534,-0.0304826374317031,-2.40753565131259,-0.0718131509427429,-0.0769151852115883,-0.601065315837796,1.48974891248683,-1.1355001220089,0.0598692853515347,0.42562881005033,2.87,4.27317575819908,0.800993881990741,-0.0307871247665193,-2.4,-0.0737972825477348,-0.0762489415087045,-0.6,1.4902344175206,-1.1343623120261,0.0601970374964305,0.424167334373539
20.24,0.564530521637233,1.47991735030393e-05,4.53572295071279e-05,-1.68460087096825e-06,2.87086364467399,4.08026529772676,0.795930234456471,-0.157656106710263,-2.39519040236293,-0.0220521945922369,-0.18842903734563,-0.594219218173255,1.53210173297209,-1.0906253539781,0.198124873886957,0.423606746150336,2.86753703001868,4.08117575819908,0.795090099386922,-0.152460238746896,-2.4,-0.0326890618797593,-0.189894583463722,-0.592613350987006,1.5307851342516,-1.08564687382217,0.198203516941266,0.420001010767719
20.32,0.552574239304605,3.0705680472564e-05,4.88276874379434e-05,-3.85339137329861e-06,2.85458153343512,3.88720564560211,0.795854947918504,-0.36285050217955,-2.39699795398911,-0.0188670646746983,-0.297245685786155,-0.571016631869376,1.56584551083692,-0.978498558372023,0.349582614531965,0.412797430125082,2.85534021091893,3.88917575819908,0.792474974436541,-0.359289231733845,-2.4,-0.0172896654937348,-0.296948858908051,-0.570699904104784,1.56695597853519,-0.985419744217003,0.34850818878163,0.410470874746948
20.4,0.543609201612322,4.86017031814567e-05,4.96453838865486e-05,-5.70351895155092e-06,2.82836100618045,3.69470514963489,0.788760221007569,-0.646731950344882,-2.40537869822615,-0.0212730125338392,-0.391308677813649,-0.533507063266316,1.59316741763636,-0.835907000685082,0.501781649366495,0.395684010289408,2.82659707238022,3.69717575819908,0.791091801197042,-0.643981617889862,-2.4,-0.0244214388258794,-0.390703109140343,-0.534431049131323,1.59457553811796,-0.827094380873465,0.502987980202421,0.39636503754028
20.48,0.540215641832722,4.90014042164865e-05,4.82821766331361e-05,-7.0191638264996e-06,2.77845320964015,3.50753325697847,0.78583271352792,-0.999690266434128,-2.39487941663476,-0.0472225285719943,-0.46529894901611,-0.483340783859381,1.61131911475966,-0.665832958524704,0.663509100539799,0.384370100700192,2.77507854294903,3.50517575819908,0.789138086090972,-0.998874755750784,-2.4,-0.0450365437843031,-0.465154125523709,-0.485148274066405,1.61083830716878,-0.669013231370627,0.655064152646473,0.379005371848872
20.56,0.545445612309762,4.88522286328436e-05,4.44999900924936e-05,-7.66619358271151e-06,2.69393672648246,3.31671008605804,0.785294561325374,-1.41346624032898,-2.41212859339373,-0.0629472444923201,-0.521769650031745,-0.424445868486854,1.61464636745994,-0.512770610484204,0.792742883252355,0.339891964177782,2.69516856248897,3.31317575819908,0.785535162588228,-1.41730793328948,-2.4,-0.0631886342463655,-0.520568829983167,-0.424710510349022,1.61489896648107,-0.512801866737828,0.796590113547637,0.360045484174067
20.64,0.563201031201345,4.87895894880685e-05,3.92671477515904e-05,-7.6214860221158e-06,2.61638227827984,3.12860225615034,0.777370269236699,0.39281001774291,-1.91583568136433,-0.0533797109879755,-0.557210355289833,-0.355463511546906,1.6080945726635,-0.357280409177225,0.929057439639904,0.339047554356072,2.61676385021541,3.1284614847628,0.780480071848519,0.400137006908023,-1.92112088265181,-0.0565407181253557,-0.558559376106476,-0.355098664522095,1.60753687092581,-0.357880422560804,0.922570582036996,0.3411961664083
20.72,0.56095526938141,4.59605918235879e-05,1.90005410246733e-05,-6.95100074954429e-06,2.64767667325602,2.9781924602117,0.773808472884988,-0.117844072060553,-2.24463951818928,-0.0542132682536447,-0.580173981634133,-0.278349738463958,1.58963213312386,-0.205513733885995,0.975603851019077,0.322955694120335,2.64877481076805,2.97477181415065,0.77595681439849,-0.117215540539889,-2.23436797548981,-0.0484108558473721,-0.581268918955811,-0.278044275111683,1.59050729781632,-0.213192619800898,0.982610921254296,0.324005080373628
20.8,0.547798060892798,4.89500940790263e-05,2.35983793267807e-05,-5.77166620463551e-06,2.64039513590895,2.79781995853077,0.769017040917712,-0.640418044844126,-2.38699314189145,-0.060550577769565,-0.591831891070675,-0.198901593049798,1.56956157514562,-0.07460793432967,1.06033958246752,0.307052283433772,2.63939756752486,2.79602237611147,0.7720839459307,-0.647442071947347,-2.4,-0.0505479643372981,-0.59218754237271,-0.198113101945206,1.56814907349909,-0.0586201952794815,1.05949596654401,0.309730702645528
20.88,0.552662437940181,4.91638620273766e-05,2.34707340692871e-05,-4.3364016451853e-06,2.58774946666183,2.60414746088194,0.766156973858962,-1.18701827077272,-2.40133606105229,-0.0338207980176708,-0.592036765213265,-0.113389464815563,1.53940818659763,0.0972296936535054,1.1346186742011,0.297705371974474,2.58760220176907,2.60402237611147,0.768040108783716,-1.19628034426344,-2.4,-0.0360830997243509,-0.591506848631096,-0.113955389969508,1.54086364643811,0.096391766969069,1.13738262617839,0.29900599458559
20.96,0.566420082972379,4.94462788021832e-05,1.62571245444303e-05,-2.67722559822903e-06,2.49031338328461,2.41292911609521,0.766786251792099,-1.75164229712836,-2.39698305550672,0.0102308576992039,-0.581238122219338,-0.024136243402657,1.50953934217412,0.249728486275113,1.18900784964319,0.28889818615303,2.491899774228,2.41202237611147,0.765153460805768,-1.76037194447683,-2.4,0.00958182224613955,-0.580261129817759,-0.0250856003441789,1.50978096984832,0.252012598375898,1.19249218042914,0.292384729928641
21.04,0.560610723603602,4.97735537816739e-05,-1.16216714382292e-06,-8.64784221514397e-07,2.35049470809144,2.21799298706601,0.765655269136188,-2.30193124783397,-2.38897468109784,0.0544865338483055,-0.559535522147004,0.0675250434563039,1.47518893265301,0.401216598309057,1.19532459092182,0.291313835601253,2.35107001866985,2.22002237611147,0.76592000658546,-2.30703097533234,-2.38754984793727,0.0580301354562774,-0.559278651784247,0.0675225734720186,1.47703085363462,0.408485897405114,1.19067677082106,0.290245961643448
21.12,0.553914589161032,5e-05,-1.51445333363972e-05,9.78431951624769e-07,2.16773000450484,2.02951824148436,0.772533244011359,-2.39585733763744,-2.2871938737161,0.106525722234531,-0.529090289952127,0.160997164945144,1.44686835791278,0.562362248074455,1.14162533184602,0.290178244734228,2.16650754064327,2.02901838827648,0.770562417421962,-2.4,-2.28256040148642,0.106028635166348,-0.528686535155012,0.160583387015572,1.44610280114192,0.56580186320839,1.14341664148299,0.292665801385309
21.2,0.546680883940117,5e-05,-2.566516888973e-05,2.6605664169415e-06,1.97374614412634,1.84641888549832,0.779247251678269,-2.3886144642134,-2.0953755726221,0.157071704417181,-0.487695976901999,0.252885986771867,1.41952400706607,0.726970769700376,1.05758758646382,0.301209896171417,1.97450754064327,1.84641355615757,0.77904470823527,-2.4,-2.08845284404407,0.149618858149904,-0.487621256279686,0.251377536219327,1.41984248393098,0.723424914922762,1.06233487265465,0.299245864864312
21.28,0.539435872245626,5e-05,-3.56640957821314e-05,4.03111300288872e-06,1.78108870907422,1.67833291656954,0.793084906130762,-2.39571024817858,-1.81978828545552,0.191823445662751,-0.434145309719264,0.336013503522756,1.39950039014053,0.892799371234387,0.94545818473825,0.309970041629579,1.78250754064327,1.67933732863404,0.791014216887262,-2.4,-1.81254320085513,0.185416996752989,-0.434541644804299,0.337675454370551,1.4005676915242,0.881517411530768,0.949282344979269,0.309215538720654
21.36,0.532668106674225,5e-05,-4.54209426393152e-05,4.97335015987355e-06,1.59045662712743,1.53479728327298,0.806286249362728,-2.39179827983548,-1.467209022284,0.208674693838211,-0.366957342911996,0.416444068246245,1.38951185550651,1.0510166971928,0.798508871894131,0.323782557353018,1.59050754064327,1.53433387256563,0.805847576627501,-2.4,-1.464550923467,0.211066854124796,-0.367367578369955,0.416974421455574,1.39046391890846,1.04029323943648,0.805213636860406,0.321515536024574
21.44,0.526783809757391,5e-05,-5e-05,5.38193319983861e-06,1.39617743076324,1.41923657848803,0.82236810441956,-2.39912102318131,-1.05455600745469,0.238437575977077,-0.283874800632458,0.48625696130936,1.39098024557386,1.1945970027777,0.648283397478992,0.326068661082774,1.39850754064327,1.41716979868827,0.822732924957485,-2.4,-1.05598997775177,0.225396975728917,-0.283759204297214,0.486331388008042,1.39141433557342,1.20004062543153,0.647585859487093,0.334826033319133
21.52,0.475566045159048,4.48255682950108e-05,-5e-05,5.17179570416136e-06,1.20570149854968,1.33105925272646,0.838647016160528,-2.39792144518143,-0.637887660850846,0.167455787857204,-0.182219046234676,0.5431992660426,1.40322567883684,1.34943339671466,0.490958959194495,0.346525590831102,1.20650754064327,1.33269060046813,0.840764683015798,-2.4,-0.64049550768778,0.158130992721895,-0.181829018158038,0.543565693888894,1.40409537169431,1.34368414872852,0.49184640295362,0.347616822459792
21.6,0.480290941116396,2.94861185191632e-05,-5e-05,4.32638332555006e-06,1.13073127597652,1.27874022111507,0.853574443545787,-0.00793632292364643,-0.176213444552154,0.0835543033483286,-0.0620245305243015,0.585898871448875,1.42677595299074,1.43641530044713,0.344729597918733,0.351745839125308,1.13,1.28145095985311,0.85341516243355,0,-0.186572753742163,0.0920687722924546,-0.0621061170393694,0.587293472297554,1.42773879974103,1.43737750637418,0.337937720226974,0.358316753397561
21.68,0.483061641110055,7.08885995590781e-06,-5e-05,2.90820555131871e-06,1.12883002008639,1.26709733197883,0.859894914523846,0.0127315901476615,0.292529693796491,0.0150976948356549,0.0700325608759007,0.600907430035582,1.45901736993944,1.44878225264865,0.190373589670309,0.37130547224487,1.13,1.26652513955374,0.860780664216946,0.014955606933661,0.291113824691862,0.0207731602610101,0.0708112523928057,0.6,1.46009188513515,1.4576595783982,0.185373721939656,0.36550927338722
21.76,0.492998518436608,-1.55020550548371e-05,-5e-05,1.0583011535902e-06,1.13150515157108,1.29133493920735,0.863028126565076,0.133786068848716,0.78102143096484,-0.0358497620862294,0.20851736306717,0.599633212869282,1.49614256501934,1.40577400591445,0.0277389115026208,0.364971000333969,1.13119644855469,1.28981424552909,0.862442517037827,0.131122255554828,0.774877339183753,-0.042480985976597,0.208096381384506,0.6,1.4967033050936,1.40398020677235,0.0333075496102674,0.368126644156911
21.84,0.500499068218153,-4.03430930726246e-05,-5e-05,-9.67897261699353e-07,1.14053470890712,1.35042312570393,0.859738134490061,0.352220865273635,1.24301333056281,-0.115120646956997,0.339234129828813,0.598460638798356,1.53213210874423,1.26828223306036,-0.112407298329128,0.36571769693423,1.14168622899908,1.35180443266379,0.859044038159699,0.350831958781342,1.25148739794606,-0.108760252671742,0.340504663199213,0.596522787536682,1.53228310331906,1.268884253343,-0.119205799094807,0.365732858614637
21.92,0.509393740153298,-4.9780995300703e-05,-5e-05,-2.87796758493133e-06,1.17174526346872,1.45508598529994,0.850592278636926,0.66855223929114,1.71903412228871,-0.191535330900853,0.459330965009211,0.577480965865369,1.56061803074535,1.10090820929887,-0.27990455218548,0.352966709953702,1.16975278570159,1.45192342449947,0.85034321794596,0.671504147224758,1.71901074419504,-0.187385718831158,0.458579978312345,0.577762553554105,1.56176954525006,1.10383076621272,-0.273199021599957,0.358615122602194
22,0.520697748823893,-5e-05,-5e-05,-4.40142391072639e-06,1.22251807507563,1.59040171210227,0.837334499638056,1.07906465043591,2.17272870804757,-0.279229287330082,0.55791114041084,0.545210444615975,1.58062197044478,0.935640559992386,-0.422998901785063,0.337341873632697,1.22347311747957,1.58944428403507,0.835352360439467,1.08535729181285,2.16862327095277,-0.276868050320316,0.557350657447726,0.545464738728476,1.58092947965642,0.939570681312903,-0.429105463902791,0.347729602682012
22.08,0.534355889299803,-5e-05,-5e-05,-5.32143831811403e-06,1.31059221830915,1.76378647480229,0.811683683567859,1.57522636098928,2.40110458947596,-0.373991034270828,0.599622888559293,0.501142013376916,1.58724520758314,0.77413854283305,-0.587860594908842,0.343569487261431,1.3103017008246,1.7629341457113,0.813202916413842,1.58356790942222,2.4,-0.372460769566785,0.6,0.501617348422986,1.58730535514344,0.776747549412177,-0.58695069101695,0.334568720206075
22.16,0.549947130665746,-5e-05,-5e-05,-5.52420741482605e-06,1.4371407872446,1.95440256505156,0.783789415428151,2.12238938344854,2.39023710096002,-0.452035158655681,0.599523778455762,0.447280994048693,1.58058658824359,0.618227718944358,-0.745967111046115,0.338568381257304,1.43698713357837,1.9549341457113,0.783406054848499,2.12912923698903,2.4,-0.449750869912534,0.6,0.447749906887794,1.58226106406983,0.6152470437711,-0.746670404966536,0.320906352963794
22.24,0.564710814736558,-5e-05,-4.98241718087004e-05,-5.10596551418388e-06,1.6082361667032,2.14798502847642,0.747777510379125,2.40269889168161,2.39985632255107,-0.488089420129354,0.600051681495378,0.382818858859196,1.56689243287409,0.450129263265598,-0.925919514351842,0.308618255214487,1.6073174725375,2.1469341457113,0.747425985255496,2.4,2.4,-0.487649841976127,0.6,0.383953824113108,1.56835005544604,0.454959043362579,-0.907553853345437,0.308278373827098
22.32,0.57598839031281,-5e-05,-4.95288011381037e-05,-4.22370878245376e-06,1.79978544574126,2.33794949688522,0.709890642696895,2.40595749462668,2.39221300998334,-0.4878782995651,0.600303394190508,0.309182977628397,1.5458923977856,0.29528086005316,-1.05958623703198,0.298809962401417,1.79931747253749,2.3389341457113,0.708413997897406,2.4,2.4,-0.488856178730836,0.6,0.310105537624593,1.54608837433886,0.295797509838575,-1.06905434440888,0.297832375663549
22.4,0.583549185588553,-5e-05,-4.65291565043934e-05,-2.91896151126987e-06,1.98687598119046,2.37138048666174,0.668706021035489,2.35806819273153,-0.0468405478707869,-0.450818867143099,0.599244972963743,0.225404951041717,1.51500459680904,0.144866549534574,-1.22601334754814,0.29551358566592,1.98834053811021,2.37010790055086,0.669305503598939,2.35476858062121,-0.0435873613100473,-0.458276402382208,0.6,0.226065742907285,1.51602882942559,0.137719026144142,-1.22199822171204,0.290613254233383
22.48,0.587355766848642,-5e-05,-2.19904376221879e-05,-1.23390617204756e-06,2.1730056383507,2.36271064383144,0.630947807280965,2.40470943980507,0.117498730166528,-0.40851302844383,0.600162595585765,0.130995291379331,1.47884294224433,-0.0138249134168359,-1.29619282606474,0.28417463075711,2.1767220245599,2.36662091164606,0.632643391408363,2.4,0.117018127627038,-0.403198803543851,0.6,0.132253643674729,1.47907754236938,-0.0193294074896423,-1.29432724256121,0.287561580391487
22.56,0.587943696904701,-5e-05,-9.43628398866344e-06,7.71424691484112e-07,2.36915469458958,2.37813138161779,0.602559658189885,2.40883991260638,0.173073342052198,-0.330007743319185,0.592615773081142,0.0338649145501552,1.43779883706673,-0.181463199120713,-1.33269847321023,0.296380863934843,2.3687220245599,2.37598236185622,0.600387487124855,2.4,0.176243673577321,-0.332864071477505,0.593201645148696,0.0338037354635893,1.43924995130067,-0.175899133950722,-1.32600175226117,0.289469453619877
22.64,0.585972621713292,-4.9771330047256e-05,3.02111739030599e-06,2.87083351442063e-06,2.55831642603521,2.38947125853989,0.572760360161222,2.39630399319879,0.12780533799005,-0.262705292364482,0.578579755110417,-0.0671868130341969,1.39982060437336,-0.333101658091745,-1.31022586015845,0.300705851773779,2.5607220245599,2.39008185574241,0.573758361406654,2.4,0.128799297820766,-0.254402472271817,0.577773683020112,-0.0670986627767069,1.39912747125952,-0.331378686611966,-1.31733868289469,0.29656954578155
22.72,0.582038094296653,-4.94564260425955e-05,1.54000714103048e-05,4.92296055766465e-06,2.75387833680703,2.40057138525709,0.552333791558604,2.390881601513,-0.0295120129088372,-0.171519724145012,0.554495326992976,-0.1678032896475,1.36118650970582,-0.494577343293068,-1.27717265274487,0.309557612434687,2.7527220245599,2.40038579956807,0.553406163624909,2.4,-0.0250019690410095,-0.174375977950857,0.553795722661061,-0.168337354943704,1.36135867444682,-0.48561443620135,-1.26865615882665,0.30874492045658
22.8,0.576765807452983,-4.91489688142306e-05,2.75439410115662e-05,6.78721454811631e-06,2.8709446122528,2.39990026149286,0.539898049596191,-0.0119724269837953,-0.291861916629882,-0.0941154629689832,0.519744791379207,-0.266781440506418,1.32762496942953,-0.636595636502341,-1.16903280702359,0.327897023331065,2.87,2.39838564204479,0.53945608538884,0,-0.28004150531995,-0.0993982677221275,0.520447542091665,-0.267650207843176,1.32852555139974,-0.638794946283178,-1.18085983995723,0.325530933497953
22.88,0.571037545211341,-4.88777906935433e-05,2.57920827922833e-05,8.33092612248174e-06,2.87189752156417,2.37658417152522,0.531392124107697,-0.00220691707031058,-0.630233608277274,-0.0387758920107669,0.475247644911987,-0.36319490034811,1.30265255528565,-0.79906952720524,-1.09265992049716,0.347124133646406,2.87,2.37598232161919,0.53150422397107,0,-0.627280537193775,-0.034792928174276,0.476030217894244,-0.362561119203221,1.30324339616547,-0.791273972657033,-1.10054200619712,0.346134825351866
22.96,0.565144051775072,-4.86684914254341e-05,3.66808045502806e-05,9.42366640493443e-06,2.86824028666649,2.32652404096089,0.529788194270389,0.00196891456722581,-1.05728753873169,0.0167413164482247,0.418880555422233,-0.452005965141137,1.28867597743013,-0.944457946088379,-0.986924086865405,0.368704588411945,2.87,2.32579987864369,0.528720789717128,0,-1.05445104671982,0.0153536068164593,0.418696710818301,-0.453505338675902,1.28641532944732,-0.943151233672246,-0.985703393087985,0.369441262189742
23.04,0.555649488148018,-4.8138402548473e-05,5e-05,1.00314410674424e-05,2.86950209572203,2.24256068215213,0.527367570395676,0.00661192715295114,-1.54447230040539,0.0389085932742613,0.344654771802173,-0.538024278008882,1.27953980830677,-1.102231119496,-0.834756185914111,0.392536630577171,2.87,2.24144379490611,0.529949078262445,0,-1.54664898615601,0.0418197074399787,0.345709954784601,-0.537566274740468,1.28078822498382,-1.09372839316863,-0.828467348478849,0.394250836041889
23.12,0.54386483430984,-4.11157452004334e-05,5e-05,1.00213755693528e-05,2.86767151170094,2.11879859823117,0.531227428523939,0.00366659765780407,-2.08966380761758,0.0410738816921638,0.25445787014722,-0.59953715824292,1.29036194829936,-1.22387632500141,-0.67297564695564,0.418176138913461,2.87,2.11771187601362,0.533294654857643,0,-2.08668151295068,0.0383840653238392,0.253910671709342,-0.6,1.28918786652797,-1.22190144835675,-0.673552340962857,0.419035516090988
23.2,0.552103755609892,-3.32941824728945e-05,5e-05,9.26051067683731e-06,2.86970421196224,1.95080838627215,0.53695354522279,0.00149897060415418,-2.39558462313368,0.0361450281762838,0.143796899722976,-0.600078895936089,1.31228543209102,-1.31085300792543,-0.520126248802,0.450937307186219,2.87,1.95077735497757,0.53636538008355,0,-2.4,0.0376924109872849,0.143219624245733,-0.6,1.31210313097358,-1.32519392275433,-0.520903752739868,0.441938439210504
23.28,0.555130986067536,-1.39256909095975e-05,5e-05,7.74635216619565e-06,2.86941187167432,1.75823084939513,0.539971664518909,0.00475199709177064,-2.39757739290975,0.0579725643835606,0.0162900231594064,-0.59978478381813,1.34660970487427,-1.37117448789756,-0.366212313971586,0.460271415471601,2.87,1.75877735497757,0.539380772962533,-0.00492002926235121,-2.4,0.0590763168951049,0.0173332291070453,-0.6,1.34729510156492,-1.36525194004249,-0.370320151580835,0.461096573606141
23.36,0.579619119704826,4.07997421178497e-05,4.98434655117327e-05,5.62357154433176e-06,2.86937560600054,1.56829204066985,0.544030026070476,-0.117468345274679,-2.40927171605202,0.122973226992014,-0.117242004494438,-0.600937827083907,1.39211531498989,-1.23310133567192,-0.227140298246055,0.482735004006769,2.86960639765901,1.56677735497757,0.544106878314142,-0.116444091918015,-2.4,0.12460243580406,-0.116768094441046,-0.6,1.39136045179458,-1.22418597279303,-0.221489373964093,0.475004686369196
23.44,0.571135598599894,5e-05,4.96674410671202e-05,3.09460956244629e-06,2.86023638046671,1.37446955189642,0.554432408796973,-0.338798548967477,-2.39697997008865,0.169152865445476,-0.240646151732995,-0.599049017612405,1.44134973227844,-1.04433909030714,-0.0718216959358892,0.475688141846757,2.86029087030557,1.37477735497757,0.554075073178466,-0.334460997760018,-2.4,0.172102216960865,-0.241935679901635,-0.6,1.43959045382295,-1.05422787338275,-0.0718999060628684,0.482658217299288
23.52,0.563050322816129,5e-05,4.95479377375413e-05,4.25416568596579e-07,2.83171978391558,1.18357479814918,0.567293003851001,-0.642562282400893,-2.39069307678451,0.192988298040859,-0.35324514368426,-0.595314798495546,1.48593925757584,-0.88459277866216,0.0815496542130712,0.477588898298531,2.83353399048477,1.18277735497757,0.567843250535335,-0.64400726493558,-2.4,0.189384741583784,-0.352863694048177,-0.596333559353143,1.48668181787859,-0.886247022265898,0.0793281391901047,0.483710349660488
23.6,0.557766887705572,5e-05,4.94942438523617e-05,-2.09500620984547e-06,2.78336409356185,0.992327796986104,0.584756124664266,-1.04257574705456,-2.4016085760026,0.175291902957384,-0.448301872749717,-0.575683351868408,1.52821434228975,-0.730138146988025,0.237235072614039,0.465885486219966,2.78201340928992,0.99077735497757,0.582994029862038,-1.02937863810472,-2.4,0.174473203438223,-0.446922616844054,-0.577005220045882,1.52791871200453,-0.720315478647594,0.23262441575734,0.478529019188183
23.68,0.555962430523024,4.98033448404084e-05,4.95107481593456e-05,-4.21911631303703e-06,2.70008226452106,0.798769615102779,0.597537069361138,-1.4790357202115,-2.40143874500284,0.136788061278804,-0.519800746348302,-0.545288105072186,1.55852194231797,-0.556288923854414,0.381058805336732,0.470777954000041,2.69966311824155,0.79877735497757,0.596951886137096,-1.47699692225741,-2.4,0.136672312888956,-0.521783077285442,-0.543677779840888,1.55951303292463,-0.557086476671743,0.388331368475659,0.468094379034754
23.76,0.557013419335303,4.95621325926719e-05,4.95966198472176e-05,-5.75766588503498e-06,2.58470930116081,0.605877791095116,0.609682117697539,-1.97900237442211,-2.40801948350394,0.078745865239755,-0.576615575411222,-0.498650854517387,1.57923344726785,-0.387503809308017,0.540741810733345,0.452188942872298,2.58150336446095,0.60677735497757,0.607885671168213,-1.97554118514384,-2.4,0.08656624374949,-0.576613442825106,-0.498080373814255,1.57935394904823,-0.396639084723215,0.546678670607959,0.453854626637228
23.84,0.560014125117877,4.9396074643999e-05,4.97458672963096e-05,-6.61807495895257e-06,2.42379714449656,0.415578955181,0.612424601331338,-2.40661401924484,-2.3906940311155,0.0337867254317818,-0.600395932895658,-0.443146075299394,1.58717136984466,-0.238998111690438,0.708477384393963,0.445030276553577,2.42346006964945,0.41477735497757,0.614810970668172,-2.4,-2.4,0.0349712829561886,-0.6,-0.44162242320806,1.58686035971187,-0.238606698984049,0.707789100733156,0.437486926488336
23.92,0.563890763226742,4.9318763594093e-05,4.99477713060728e-05,-6.79305765164954e-06,2.22908273090054,0.2242534810201,0.615536229456515,-2.39685319890624,-2.38343079804013,-0.012391427713115,-0.599908736715727,-0.375572862530824,1.58336919045329,-0.0803918684608515,0.874878522644237,0.418808015378462,2.23146006964945,0.22277735497757,0.617608673304667,-2.4,-2.4,-0.00183144282134734,-0.6,-0.375127442973634,1.5834469338954,-0.0825582501662465,0.871694859790374,0.420686462391759
24,0.566796473171874,4.93351744700354e-05,4.71513487379291e-05,-6.38280268781856e-06,2.04081665247262,0.0317284036922513,0.618758962995198,-2.40203552497935,-2.39506785115983,-0.00451324452742765,-0.599400836149692,-0.298282130818813,1.56986043890432,0.0811845033639534,1.01408100315099,0.410087023377398,2.03946006964944,0.0307773549775699,0.617462157878959,-2.4,-2.4,-0.0128232152630282,-0.6,-0.298569182352243,1.57098099010136,0.0719447782013383,1.02821357250073,0.404900633256894
24.08,0.567322884081493,4.94412025121411e-05,3.48197794174721e-05,-5.50792028250055e-06,1.84709442135973,-0.159676742468012,0.614386494791033,-2.39211717736719,-2.40667544583499,-0.0108498083960972,-0.588217734184447,-0.211867520803558,1.54967607709555,0.231805337768007,1.15028240723492,0.385377864373135,1.84746006964944,-0.16122264502243,0.616436300657917,-2.4,-2.4,-0.0020384451186163,-0.58817781529717,-0.212389552259463,1.5503570202451,0.225410582437537,1.14533388974862,0.391278547047971
24.16,0.565638135455848,4.96240672925318e-05,2.24378217611979e-05,-4.23178507799606e-06,1.65625765374747,-0.35300452235945,0.616682605847522,-2.39274098698108,-2.40622527145486,0.0252253681815435,-0.565194364507206,-0.119317428435527,1.52493590621549,0.377638204440551,1.21312368790967,0.38309501927006,1.65546006964945,-0.35322264502243,0.616273225048428,-2.4,-2.4,0.0309577553809687,-0.564797767236884,-0.118792480539907,1.52499035117899,0.378594818241041,1.22275307024031,0.380812574740193
24.24,0.561439304024809,4.986354457615e-05,1.01564367266917e-05,-2.75122910156208e-06,1.46002084381559,-0.547763098851076,0.621482301989896,-2.40763908340027,-2.40246897442037,0.0775252312437236,-0.531590781637298,-0.0198622517595631,1.49541560760896,0.526191899686994,1.28570152312396,0.366449457422055,1.46346006964945,-0.54522264502243,0.618749845478905,-2.4,-2.4,0.0833199840761022,-0.531332476952777,-0.0198577838742372,1.49817728261263,0.532088311715393,1.26072031616464,0.374008285992397
24.32,0.554789574767914,5e-05,-1.89079519113252e-06,-1.24944672432638e-06,1.41594013288967,-0.692635166951382,0.626243719275669,-0.551324550779325,0.358145905514552,0.152053809507809,-0.489372212247907,0.0820227452461811,1.47422797660641,0.697794120557616,1.25911673512181,0.368140471594315,1.41601528879932,-0.691468557351438,0.625415444204993,-0.537249786150461,0.364557901621386,0.148667412581385,-0.488262800675759,0.082255150395762,1.47286507370369,0.685872686096541,1.25998566445671,0.370918177545057
24.4,0.546340380935833,5e-05,-2.91158995658808e-05,1.15854651351959e-07,1.37209578392243,-0.658929621370296,0.638023778142386,-0.983511652093518,0.475203713491815,0.216014817256081,-0.433321534212597,0.186382226249438,1.45142197470074,0.847991001428591,1.16196493316732,0.381229994688433,1.37303530590729,-0.662303925221727,0.637308837211504,-0.983792052037886,0.479245101079105,0.218745028303744,-0.43513067163533,0.185195158194042,1.45171567587207,0.839773954788931,1.16986855888708,0.371204707118376
24.48,0.536593959403802,5e-05,-4.18529017242109e-05,1.20801575471436e-06,1.29596959130997,-0.623453530387797,0.651380510558539,-1.37074014941076,0.681359250770131,0.287448807142657,-0.368213844791224,0.282416902562884,1.44000899494483,0.997646272433468,1.04106597463399,0.376433390903389,1.29433194174425,-0.623964317135398,0.654808439475804,-1.36413623196488,0.685177275608474,0.28420437558089,-0.37029456618839,0.282581384741461,1.4389762827302,0.994603221309431,1.03881554879496,0.374192349260681
24.56,0.526693292857029,5e-05,-4.85749155343787e-05,1.80956264679885e-06,1.18396426297967,-0.568745922973393,0.676225152712796,-1.66723901845707,0.969976376225038,0.340028520468975,-0.292086251981929,0.369526733056832,1.43524062380468,1.15380374712954,0.881891796741814,0.384908073307083,1.18520104318706,-0.569150135086721,0.677544789522275,-1.66805908002226,0.970993848917739,0.337663992621702,-0.291355955438836,0.370887139481072,1.43671815283986,1.15070971703769,0.887005096682085,0.378667726011041
24.64,0.517527895774654,4.79478213535919e-05,-4.8629875687289e-05,1.82798115723534e-06,1.12922974960301,-0.491404897701055,0.704853713816734,-0.00649676255745372,1.31199430744829,0.374174028951576,-0.196299328788631,0.447580178137945,1.44606342980287,1.2944747985366,0.733285807498576,0.379876516720279,1.13,-0.491470627173301,0.704557908932011,0,1.32286714360733,0.374217118048688,-0.195941848001258,0.447558762673512,1.44598122507025,1.30144336880962,0.736793645214402,0.383188655079543
24.72,0.509753199593541,3.15304781734059e-05,-4.87561903464743e-05,1.22945739675061e-06,1.12795447732496,-0.386946064645352,0.733474003924654,-0.0112079156553938,1.72316211145939,0.393787521662196,-0.0836748365691208,0.512170750035482,1.46722360101894,1.39329161654342,0.576196860294839,0.389642704799757,1.13,-0.385641255684715,0.734495278375906,0,1.72651918856522,0.390754323773899,-0.0829009642422192,0.51134260864018,1.46660533493648,1.39884231627079,0.587925976614686,0.386229326292949
24.8,0.503916809176816,1.22890481358592e-05,-4.89460106085231e-05,4.58462512453266e-08,1.13010335564673,-0.248909637904381,0.767541661203147,-0.00553905240774453,2.1632863012792,0.376222888913203,0.0441199273739509,0.561091458842979,1.49694908746086,1.43623294834347,0.431207750849864,0.377632149429378,1.13,-0.247519720599497,0.765755624277818,-4.61436444609831e-16,2.16874351366857,0.384533352404637,0.0440992340305912,0.560773726493297,1.49744799838442,1.43352156206585,0.439590222012919,0.386342712390567
24.88,0.500614110803105,-8.71992935449813e-06,-4.91869916822323e-05,-1.63945984688979e-06,1.12898473604777,-0.0732276313055103,0.797904642834231,0.0625254296220578,2.39875294812168,0.352795588483601,0.179252308087264,0.596255855153045,1.53549801527863,1.40149725730297,0.293559509215814,0.384192394821523,1.13,-0.074020239506011,0.796518292470189,0.0737822761728825,2.4,0.352675265447328,0.179146467904697,0.594544202525688,1.53574043277797,1.39963289655452,0.290829736378843,0.382288030727625
24.96,0.500461742076796,-2.8927397844544e-05,-4.94631817786044e-05,-3.65861635207664e-06,1.1375834477547,0.117840815338422,0.826244759436396,0.238847806307808,2.39931287128045,0.294996717909528,0.313854990871758,0.600820589335473,1.57685290402167,1.29613837996131,0.14107228693732,0.371562445402236,1.13590258209383,0.117979760493989,0.824732313705975,0.249409187073068,2.4,0.293118827732045,0.314268333186844,0.6,1.57707223573471,1.29989302354683,0.140620413549433,0.373239608674076
25.04,0.503960094376113,-4.7389345225916e-05,-4.97561719605789e-05,-5.76147390328872e-06,1.15757857424982,0.308328635893251,0.846332145165508,0.531063261259595,2.40631735173911,0.204112043984153,0.44003861658038,0.59894104856601,1.61551252173872,1.14555179269298,-0.010614340451231,0.371225931583521,1.15585531705968,0.309979760493989,0.848181819924539,0.523334630986586,2.4,0.211545185175675,0.440066119398193,0.6,1.61569197363095,1.14013348050067,-0.0119666901674808,0.358990438356486
25.12,0.510763384564003,-5e-05,-5e-05,-7.63468242263023e-06,1.1964333260269,0.503269107731596,0.865705809296341,0.893282588188928,2.40391245997978,0.107448771571697,0.548952873437751,0.586754882481905,1.64554863382054,0.972136391994568,-0.172799727952549,0.341615540254556,1.1977220875386,0.501979760493989,0.865105434738593,0.888944060117121,2.4,0.104767029323319,0.548773694341241,0.58689950270955,1.64667954067987,0.973246314556937,-0.167496036707644,0.340108483497908
25.2,0.52147351141,-5e-05,-5e-05,-9.02118019431708e-06,1.26817715663663,0.694588741201,0.874505797624599,1.34017838944785,2.3976961374205,-0.0201869940042445,0.60130184215557,0.56310051815725,1.66625874176251,0.80304394865423,-0.331469748680766,0.309458149565202,1.26883761234797,0.693979760493989,0.873486797084458,1.33794182327839,2.4,-0.0214488413397455,0.6,0.561274191448462,1.66616363574985,0.807836247156711,-0.325220877194157,0.317797468085494
25.28,0.535671028190842,-5e-05,-5e-05,-9.7299532352742e-06,1.37521003787894,0.887976525168597,0.873018667710189,1.83943926684684,2.40518092352063,-0.134702027874801,0.599051749612161,0.525428805795517,1.67364627032898,0.644024869924269,-0.492596166440553,0.307721013121374,1.37587295821024,0.885979760493989,0.871770889777279,1.83337379706239,2.4,-0.140863872604219,0.6,0.525445525762143,1.6735964852959,0.64372706858973,-0.485028848722272,0.293733528343881
25.36,0.550486337197659,-5e-05,-5e-05,-9.75652109559175e-06,1.52322189265949,1.07576838331915,0.860978459875284,2.33972466745444,2.38894935278002,-0.224913386761379,0.598622932215102,0.481822980054923,1.67059255887769,0.476805227009237,-0.653096804970173,0.272752696465379,1.52254286197524,1.07797976049399,0.860501779968941,2.34146392246967,2.4,-0.226914882459982,0.6,0.480152245036362,1.6706891565248,0.48071482425008,-0.646733825925579,0.269603881463264
25.44,0.562732843991961,-5e-05,-5e-05,-9.21889910425927e-06,1.70912176661828,1.26880191851293,0.840322186520179,2.40136731229307,2.39945208728425,-0.269999103997428,0.598962848310511,0.423969940726259,1.65773674794584,0.315447817240052,-0.798740300846396,0.248460855040214,1.70985997577281,1.26997976049399,0.842348589372143,2.4,2.4,-0.279401403003449,0.6,0.425272064046802,1.65782134788575,0.318596976744902,-0.810106901679824,0.246803871312686
25.52,0.572036778982084,-5e-05,-5e-05,-8.1593805371793e-06,1.90085491348902,1.4608657064539,0.822011836364683,2.40076012277218,2.39259138879768,-0.297792017882448,0.601446002797622,0.360157536372374,1.6353239654914,0.162245848338336,-0.970255830391196,0.227085775661751,1.90185997577281,1.46197976049399,0.819996477131867,2.4,2.4,-0.299634738382326,0.6,0.360634781952246,1.63553856359729,0.157196368549236,-0.974909421487685,0.226624242816246
25.6,0.578080911292809,-5e-05,-5e-05,-6.62788713173344e-06,2.09304031909528,1.65065334362563,0.795522052363571,2.40564812220217,2.40502986381158,-0.300916026014536,0.59970959727947,0.284846560570986,1.60369115725954,-0.00801684247891852,-1.13684612026738,0.202137222663126,2.09385997577281,1.65397976049399,0.796025698061281,2.4,2.4,-0.290799771724287,0.6,0.28602765076346,1.60446495549963,-0.0036153007187914,-1.14091801112775,0.210232275383758
25.68,0.580808980161267,-5e-05,-4.50416158791269e-05,-4.67687232529012e-06,2.28565775095536,1.84642781993835,0.774300429227012,2.41183021165326,2.4024792567155,-0.254501774269451,0.589515217793788,0.201374405365118,1.56590101675248,-0.164652225527207,-1.29646992393816,0.20340903334429,2.28585997577281,1.84597976049399,0.772761716323338,2.4,2.4,-0.258023049061866,0.588636488515062,0.201199943544596,1.56521440590501,-0.163896387936227,-1.29138520592795,0.198665521557338
25.76,0.580443106577509,-5e-05,-3.08285027294534e-05,-2.35630528301936e-06,2.47800844746945,2.03964787652188,0.75274937218973,2.39431441216484,2.40169669496834,-0.197811518735522,0.565787333953195,0.105437864310364,1.51903419258202,-0.320489895632,-1.40023977265837,0.191896662891422,2.47785997577281,2.03797976049399,0.752119872398388,2.4,2.4,-0.201906943003413,0.566521466396923,0.106452126292834,1.52016298340163,-0.32370925589143,-1.395270241886,0.192837951067291
25.84,0.576754041377452,-5e-05,-1.65456204705859e-05,1.90651279154731e-07,2.66772501146118,2.23066531091552,0.735665338970215,2.3986996406608,2.39971613844724,-0.135382642228679,0.536215972602174,0.00356884974910912,1.4733402261517,-0.477816198338202,-1.45589918179702,0.194823434279795,2.66985997577281,2.22997976049399,0.735967316958115,2.4,2.4,-0.126449654680598,0.535614199132438,0.00398912350605146,1.47300561083324,-0.483171368990082,-1.45228574048199,0.193309466272175
25.92,0.489913875937496,-5e-05,3.61682541034474e-07,2.75491627224102e-06,2.86055346704279,2.42342653080429,0.727983360855854,2.40020933772686,2.36404652084383,-0.149786807251533,0.496685942578119,-0.104198646673964,1.42631759310671,-0.639747518094642,-1.45177046106341,0.206574858370627,2.86185997577281,2.42197976049399,0.725851344583668,2.4,2.35957378535218,-0.16227064427622,0.496777000262069,-0.103815682409801,1.4270080784099,-0.64230594234014,-1.45369701278965,0.200122874062056
26,0.437029845300445,-5e-05,1.20114596646943e-05,5.1582543292674e-06,3.13131233233038,2.60955368808207,0.710969738405111,2.39668002413189,2.23431051914888,-0.271864890115223,0.448822143023213,-0.213847898984483,1.38762000541497,-0.805426947492297,-1.42512365688084,0.214568489158427,3.13,2.61074566332216,0.71286969304157,2.4,2.2364630048505,-0.267720389252198,0.449700929690639,-0.213684181343081,1.38543291779217,-0.801155100266545,-1.41718167099686,0.212880172925672
26.08,0.440845541843354,-4.99860472311384e-05,2.57312686569641e-05,7.22927817884453e-06,3.32176068306754,2.78972103659825,0.69138500470278,2.39839159730875,2.02578434012158,-0.366127848310621,0.392634133517242,-0.323642139312782,1.35128926578855,-0.9539478069363,-1.32885187344224,0.226811338572922,3.322,2.7896627037102,0.691452061901394,2.4,2.02656371113575,-0.362767836519061,0.392974763874531,-0.323189751946467,1.35069660518544,-0.959655568741242,-1.33601819372304,0.230759489533319
26.16,0.44571153406153,-4.27470410805468e-05,3.86953162429878e-05,8.848763782374e-06,3.5151661382629,2.95084944979529,0.663084903790441,2.40642924632581,1.73615104909258,-0.445325820012381,0.323209495499241,-0.429554379841464,1.32508940574239,-1.09048424408195,-1.21516914438463,0.250857538186165,3.514,2.95178780060106,0.662430634979869,2.4,1.73345431994464,-0.453487901586324,0.324198987362453,-0.42899338976101,1.3255176040476,-1.09379130825732,-1.21298024071408,0.252644087875976
26.24,0.453895866415795,-3.4790747274096e-05,5e-05,9.88586256898544e-06,3.70431939713635,3.08961294340089,0.625900245886789,2.39885053964398,1.36744044821518,-0.546696126397185,0.241264696312228,-0.526831547822799,1.31308939422142,-1.20564713451929,-1.04878700115781,0.275430496121991,3.706,3.09046414619663,0.626151602852963,2.4,1.36239898704676,-0.54270834804772,0.242071505756051,-0.527415082226281,1.31259357361623,-1.20140359626673,-1.05372225520213,0.277093619687855
26.32,0.53198386559017,-3.2689569360964e-05,5e-05,1.02159181236591e-05,3.89806549442432,3.20161733945832,0.581477812572686,2.40051612718127,0.851663258350126,-0.531449849831086,0.145637749875376,-0.599015125773984,1.31355950792721,-1.31067059017941,-0.89744840450336,0.294164057397794,3.898,3.19945606516038,0.582734935009146,2.4,0.857710835190138,-0.534103839208065,0.145194004676288,-0.6,1.31411396164797,-1.30240349667529,-0.896050472221737,0.302359438771316
26.4,0.446030018308866,-1.92783765850337e-05,5e-05,9.74652689006355e-06,4.09078739501116,3.26726003360109,0.539582083376737,2.40018933895526,0.392983139599484,-0.678509214571609,0.0303109944297089,-0.599319828720471,1.33127602842648,-1.35499496714751,-0.738216738521382,0.333175165580761,4.09,3.26807293197559,0.5400066278725,2.39849738879222,0.400081443165956,-0.671346504976603,0.0317229991924927,-0.6,1.33054688369505,-1.35919829950445,-0.740086359967987,0.326464368168326
26.48,0.551218913116849,-9.18609548801739e-06,5e-05,8.48185908149813e-06,4.28144743614473,3.29826120441976,0.48967182175948,2.29613513936178,-0.137417823709288,-0.644857010356423,-0.0938137234251919,-0.598856159244726,1.35971142184784,-1.37669113087754,-0.587843419959082,0.342540904543543,4.28187979110338,3.30007944742886,0.486298907474372,2.29709319564842,-0.144470229772529,-0.647770139878176,-0.0935868338021597,-0.6,1.3598999164817,-1.38310551873633,-0.585522644111027,0.347441544614978
26.56,0.555785670530683,7.66022010604575e-06,5e-05,6.55913890185943e-06,4.46499291375963,3.28891571170603,0.43665248767975,2.08974566241142,-0.66353106001617,-0.632131144925917,-0.227491308271362,-0.597755608018611,1.39865053928935,-1.35583210322224,-0.430254734094766,0.366404345589336,4.46564724675525,3.28852182904706,0.434477296284118,2.09052588098646,-0.668295353069359,-0.62065481464489,-0.226162592168394,-0.6,1.39873390064071,-1.35181410056341,-0.431991463538054,0.363663485201393
26.64,0.559709676424632,2.56028196390169e-05,5e-05,4.1891818077232e-06,4.63020586636845,3.23536312763814,0.385092662646758,1.77144748935954,-1.18190216397721,-0.602987267461242,-0.360035290948414,-0.600158314039104,1.44267152191903,-1.27019508795564,-0.275860594340745,0.36928142116359,4.63288931723417,3.23505820080151,0.384824911112527,1.77694768134652,-1.16954139085048,-0.605127019840873,-0.359006263322718,-0.6,1.44247581569847,-1.26189108367368,-0.27877036768868,0.374024091891901
26.72,0.564776391555258,4.37711344440604e-05,5e-05,1.63682921387341e-06,4.77598568828274,3.14026669410709,0.336061294689957,1.36868190246623,-1.65348366462406,-0.623069365120495,-0.483959976157213,-0.60044846118861,1.48582853201877,-1.10058485564035,-0.112227995276217,0.375213144486562,4.77504513174189,3.14149488953347,0.336414749525257,1.35915846866717,-1.65081830845804,-0.61408237267512,-0.484483746415242,-0.6,1.48591249918273,-1.1127647548218,-0.124998832434499,0.378072267522094
26.8,0.572707375506326,4.93678734821617e-05,4.99450842871121e-05,-8.07710045120753e-07,4.87241611718932,3.00849072321492,0.285097266914039,-0.0031285974105291,-2.10791767517401,-0.654888917959606,-0.594333613167089,-0.594649856848865,1.52230991591556,-0.939536927683222,0.0213891421865556,0.376977236301186,4.87,3.00942942485683,0.287288159711247,7.23356666831115e-15,-2.11751072987777,-0.655276785761525,-0.595002170143553,-0.594762051975444,1.52398480928245,-0.946543197072294,0.030027148806754,0.376074654030591
26.88,0.58484714350854,4.908524156628e-05,4.96566824456635e-05,-2.87274832398363e-06,4.87354075428645,2.83970837736945,0.233555463923055,-0.604700804995517,-2.39412834633957,-0.725213093851993,-0.600081710042713,-0.577524376899567,1.55278038061212,-0.779716698297882,0.200625879747159,0.376804633091283,4.87,2.84002856646661,0.234866016850325,-0.604716466299144,-2.4,-0.726886250843438,-0.6,-0.575909194895871,1.55244030857278,-0.782907674014562,0.185905235648147,0.368969826197448
26.96,0.597976723155254,4.88476442013404e-05,4.93683380866402e-05,-4.33984008875943e-06,4.82251910213304,2.64801056427982,0.177671150193783,-1.21941829305669,-2.39896686275565,-0.772818254229108,-0.601618519573922,-0.546416336981035,1.5704006801741,-0.622930110640483,0.341015856134062,0.365152739452264,4.82162268269607,2.64802856646661,0.17671511678285,-1.21364011988335,-2.4,-0.775822027216846,-0.6,-0.546967575115803,1.57147496127228,-0.621672706535474,0.342702000286723,0.358236614242683
27.04,0.597856626746297,4.86789818555444e-05,4.90995077980907e-05,-5.23869299469904e-06,4.72553687081517,2.45675069060178,0.115624435614794,-1.8137442794553,-2.39904425384638,-0.817587064850056,-0.600775628369507,-0.50755536211246,1.57961723007099,-0.457505094681585,0.507524290379579,0.34285390294954,4.7245314731054,2.45602856646661,0.114649354605503,-1.81346413067771,-2.4,-0.81138940081179,-0.6,-0.508157993190677,1.58104392605274,-0.462520376083349,0.50045631149584,0.345280375964762
27.12,0.597906954087541,4.85967894274968e-05,4.88683383852106e-05,-5.58544161866403e-06,4.57811366212406,2.26282767400049,0.0487559375269531,-2.39597348301774,-2.39796285839359,-0.828442424979161,-0.598020684574375,-0.462070211506081,1.58171959444361,-0.303955465040221,0.652444465482236,0.324469077828962,4.57945434265118,2.26402856646661,0.0497382025405595,-2.4,-2.4,-0.829754462814456,-0.6,-0.459517642544008,1.58126308229043,-0.305045599835117,0.659205437038979,0.33146656542613
27.2,0.598155205508638,4.8610557258387e-05,4.86903572709476e-05,-5.40485877293032e-06,4.38639504413752,2.07228213856016,-0.00065297940991815,-2.39705354858164,-2.41296359817371,0.0126223824630313,-0.600366075162871,-0.39976181802975,1.57165953233256,-0.139566801179709,0.810939288081961,0.320905976541956,4.38745434265118,2.07202856646661,0,-2.4,-2.4,0,-0.6,-0.401019576457581,1.57245818124817,-0.148806635433527,0.819003081949006,0.318099369029728
27.28,0.554917828012966,4.872081805277e-05,4.85773522580555e-05,-4.73274222871152e-06,4.19580201570913,1.87732087486973,-0.00101853845699507,-2.40089763922731,-2.4034486694563,-0.00188653985728792,-0.599717986591088,-0.3335840043126,1.55687390342799,0.00872596027518778,0.97531598607385,0.29776894885506,4.19545434265118,1.88002856646661,0,-2.4,-2.4,0,-0.6,-0.332574390316169,1.55508764851299,0.00662221679301131,0.979931394272656,0.30639443879518
27.36,0.555588909820399,4.89190867964136e-05,4.85365218037836e-05,-3.61136702110607e-06,4.00463451163471,1.68774359800265,-0.000107306629797465,-2.40642940234984,-2.39907648795613,-0.0126432783998862,-0.5917449248212,-0.255991505743808,1.52704692412859,0.159400739343743,1.15424556363604,0.304782251314312,4.00345434265118,1.68802856646661,0,-2.4,-2.4,0,-0.591168575582783,-0.2540323428268,1.52965971320963,0.161599379599882,1.14210769547122,0.297462872909982
27.44,0.55640492483174,4.91886594458666e-05,3.79308400698047e-05,-2.08475977200897e-06,3.81275146921296,1.4980600164595,0.000848038201110803,-2.40479071702916,-2.4024831495011,0.0094432839213374,-0.568392623299496,-0.164816378752635,1.4973579221213,0.319352790418729,1.27129234272494,0.297908088564349,3.81145434265118,1.49602856646661,0,-2.4,-2.4,0.0101353776738969,-0.570149105124936,-0.164907060286903,1.49746220923866,0.316369526782931,1.27015056380259,0.292306883737549
27.52,0.556160178855958,4.95061942998393e-05,2.40906240674797e-05,-2.37993226471326e-07,3.61949708171514,1.30381524280857,0.00150468077365637,-2.40626467076875,-2.39821829619786,0.0551167720373684,-0.538323593904951,-0.0669645082275847,1.46071575057538,0.47898188470926,1.35356535320927,0.288117472540229,3.61945434265118,1.30402856646661,0.000810830213911752,-2.4,-2.4,0.0463761547803059,-0.538988227812045,-0.0667459689092753,1.4618183745624,0.471315808334826,1.35321034712547,0.291718283307286
27.6,0.552841627809332,4.98439253515349e-05,1.03163158977871e-05,1.73650072352692e-06,3.4261901618441,1.11170205374504,0.00152235466922973,-2.40829453384109,-2.39547365856283,0.097086639982981,-0.498661504760294,0.0374053503954355,1.42517667026607,0.638127142961621,1.38711250537385,0.284161323133172,3.42745434265118,1.11202856646661,0.00452092259633623,-2.4,-2.4,0.103190234364104,-0.498907557647863,0.0381414894935897,1.42620318758386,0.626731623294465,1.39152421799669,0.296012964665129
27.68,0.546717174755269,5e-05,-3.17969805538895e-06,3.64446576487672e-06,3.2346737876415,0.920869784455445,0.0115848277291141,-2.40311852881811,-2.30551375610136,0.174904106770905,-0.450222684354556,0.147068560586679,1.39518288831034,0.782564536526256,1.39009724743563,0.311826931697929,3.23545434265118,0.920028566466608,0.0127761413454645,-2.4,-2.3007872256663,0.171237086960978,-0.45000805870041,0.147224510544146,1.39371018844512,0.782187713745093,1.38610626842665,0.305026389749067
27.76,0.538561178035909,5e-05,-1.62585563969675e-05,5.31879105959558e-06,3.04437629816945,0.73519589609161,0.0256643029046292,-2.39749500123131,-2.10523842487994,0.240294037349609,-0.391917075000645,0.257360571066969,1.36774007542456,0.932092473323503,1.33603517552456,0.324524367886796,3.04345434265118,0.735965588413304,0.0264751083023428,-2.4,-2.10293281135912,0.239233276403317,-0.39132744646343,0.257687606079597,1.36716223742859,0.937338411996299,1.33849114610078,0.318180725074372
27.84,0.529494576439136,3.96795209458212e-05,-2.86546945299994e-05,6.61271485488585e-06,2.85254320745263,0.569393019822515,0.0467304390028204,-2.39515374618165,-1.81987030208487,0.295938433834223,-0.320642174498294,0.366977740273274,1.34935111602277,1.06058414377529,1.24579031259929,0.339736292848556,2.85145434265118,0.567730963504574,0.0456137704146081,-2.4,-1.81315018996609,0.295865094623747,-0.320902780186792,0.366380818751897,1.34925957800298,1.05793067110475,1.25114399175639,0.334535168713376
27.92,0.520786489718063,2.87415418976932e-05,-4.01004456065997e-05,7.39125179580929e-06,2.65929564382684,0.422815977524073,0.0701533014446784,-2.40311073027661,-1.45013754925116,0.337528105242116,-0.239710736599893,0.467810832210115,1.34408469521212,1.15875938505853,1.12033799309313,0.351256135455475,2.65945434265118,0.422678948307286,0.0692829779845079,-2.4,-1.44193293795569,0.331333123445988,-0.238637555689918,0.469804387988501,1.34264603103527,1.1421939823882,1.12712754104925,0.352815075464072
28,0.513677139565164,1.78432246977782e-05,-4.99157809922611e-05,7.52733410764044e-06,2.46780992404469,0.304854341130182,0.0937776708494465,-2.39149231503374,-1.00575775176019,0.343692696922418,-0.143851965574497,0.561766906373667,1.34874031826156,1.19553376168412,0.981810810451421,0.368435160258254,2.46745434265118,0.307324313270831,0.0957896278601869,-2.4,-1.00181728213299,0.337722063572087,-0.14415936811219,0.564091097878838,1.34949954903712,1.19064092030354,0.971702436213137,0.371431538462533
28.08,0.509317764711681,7.01356494882054e-06,-4.97148149568392e-05,6.92376057314254e-06,2.27651274707419,0.226829812504361,0.121748705640026,-2.40823478788906,-0.515448282106885,0.306002361355508,-0.0356915768869303,0.600351047627135,1.37051637600437,1.19850448875271,0.822947342331589,0.383700554483706,2.27545434265118,0.227178930700192,0.122807392945954,-2.4,-0.505871305285722,0.310161181901482,-0.0373691563146415,0.6,1.37108185987702,1.20394566019327,0.8180495463049,0.38855525459854
28.16,0.508615868277073,-3.75115743275765e-06,-4.956817476132e-05,5.53657837844571e-06,2.08557609185403,0.184748714178391,0.148466874749872,-2.32581491807413,0.00937310444790361,0.280775276838959,0.0784505331301538,0.598457563026481,1.40522371078873,1.17235976858517,0.658817630476347,0.405636066480195,2.08345434265118,0.186709226277334,0.147620287498072,-2.33189243253753,0.000886220111091407,0.271113579504157,0.0785249200529538,0.6,1.40575587834824,1.18250225129756,0.665603198699176,0.402248217478425
28.24,0.509397264802796,-1.45764375158802e-05,-4.9486022633185e-05,3.48037448797561e-06,1.8958549063357,0.185455875022411,0.171120172897068,-2.18247828440967,0.492971243843061,0.24268528124587,0.200841126553603,0.598072723221739,1.45065845621198,1.14121558085459,0.511249344987264,0.412136776642398,1.89690294804818,0.186780123886221,0.169309373858405,-2.17806909843277,0.492050111606278,0.231430326402237,0.197930337228532,0.6,1.44968675184882,1.12630630708824,0.513651677276982,0.410855815062067
28.32,0.510552505568298,-2.5089905296994e-05,-4.94737163877621e-05,9.84979724912739e-07,1.72290255655008,0.22800190020791,0.186450721680573,-1.94537509412399,0.974568149223167,0.172230391810278,0.318102785164579,0.59891200428275,1.49670974924183,1.04057457056584,0.349046733920664,0.424956598746827,1.72265742017356,0.226144132814724,0.187823799970584,-1.94018809535731,0.969297514355517,0.181119310946009,0.315610417882785,0.6,1.49852398494145,1.03658389018876,0.361379215597868,0.413291848635289
28.4,0.513247578396974,-3.48059467629534e-05,-4.95314235704355e-05,-1.69933432237126e-06,1.56964895235787,0.304568235762245,0.20238406663603,-1.61431086527115,1.44071101401612,0.117589294989301,0.424638673870652,0.600509148646917,1.54794037406708,0.9234545939611,0.206526869725201,0.41380200652329,1.56744237254497,0.303687933963165,0.202313344846265,-1.62234400074476,1.43732306026276,0.112192363823459,0.426178943994792,0.6,1.54747852909876,0.91613820675565,0.20795103582986,0.40908908653093
28.48,0.518546389290372,-4.32058054729225e-05,-4.96541121897809e-05,-4.30673316950828e-06,1.43779920594457,0.421605143347346,0.213222351176563,-1.22340116315179,1.90923844587752,0.0146045283357298,0.523559911917047,0.60247369152578,1.59137695581982,0.758116579003978,0.0589180417225086,0.39212116233426,1.43765485248539,0.418673778784185,0.211288733952141,-1.23030484455295,1.90227063976081,0.0201804731951754,0.524562097818715,0.6,1.5919174412702,0.769438503578437,0.0526090749116778,0.398437753994353
28.56,0.527210504425386,-4.97930134154444e-05,-4.9831918701687e-05,-6.58850591391832e-06,1.34123906543722,0.57245587302716,0.211803435917904,-0.760244829354222,2.3670395232685,-0.073153628087245,0.599888106620991,0.586731233672492,1.62770568486846,0.605789810104124,-0.104832050603588,0.379293713085602,1.33923046492116,0.57085542996505,0.212903171807755,-0.770670331460557,2.37014387219398,-0.0950727346057349,0.6,0.587678739893452,1.62789927004428,0.602534388745597,-0.105239629064882,0.382143183458802
28.64,0.539563149158809,-5e-05,-5e-05,-8.34144613565155e-06,1.27721330321144,0.759010311130395,0.206173221163642,-0.261467997968731,2.3943943319048,-0.223809768068267,0.602427559657214,0.563461980704799,1.65125957826617,0.432466271140899,-0.277495333529811,0.371542680803004,1.27757683840431,0.760466939740569,0.205297353039297,-0.25498558251801,2.4,-0.221011957769185,0.6,0.563468156992143,1.65250531849175,0.436654579572997,-0.265790032732988,0.361513273703581
28.72,0.55441587907716,-4.91202443180932e-05,-5e-05,-9.42425103544947e-06,1.25631225794719,0.949553300688481,0.187657671521146,0.262235772608127,2.39570641230967,-0.317367183647386,0.601053632183337,0.528846035430131,1.66577265484349,0.267934852013854,-0.423503646729871,0.326979186712406,1.25717799180287,0.952466939740569,0.187616396417762,0.264222653677035,2.4,-0.318094639251703,0.6,0.529588818661609,1.66653816197353,0.27528010329779,-0.428370759860132,0.338205390968368
28.8,0.56740078717622,-4.50968530575066e-05,-4.79613701765322e-05,-9.90120354378587e-06,1.27707474169264,1.14399853734716,0.162547539848992,0.793957279093494,2.39984159462459,-0.38481274654125,0.600344741277281,0.486162775026274,1.66918944654047,0.125281169206151,-0.578471870872821,0.30961855867506,1.27831580409703,1.14446693974057,0.162168825277626,0.790971049802539,2.4,-0.384412016230651,0.6,0.486027636823977,1.66999178767766,0.128712650601744,-0.585958142017751,0.31371791814236
28.88,0.577970072307787,-4.14828075382792e-05,-3.89809791514923e-05,-9.79056053376769e-06,1.34227912849953,1.33826677163193,0.129911046184341,1.32117465193351,2.39726002679308,-0.424995450434648,0.600211283051678,0.433084580847193,1.66198086784228,-0.0139004701316129,-0.71918215728356,0.279402042951017,1.34159348808124,1.33646693974057,0.131415863979173,1.32906045973389,2.4,-0.419384012006424,0.6,0.433167590047833,1.66348333629996,-0.00469107555823584,-0.715028170543172,0.289504085555059
28.96,0.585702410460729,-3.83403156700721e-05,-2.84821482958285e-05,-9.1435866828266e-06,1.44674286186933,1.52819875356846,0.095437288470041,1.87546240706024,2.40545927927749,-0.417247794887024,0.593612178288982,0.372485813228713,1.64842101059186,-0.127468550582375,-0.812918732185644,0.268705912286846,1.44791832485995,1.52846693974057,0.0978651430186596,1.88108362269129,2.4,-0.42417604156231,0.593527737362966,0.372879228628732,1.64895800799395,-0.126948396389738,-0.810200984311349,0.266890336687278
29.04,0.568195813744268,-5e-05,-2.19744295238793e-05,-8.08160323889955e-06,1.59630742256899,1.72169016924461,0.0643068552221104,2.40184598639022,2.40095324720341,-0.430991462846994,0.57480095991194,0.308372752257171,1.62935127804291,-0.286713240060137,-0.888258530203352,0.248067339178206,1.59840501467525,1.72046693974057,0.0639310596936748,2.4,2.4,-0.429151056197801,0.576114971771139,0.307206957110153,1.62903781176298,-0.287891964527891,-0.884549101453231,0.246903065561301
29.12,0.568769568849517,-4.99244706511425e-05,-1.67199796673841e-05,-6.75851540681544e-06,1.79184900787168,1.91397100931909,0.0301298703326029,2.39572777464619,2.40280482024524,-0.406443708107472,0.545886830047183,0.238644006522881,1.60577307093899,-0.438940310032157,-0.938661812735755,0.232610976816636,1.79040501467525,1.91246693974057,0.0295989751978507,2.4,2.4,-0.405717424703218,0.546108501593074,0.237104925522012,1.60597177431706,-0.448522592094038,-0.942389790105649,0.230188030703502
29.2,0.573555196482477,-4.95938699886423e-05,-1.2917760830836e-05,-5.30310353716518e-06,1.98225369607861,2.10329710189872,-0.0011328949683703,2.38773979376854,2.39484978802138,-0.00264825020192364,0.505008429574139,0.162701249678579,1.58168318310247,-0.616530799418111,-0.987532813465373,0.214055433086285,1.98240501467525,2.10446693974057,0,2.4,2.4,0,0.504567487923059,0.163115090642459,1.58187872044862,-0.608090216515733,-0.988432466981566,0.217072493467492
29.28,0.53789773806313,-4.92679718948461e-05,-9.162389097323e-06,-3.8330931434986e-06,2.1748164835915,2.30058764901962,0.000763057422766213,2.40460908991569,2.39927011617932,0.036128473671369,0.452720384716736,0.0850641485031056,1.55957453465489,-0.772864818495749,-1.03368006156441,0.205979825432188,2.17440501467525,2.29646693974057,0,2.4,2.4,0.0411852293675356,0.452130844357605,0.0854993525251645,1.55854377055217,-0.766635625188103,-1.02273803497931,0.207592558651902
29.36,0.541254668782208,-4.89758249613081e-05,-5.44656458633913e-06,-2.4446155657595e-06,2.36733610342246,2.48765812445422,0.00314310297082102,2.72498809926418,1.94547441443786,0.12276211275536,0.388830870660086,0.00468773367717811,1.5376508204705,-0.914552781828918,-1.04971306880525,0.20336711561113,2.36685880523106,2.48783340891421,0.00329481834940285,2.7223428009641,1.94998159734275,0.118767414725676,0.389016686842702,0.00464613613169307,1.53766078131413,-0.924268280680498,-1.04539352307825,0.201546580809729
29.44,0.538117345890845,-4.87434417619482e-05,1.5873459987775e-05,-1.22608804272288e-06,2.58584032742357,2.64438801186546,0.0135015288016463,2.39761322492248,1.94475350952766,0.216357653349751,0.316857519685467,-0.0779312901062469,1.52060817740122,-1.08283520753699,-1.00750279702684,0.203011883110606,2.58464622930819,2.64383193670163,0.0127962115274569,2.4,1.9420713241511,0.219132153984164,0.314997165751286,-0.0788519937859203,1.5208599568009,-1.08117009664283,-0.997597850307151,0.198514242620165
29.52,0.524558756394993,-4.79152829626923e-05,2.00266005340854e-05,-2.59983815343298e-07,2.77750083379561,2.79897349875721,0.0306922076821186,2.40846928797983,1.86032228416976,0.321363179786923,0.231144315296307,-0.160743165274805,1.51072277693949,-1.23381097251753,-0.940328930882644,0.205717623149115,2.77664622930819,2.79919764263372,0.03032678384619,2.4,1.85789407265702,0.31824203798728,0.229264150197603,-0.159653253533934,1.51120413334859,-1.23566071868281,-0.936724945872075,0.197871255473677
29.6,0.510139310990114,-3.32734343259788e-05,2.85189722583652e-05,2.96179885479822e-07,2.86806864520681,2.94653782911816,0.054912559772304,0.0128364203000116,1.70752452009394,0.404277632329348,0.132584558700429,-0.237107734297229,1.5089987109039,-1.3381113746954,-0.860932873320185,0.193961942186153,2.87,2.94782916844628,0.0557861468851724,0,1.70546331010962,0.40539402676261,0.130671343460581,-0.236227886648189,1.50956834584129,-1.34160110639014,-0.848324008397211,0.198603762068983
29.68,0.496094556765237,5e-05,3.81292012834973e-05,4.0798913374576e-07,2.87347019817362,3.08578435876022,0.0926223257798631,0.0131960452861908,1.50724128094027,0.463377910205663,0.0222601703852409,-0.30564026464473,1.51621532722924,-1.16487420604866,-0.715566747747731,0.201692648910477,2.87,3.08426623325505,0.0882176690261812,5.10417966874693e-15,1.49416680752305,0.470736155232963,0.0216798797747032,-0.305585468308761,1.51667566455988,-1.16986861612044,-0.728438869420349,0.199612793221784
29.76,0.483619865143884,5e-05,4.68048308297557e-05,5.00071422722194e-08,2.86861743163887,3.20453884301458,0.126218181612,0.000309391202622005,1.23580182319735,0.509720285319407,-0.076938689461141,-0.363770146379226,1.53181622331182,-0.994440950246792,-0.573151653986459,0.20942743320546,2.87,3.20379957785689,0.125876561444818,-4.21884749357559e-15,1.23493526002957,0.505679878270955,-0.0765475942936449,-0.364193062636079,1.5320918538962,-0.998783228776524,-0.578652419823999,0.199736469957858
29.84,0.472675652585531,5e-05,5e-05,-7.4015457068271e-07,2.87011510881789,3.30388680411018,0.168387183967684,-0.0761678978280929,0.929265691265986,0.510779305495979,-0.16446236460745,-0.409462711649523,1.55002578805543,-0.830256684918132,-0.409954677803404,0.191361087564745,2.87,3.30259439865926,0.166330951706495,-0.075760991883059,0.939206470122873,0.503777999462132,-0.163873016641008,-0.409127743549881,1.55293087670924,-0.828534327877033,-0.417239357794868,0.197905933411823
29.92,0.468697642859707,5e-05,5e-05,-1.79400564922234e-06,2.86525140510543,3.37881540255686,0.205017071231725,-0.228155070859475,0.620205637656501,0.477881635762532,-0.239171747976515,-0.440188559701935,1.57547523694539,-0.661339820767543,-0.255278908921192,0.195272374300385,2.86393912064935,3.37773091626909,0.206633191663465,-0.217516797381597,0.614657191206131,0.473207658122384,-0.239289804083714,-0.439476787706057,1.57589173568237,-0.659210984324846,-0.254830131399473,0.193469031939111
30,0.466667469956193,5e-05,5e-05,-2.9265757819222e-06,2.84828170489511,3.42897399159319,0.244264092465225,-0.408278945526715,0.271945376593864,0.412360934368566,-0.301111374125738,-0.456991888352964,1.59854952998175,-0.478832216664346,-0.0957179604564375,0.192646505992498,2.84653777685883,3.42690349156558,0.244489804313256,-0.412400042211481,0.27073750377461,0.4178097841008,-0.301367620415878,-0.455613949137043,1.59784633825098,-0.490820729557285,-0.0913991261123322,0.186231079036098
30.08,0.468031894268163,5e-05,5e-05,-3.96860289771197e-06,2.81307926391808,3.4467210281029,0.279669786608741,-0.647996851231956,-0.087734050931698,0.339583987953197,-0.349673291541328,-0.459453928164731,1.61413389936783,-0.319441817097696,0.0754246016115672,0.176545059564334,2.81354577348191,3.44856249186755,0.27791458704132,-0.64983017816975,-0.0854305212086128,0.346514950211196,-0.348667973717565,-0.458174075972086,1.61610643928193,-0.323335743307856,0.0730451295831624,0.176416004011615
30.16,0.472059758000895,4.99244009105784e-05,5e-05,-4.78027880364776e-06,2.76065293374105,3.44275292711899,0.304582049758079,-0.917574994808753,-0.441674904567261,0.26796577609592,-0.37890817391796,-0.447317327303465,1.62814684648811,-0.154165294168166,0.235750624158885,0.160317169938993,2.76155935922833,3.44172805017086,0.305635783058216,-0.920449885819998,-0.446919081585877,0.269088084411613,-0.380091759431927,-0.447860334579373,1.62866982383242,-0.156941998462264,0.238453099949914,0.164593507202272
30.24,0.477785109087202,4.96951994501707e-05,5e-05,-5.26340619858024e-06,2.68743507596483,3.40590251261353,0.327673702954048,-1.21803812463045,-0.804627488260742,0.195673433912257,-0.395795722791115,-0.426458333625257,1.63556825989779,0.0134121925123263,0.401836485177011,0.14667744682162,2.68792336836273,3.40597452364399,0.327162829811145,-1.21529615899276,-0.806144164405563,0.195270611846861,-0.395121434402195,-0.425260336923302,1.63438367747556,0.0079468985441149,0.40473632019565,0.151576148687219
30.32,0.484114567705698,4.95392528984409e-05,5e-05,-5.36867739595934e-06,2.59014379925319,3.34186812529275,0.341766914126371,-1.51426033380767,-1.15005534912455,0.134189732050256,-0.394466446514412,-0.389404767047604,1.63409180510944,0.174372677250808,0.572941155096281,0.138025882992581,2.59069967564331,3.34148299049154,0.342784478758894,-1.52508342667699,-1.15424217777361,0.134055305548256,-0.393909813918465,-0.390708652974625,1.63298782846217,0.171695124377455,0.571777741390828,0.13829843540077
30.4,0.489918679681865,4.94706633099856e-05,5e-05,-5.09623401419236e-06,2.55750671838844,3.29521114692103,0.356719367523826,0.213931137685939,-0.387161556663426,0.101905423243745,-0.374854706775264,-0.34403307520481,1.62678157436529,0.336252563917167,0.728002902650753,0.125468044936021,2.55628889721144,3.29570705578204,0.353508903202754,0.208391749143429,-0.392029929797853,0.0929095197765736,-0.37715123049741,-0.344223243146714,1.62505025984475,0.334717099212044,0.73945128962747,0.125694524029225
30.48,0.494114289640073,4.94949858983319e-05,5e-05,-4.49041412737934e-06,2.57377235006814,3.26468861467325,0.360615375487538,-0.106349850704237,-0.676470765410339,0.0748969695135947,-0.347407555612801,-0.286596144753833,1.61386251177691,0.489834803736883,0.89629682823923,0.114775811235159,2.57296023714291,3.26434466139821,0.36094166478488,-0.099687719046508,-0.684770915827824,0.0768883868295347,-0.345915327390221,-0.285521580715016,1.61183843818852,0.497431373735684,0.907638797141715,0.114588915156985
30.56,0.495865618804194,4.96087043979295e-05,4.31030430623965e-05,-3.63124272352918e-06,2.59055919966107,3.21910833282707,0.369035476882381,0.253998492058033,-0.679899917200439,0.095742783055636,-0.29976309730886,-0.214919634368514,1.59629847681612,0.674730950077451,1.05567531298911,0.0914602361691868,2.59067636609183,3.21909228772494,0.367092735731243,0.256357228007859,-0.69114325033278,0.0878345697584584,-0.301425534321043,-0.21410337712629,1.59516827814872,0.660215309338578,1.05320805465031,0.105608193053472
30.64,0.494619179824152,4.14053599207592e-05,3.43913886865456e-05,-2.62503810604001e-06,2.60965245541849,3.16397363376755,0.373249348144486,-0.00171820704539588,-0.872819304038777,0.118859064427402,-0.245879800612955,-0.13088743925272,1.57911307328302,0.793049537399807,1.16934416235507,0.105812022387216,2.61118494433246,3.16380082769831,0.374119501311919,-0.000272499501495493,-0.875859594645431,0.123540492609016,-0.244923525702109,-0.131137255442017,1.57782578165881,0.795396286079575,1.17003588685795,0.0991159975335408
30.72,0.490177316169526,3.20276119445674e-05,2.05586394846335e-05,-1.62629704828561e-06,2.62299075970387,3.09778301562879,0.383687211221157,0.138239816267887,-0.934691715156825,0.171870474437995,-0.179292434346084,-0.0380357809445667,1.56531205930221,0.890498964754208,1.23862382931528,0.0946395066947953,2.62271897446569,3.09550433937993,0.384002740720641,0.143183454997489,-0.933602125677087,0.176900954353336,-0.179312831499807,-0.0384051719219044,1.56269144914417,0.899121170783932,1.24091576897665,0.095093869859789
30.8,0.483103164277316,1.83942183882239e-05,8.88323165490972e-06,-7.887995255438e-07,2.63410833291458,3.02251007219133,0.399726376954779,-0.012706966905454,-0.973140383087316,0.227955789216702,-0.107633965887429,0.0611101015713697,1.55273559477772,0.954282675919124,1.26357191406685,0.0954248256225206,2.63417365086549,3.02081616932577,0.398154817068907,-0.0102533794085757,-0.964807030151006,0.236557486227492,-0.106990436372804,0.0606332158607116,1.55246371164015,0.957251390475674,1.2729849011506,0.0931430255143009
30.88,0.474391588422689,8.98954900799011e-06,-4.82328818768257e-06,-2.50778323265252e-07,2.63246782793781,2.94107008746057,0.419627383897834,-0.100250978893227,-0.903964561238398,0.278816219172273,-0.029791403573881,0.164029344231248,1.54903391888191,0.980022422009827,1.25522531992334,0.0864056223142958,2.6333533805128,2.94363160691369,0.417079415967107,-0.09936648520084,-0.912352373972189,0.288757017944593,-0.0306207479093163,0.162685404716442,1.54899116347513,0.983952699313158,1.25937481391891,0.0925228052199546
30.96,0.465579704648668,-1.53647971885602e-07,-1.77975187235854e-05,-9.94979580016344e-08,2.6251849602881,2.86888563415849,0.438459830404878,-0.118795812303054,-0.786794475331335,0.319136458946088,0.0497086972788447,0.263449438394144,1.55424130546291,0.979813373794436,1.20290844678979,0.0973514044462803,2.62540406169674,2.87064341699591,0.440179977402674,-0.121779587785842,-0.777833482055661,0.320342382029267,0.0488035174006033,0.263614774388299,1.55336268227603,0.980171788722625,1.20248144616404,0.0922767287170291
31.04,0.458277662412541,-8.86208603916168e-06,-2.96339163968845e-05,-3.78001270055747e-07,2.61517083183518,2.8083969957271,0.467467204448255,-0.0819779957526429,-0.572616637546894,0.332619130860766,0.130701260209995,0.359069472736251,1.5666182936432,0.935980059906531,1.1023724676931,0.0884588247835717,2.61566169467387,2.80841673843146,0.465807367965016,-0.0783439766402333,-0.566519083527467,0.321176826026314,0.130473908019683,0.359338619492525,1.56586074688386,0.947459283857918,1.10603612698198,0.0913418629920945
31.12,0.453921173719674,-1.70400598484522e-05,-3.99590584601417e-05,-1.08424434768348e-06,2.60797998304373,2.76492625763857,0.490577317328217,0.0345232196153745,-0.281693213805232,0.29151791030395,0.211135532602792,0.447484995596751,1.58532792571132,0.884756282971605,0.973630503257431,0.0952185636313025,2.60939417654265,2.76309521174926,0.491501514047121,0.0280336129030639,-0.285677171598781,0.285385360189492,0.213316762194975,0.446118720240065,1.58589773772185,0.887709675400647,0.974993762208188,0.0886603299963089
31.2,0.453589634530701,-2.45922739779074e-05,-4.84715315820434e-05,-2.16934513624134e-06,2.61134367459081,2.74162473197449,0.513021640783964,0.199466010540834,0.0494954510058306,0.202249769187149,0.295109761888848,0.518954500057087,1.61303996627206,0.801853506477018,0.814258244720634,0.0751554329648499,2.6116368655749,2.74024103802136,0.51433234286228,0.193592350129372,0.0569032324577384,0.211556675891118,0.295546627828496,0.520848724139024,1.61188600968188,0.803143513947924,0.815298626354573,0.0832951458710637
31.28,0.45792848844152,-3.13449045217481e-05,-5e-05,-3.53231238053656e-06,2.62976483987822,2.74465478620139,0.53130144671283,0.421330092029708,0.452344332254859,0.0937320079914918,0.374247118144018,0.581172862541341,1.64023057277959,0.699772761386228,0.655956493706101,0.0716914566014251,2.62712425358525,2.74479329661798,0.531256876933569,0.414588306438071,0.453859333684661,0.102284216019734,0.374353750333152,0.581303844462839,1.64113673077086,0.69654226843378,0.650167066886769,0.0745590964555715
31.36,0.467145298059363,-3.69369794337011e-05,-5e-05,-5.01649991065827e-06,2.6598008834112,2.77783690600803,0.540706881114773,0.686775006172064,0.902981064048939,-0.042929584271795,0.445385405677301,0.601981293612761,1.66964714629282,0.568134355795084,0.490211043564476,0.0617543677916433,2.66029131810029,2.78110204331275,0.539439614215148,0.687688996179604,0.898599196133698,-0.0365123950365402,0.446221379612257,0.6,1.67053726548942,0.571807659172325,0.484615847106526,0.0621523819889235
31.44,0.470341857428391,-4.82531478138318e-05,-4.98546166555965e-05,-6.44820865876391e-06,2.71565548424175,2.85212430054903,0.538892541167599,0.996730376111804,1.35101016411594,-0.197533117327817,0.506401742602164,0.598935427577283,1.69660683281501,0.417925930758423,0.321750423676893,0.0399592985313355,2.71530643779466,2.85298997900344,0.536518622612225,1.00434050419613,1.35831880609388,-0.198770211358044,0.506481049026152,0.6,1.69624389820663,0.409790088033277,0.319090467908165,0.0462047920207314
31.52,0.47679189310894,-4.94919884410133e-05,-4.95822291530833e-05,-7.62075893402836e-06,2.79624188368912,2.95954988208534,0.520275371278982,1.36914754751376,1.82603863401898,-0.375495739991815,0.550155925048391,0.601029974286004,1.71503346493512,0.250931234135059,0.154898297069726,0.0301895846534276,2.79565367813035,2.96165548349096,0.520617005703581,1.35993226318875,1.82499933547838,-0.371818255164538,0.549947510597842,0.6,1.71516428594295,0.244065817847967,0.154009236869753,0.0273572724757266
31.6,0.50441951969156,-4.98259505952887e-05,-4.93069128668829e-05,-8.37573411362091e-06,2.86906786924224,3.10713965030822,0.490482596857059,0.00631274849700155,2.32904982128223,-0.521200892635625,0.576290863624759,0.601539712364126,1.7249884151405,0.0730360995212482,-0.0093181105267322,0.00875974441805739,2.87,3.10765543032923,0.490871545290418,7.92397804550324e-15,2.31961759724632,-0.525630692436841,0.575154683584346,0.6,1.72522712716796,0.0775213721629752,-0.0104961382180642,0.00664256232981901
31.68,0.542348211293391,-5e-05,-4.90481538954904e-05,-8.61589291430176e-06,2.8684035699589,3.29211980250877,0.449516120699498,-0.00166541713631524,2.4075173918893,-0.639659998951479,0.582954451616287,0.597834102298525,1.72406026470562,-0.091435419148436,-0.166845262707806,-0.0136442319371617,2.87,3.29322483810893,0.448821089895471,0,2.4,-0.642695568768676,0.581348966409928,0.599006342875989,1.72521397380489,-0.0894843131791495,-0.174310026422021,-0.0146661041042905
31.76,0.56159167201081,-5e-05,-4.88243721864752e-05,-8.29396113815177e-06,2.86914572499354,3.48337161975452,0.395645581574919,0.00270972335276901,2.39404276644157,-0.73728823000146,0.568201002831574,0.586798073469583,1.71547188794521,-0.254853758835638,-0.332967536413129,-0.0331571250410434,2.87,3.48522483810893,0.397405444393977,0,2.4,-0.738389944106236,0.568292996026115,0.587996669668413,1.71475460126432,-0.25656364663747,-0.337354086015347,-0.0351785748450746
31.84,0.579900798331431,-4.99382616430487e-05,-4.8651588166517e-05,-7.41061487285387e-06,2.86934159583044,3.67911923798828,0.337547079918728,-0.00810949223608433,2.39478314519048,-0.799621347021957,0.535428164333585,0.566805811087187,1.69374757568144,-0.43114492733694,-0.50521836649416,-0.0470845085041019,2.87,3.67722483810893,0.338334248865478,0,2.4,-0.800224109646612,0.536503450258076,0.566764975870687,1.69444713720057,-0.423697886759733,-0.499604713392062,-0.0535063699985141
31.92,0.592782901136816,-4.04677408084015e-05,-4.85422627013066e-05,-6.0192436666738e-06,2.87048477114736,3.8681868021693,0.275595004605071,-0.00112932291121538,2.40129539645339,-0.826059898423367,0.48822236291075,0.53498976257426,1.66615720315319,-0.5563260756775,-0.656317012568121,-0.0716023937579864,2.87,3.86922483810893,0.274316320093749,0,2.4,-0.820875305058098,0.487264767322772,0.534600023629816,1.66587069790485,-0.559615996137393,-0.661107517890978,-0.0683930517103855
32,0.599617362682144,-2.95921863507208e-05,-4.85043944366768e-05,-4.22472071147398e-06,2.87044303956649,4.06101249251061,0.212731939865676,-0.00291838544400698,2.39026966815083,-0.803109307423423,0.424692602554123,0.489112410799286,1.6313425523063,-0.662969815871481,-0.818938050035447,-0.0851294666238678,2.87,4.06122483810893,0.208646295689101,0,2.4,-0.795176015139483,0.424970322644087,0.490428554345709,1.631473698451,-0.659726431074052,-0.822046258578751,-0.0788415525580041
32.08,0.599121540670039,-1.79134156784707e-05,-4.85409399250825e-05,-2.1754830908137e-06,2.87074364008269,4.25631615532345,0.144533048842404,-0.00799535024627888,2.40688505708596,-0.731599634870756,0.353927855611825,0.432145819757848,1.59499356377926,-0.722015772126829,-0.983581644647196,-0.0863321323669835,2.87,4.25322483810893,0.145032214477943,0,2.4,-0.723986963055269,0.354646843963238,0.433114941414102,1.59422270861129,-0.721377542829167,-0.982721742990611,-0.0842219169585697
32.16,0.598838812862921,-7.97349353105462e-06,-4.8649598555239e-05,-4.29423955703153e-08,2.87266282848452,4.44675839849939,0.0847994998562829,-0.00952418465308452,2.40394295080219,-0.596705803008425,0.281768299505251,0.360873185923681,1.55593392049782,-0.746361865881119,-1.14344357380305,-0.0792560250925525,2.87,4.44522483810893,0.0871132574335211,0,2.4,-0.602620647360143,0.281391242536886,0.361729394948373,1.55718341286203,-0.75033133288414,-1.14351500544335,-0.0843281212942307
32.24,0.598742468082275,3.49522927945022e-06,-4.81697028238161e-05,2.00206518424907e-06,2.86957743681171,4.63783938528374,0.0408732529141362,-0.00632962274478609,2.3999609971329,-0.438970045047033,0.209619574651655,0.275334265365059,1.52351149633985,-0.743607737119355,-1.30182229336491,-0.0760279434710344,2.87,4.63722483810893,0.0389036056447096,0,2.4,-0.431027827747716,0.209300303021067,0.275719529879266,1.5230927166267,-0.741361021712633,-1.302634721711,-0.0793766508413317
32.32,0.589328890146318,1.38297040733544e-05,-3.28863400806623e-05,3.81249185863622e-06,2.87150066014215,4.82898513273527,0.00401039283440816,0.00708014266685079,2.39987546549844,-0.234380044270808,0.142846760966574,0.175893795246705,1.49288943739006,-0.707520831085503,-1.40661402410867,-0.0748519761794098,2.87,4.82922483810893,0.00442137942489234,0,2.4,-0.229704709143867,0.142107983087318,0.175102394515661,1.49413497080936,-0.698067404230085,-1.41082982914185,-0.0699476667410782
32.4,0.571861277414044,2.09679215203641e-05,-1.83329894538157e-05,5.27645883133559e-06,2.87354747573269,5.0225318567494,-0.000855927907297233,-0.0033516061515696,2.39881730809202,-0.0115974886220705,0.0822399644811468,0.0642039480454106,1.47170772691949,-0.627010314253921,-1.47439208532531,-0.0598898460052507,2.87,5.02122483810893,0,0,2.4,0,0.0824545671108967,0.0641662777296454,1.47227602923178,-0.630798835843767,-1.47069548152502,-0.0568980266969676
32.48,0.565667354686926,2.7817515689679e-05,-2.77239496571156e-06,6.29810725056254e-06,2.86826325230725,5.21336250792114,-0.000963500390398555,-0.00534501408059937,2.41145432991492,0.212428992349956,0.031518094943738,-0.0521295219216821,1.45838875133567,-0.543356931488979,-1.4905552348688,-0.0470561609819774,2.87,5.21322483810893,0,0,2.4,0.2153517637222,0.0310765352217411,-0.0527147363410262,1.458020057949,-0.540230788834836,-1.47894917406371,-0.0413216647454728
32.56,0.541527902630992,3.15586749223763e-05,1.11838336972416e-05,6.86426529134458e-06,2.8676755995468,5.4042818250374,0.0152689211785616,0.0102563296289927,2.33572435689625,0.390400487657536,-0.00992154173570267,-0.171142634755231,1.44994994206224,-0.430163921503677,-1.43083006493976,-0.0197477166869846,2.87,5.40522483810893,0.017228141097776,0,2.34625440115044,0.39146653689114,-0.0117736170043133,-0.170870828796701,1.45102995344808,-0.436533830275793,-1.44096742939219,-0.0243450912361035
32.64,0.519367449090881,3.41045593106842e-05,2.43960760033456e-05,7.00814903508215e-06,2.87137083558205,5.59226035793599,0.0461991722938659,-0.0152314842453331,2.17832516991273,0.517052019105536,-0.0444381358632841,-0.286780368834652,1.45036015449558,-0.31682250569532,-1.36191786682135,-0.0156119077978679,2.87,5.59292519020097,0.0485454640490672,-0.029550012913026,2.19168685824082,0.516477136238825,-0.0465944699973085,-0.286163163328793,1.4504309585446,-0.323603184971934,-1.35918277197229,-0.00701266712238134
32.72,0.517334073606375,3.72695254969313e-05,3.76146636850044e-05,6.79140100735758e-06,2.86825125134966,5.76467048788892,0.0896522428036665,-0.0968079301607188,1.9448512038947,0.608879346962473,-0.0737367656415693,-0.393006521776034,1.45372525151126,-0.194375521443682,-1.23357081935851,0.00987520394845524,2.86763599896696,5.76826013886024,0.0898636349481732,-0.103216364589455,1.93938026104994,0.613023817737189,-0.0738080346599925,-0.394805903244288,1.45512608524167,-0.199384575131259,-1.23348040661765,0.00978369979228172
32.8,0.522991542059631,2.94330756573367e-05,4.31870436898586e-05,6.28608443633516e-06,2.86021528557056,5.92317425907134,0.138206247373313,-0.218059877824832,1.58983694622523,0.67664244201499,-0.0927024372190871,-0.494021378491784,1.46342791219721,-0.0837987715988238,-1.09210429365845,0.024216551882467,2.8593786897998,5.92341055974423,0.138905540367148,-0.212480601724988,1.59303621488871,0.684124444878366,-0.0931161134883105,-0.493157959357963,1.46385478887012,-0.100735170589948,-1.08928378700396,0.0253303271427876
32.88,0.550354487877897,3.75365762513709e-05,4.93578006048832e-05,5.57113617417288e-06,2.84289932907556,6.05238477083409,0.193927332607739,-0.35147146908725,1.13750598604606,0.753898469813908,-0.107657308103106,-0.579574521404887,1.4755938431716,0.0246479585409987,-0.914656513606796,0.0487422255736455,2.8423802416618,6.05085345693533,0.193635495957418,-0.35216033166958,1.14419979179207,0.757413956898088,-0.106614105329728,-0.579734724623381,1.47534415168376,0.0254165156594508,-0.924492748931348,0.0391087577216304
32.96,0.553558834532303,4.60380934660414e-05,4.93194036160527e-05,4.7239186562881e-06,2.81454867821623,6.14023864247137,0.255596896075574,-0.5079969481671,0.616615930240884,0.795183821057441,-0.112574922292055,-0.598994414590225,1.48792408139316,0.180817733174186,-0.762586530144968,0.0535913183455331,2.81420741512824,6.14238944027869,0.254228612509265,-0.5074923226678,0.620586961742673,0.791249058843554,-0.111771107514585,-0.6,1.48846992178892,0.180204732440812,-0.759730528363739,0.0507918656606371
33.04,0.541395744954174,4.59927472241738e-05,4.93519752063725e-05,3.81150634412903e-06,2.7748268054396,6.19152943248277,0.315594992619776,-0.666596958020108,0.0768174594797607,0.800748371695282,-0.105405427684628,-0.599257111069783,1.50155517906624,0.334304152136559,-0.586781778800963,0.0559564227975106,2.77360802931481,6.19203639721811,0.317528537216749,-0.65889402275195,0.0911774663188381,0.795862392347757,-0.104755127463343,-0.6,1.50157626587871,0.334909698985854,-0.594630705408702,0.0602184124047037
33.12,0.532117479266246,4.30378310776178e-05,4.94514420420094e-05,2.92768127781057e-06,2.72040837385404,6.19997920260259,0.378636801870222,-0.790352182910852,-0.426421707332309,0.785906637933473,-0.0864382686187638,-0.600952222034129,1.51480138289431,0.49080019729576,-0.424952661559477,0.0654125824836736,2.72089650749466,6.19933059452361,0.38119752860457,-0.794314408749616,-0.431925068180525,0.787538896325531,-0.0846430875354079,-0.6,1.51340806441622,0.479666820341765,-0.428889749937242,0.0674590993996289
33.2,0.524117651899831,3.67903648897415e-05,4.96088045617878e-05,2.14155328648617e-06,2.65599429071896,6.16452773877199,0.443804617997589,-0.907412967793876,-0.956087631028997,0.767050062500096,-0.0527437077516878,-0.600524670014934,1.52473083063648,0.596947891742526,-0.267112809643161,0.070650953765998,2.65735135479469,6.16477658906917,0.444200640310612,-0.903026191057081,-0.950774268483348,0.769004345695824,-0.0519331254749639,-0.6,1.52343809905539,0.603363642341231,-0.262281319656743,0.0727555492379104
33.28,0.517219868197326,2.78910443531216e-05,4.98107961808325e-05,1.48062377541345e-06,2.58410727542863,6.08603401427943,0.504637739536132,-0.97823200086196,-1.46393776815011,0.748070736170219,-0.00930120905164089,-0.600571707550087,1.53349025253346,0.700620739445617,-0.0973460522785539,0.0741615256489594,2.58510925951012,6.0887146475905,0.505720987966278,-0.975249410038745,-1.4664232180168,0.74207892189476,-0.00838580542552995,-0.6,1.53180050812014,0.69705913852512,-0.0946745751019271,0.0764174004770694
33.36,0.511357570330484,1.74001353637935e-05,5e-05,9.35692646551612e-07,2.50469670642232,5.972741721014,0.565493322360667,-1.00594411179362,-1.98712256127405,0.715806307999054,0.0431742420612743,-0.599933515464106,1.53806893162865,0.765615361697504,0.0776984274815319,0.0752468376367847,2.50708930670702,5.97140079014916,0.565087301717859,-1.00287787627639,-1.97902299771706,0.707548744980258,0.0431532245724352,-0.6,1.53928436079356,0.755381141340824,0.0738268936898814,0.0787315381629176
33.44,0.50655013915974,6.33471988772095e-06,5e-05,4.62350806003899e-07,2.42553497096299,5.8136570443411,0.621914675831337,-0.97320095274252,-2.39763773752206,0.656556163188639,0.099592422000774,-0.59382425509444,1.54545253482799,0.79021899648221,0.235936108622656,0.0856339195896576,2.42685907660491,5.81307895033179,0.621691201316279,-0.980053918245823,-2.4,0.665299255636318,0.0991043644762769,-0.594371064100918,1.54721743634931,0.77637706834712,0.242502371429073,0.0798750155945283
33.52,0.502895207451037,-4.01109046315299e-06,5e-05,-1.16415841126028e-08,2.35091090896854,5.62217594634092,0.675801740866786,-0.912471052328493,-2.40142736664679,0.614033744857604,0.156495610566922,-0.57644392990033,1.55737445118349,0.769568611297533,0.40544917034046,0.08786032664538,2.34845476314524,5.62107895033179,0.674915141767185,-0.903366352060095,-2.4,0.617574259094032,0.155619291557718,-0.575698308496384,1.55720915129865,0.762436205814426,0.411249103484308,0.0798462238447831
33.6,0.500206201838357,-1.15090924066652e-05,5e-05,-5.71611666040065e-07,2.27500939634029,5.42888756170827,0.72606135571854,-0.773786385092377,-2.39805858293499,0.56955039760901,0.209799897345844,-0.543219937279154,1.57162376347802,0.72109127826135,0.578148815113313,0.0822936636411184,2.27618545498044,5.42907895033179,0.724321082494707,-0.77204990340655,-2.4,0.569678838539384,0.209208844635886,-0.544185993339278,1.57081139631274,0.723073208899443,0.57996399226834,0.0784325244821465
33.68,0.497919944267502,-1.80925577199155e-05,5e-05,-1.29728803721814e-06,2.21564628834797,5.23590310930703,0.770968863067965,-0.588947106915738,-2.39128730528901,0.525527518254759,0.257806896913723,-0.499347127630267,1.58790369883905,0.65626096175203,0.72915425110125,0.0693235002758518,2.21442146270791,5.23707895033179,0.769895389577858,-0.588201314025811,-2.4,0.525690073922504,0.257509424116107,-0.500103685786753,1.58924847294956,0.661365638262916,0.748562072650154,0.0752240957877559
33.76,0.495571299020047,-2.35481192713629e-05,5e-05,-2.24846893337338e-06,2.16852127271748,5.04528306696365,0.812368217174605,-0.350606604973817,-2.39432052244214,0.491541369091851,0.297977747824408,-0.443445230487538,1.61274827832298,0.582216346633303,0.920596075562362,0.0713697655634255,2.16736535758585,5.04507895033179,0.811950595491658,-0.356330849033136,-2.4,0.488518348508967,0.298904929394918,-0.443725894477611,1.61325962812176,0.581132170819506,0.916964916146654,0.0696632241560785
33.84,0.492786169357642,-2.77928124307306e-05,5e-05,-3.45723953437572e-06,2.13973477488827,4.85202846863786,0.852427850437107,-0.0828565510129532,-2.39981485633839,0.457466540323115,0.331785586829652,-0.3739016783287,1.64171697599739,0.478107753065999,1.08010732767161,0.0628886403111735,2.1388588896632,4.85307895033179,0.851032063372376,-0.08332759011965,-2.4,0.459859885817513,0.33259567336197,-0.375262513416763,1.64307468935577,0.486508519969776,1.0851078740442,0.0611128435102672
33.92,0.489301305960171,-3.08655451867459e-05,5e-05,-4.92761719797166e-06,2.13202482421785,4.66147618517018,0.888302312874844,0.214605475227237,-2.40383090114469,0.443708585871072,0.357938082581123,-0.295454303394173,1.67829727520513,0.376076493955876,1.25081816960211,0.0425975486896126,2.13219268245362,4.66107895033179,0.887820854237777,0.221703061538692,-2.4,0.440042746476516,0.358530890896553,-0.294807421394667,1.67850407353835,0.381553176933409,1.25294931429244,0.0489259521188636
34,0.484996586314384,-3.28923504985817e-05,3.90425164606346e-05,-6.64135608583939e-06,2.15143090454157,4.4673448719632,0.924806621118293,0.549623607360612,-2.39385467572873,0.432803567996621,0.377830414027612,-0.203222731795664,1.71814982704833,0.26791862221063,1.38382916195472,0.0359430020631583,2.14992892737672,4.46907895033179,0.923024273955898,0.547719071421589,-2.4,0.427801099651964,0.377261795360259,-0.202318590030215,1.7190930358412,0.26996855869731,1.38388080525293,0.0325006735190815
34.08,0.479937047439017,-3.4036359169154e-05,2.53347206865059e-05,-8.56699217503727e-06,2.19611548289163,4.27916491263354,0.955091992032097,0.878464312088067,-2.4079377288012,0.419486275061167,0.390320096627082,-0.100176442774658,1.76127303676682,0.155363135955158,1.47796657573064,0.00847020632037424,2.19374645309045,4.27707895033179,0.957248361928055,0.882126327894302,-2.4,0.420042199731761,0.389997814602392,-0.100351436734605,1.76319283664695,0.155020584750021,1.46874870566211,0.0113129474856632
34.16,0.474418719709885,-3.45146975576844e-05,1.14408740608766e-05,-1.06100639720874e-05,2.26270156665802,4.08621195380632,0.988468163923039,1.21278922453601,-2.40361003552305,0.40942328696293,0.397901531747999,0.00958898187078594,1.81001949028029,0.0369485933027619,1.50339880746836,-0.0143810386625873,2.26431655932199,4.08507895033179,0.990851737906596,1.21180664051691,-2.4,0.411396864524336,0.397817181873623,0.0079812973564302,1.80893188742539,0.0392702462730253,1.50701215507028,-0.0149276657943007
34.24,0.469042216664104,-3.44633436835876e-05,-2.28450091746489e-06,-1.26676351971468e-05,2.36009982975183,3.89377203151316,1.02580540778419,1.53813902467002,-2.31764233978491,0.403279531076606,0.400519047492742,0.118694171599924,1.85563355192106,-0.0856246992199891,1.49162786503183,-0.0390872121495628,2.36126109056334,3.89307895033179,1.02376348706854,1.5242833181055,-2.31783531858731,0.395308665243752,0.401322797948645,0.119590168651998,1.85453853775401,-0.0752117070763048,1.49936513319143,-0.0462570260370356
34.32,0.464614110720661,-3.38462093824566e-05,-1.5529291751677e-05,-1.46459030795074e-05,2.48511186120342,3.70805650536179,1.05530152633785,1.8049464574941,-2.13349054940306,0.370580875519079,0.400401206437287,0.232947486055125,1.89854440912173,-0.185184617783795,1.44900757387348,-0.0829114249451195,2.48320375601178,3.70765212484481,1.05538818028804,1.80864434637853,-2.14042029347233,0.365430339481695,0.40052696733262,0.231454396927318,1.89830109796559,-0.186318199372416,1.44759249244705,-0.0824790016873461
34.4,0.462003282324653,-3.28215415964267e-05,-2.78786643544713e-05,-1.64575986006176e-05,2.62740280164434,3.53643447371632,1.08536050937184,2.05523502286418,-1.87633563942941,0.307623111151364,0.396694364459133,0.340506577857417,1.93932109830295,-0.283875121262816,1.36202467811985,-0.131141996585712,2.62789530372207,3.53641850136702,1.08462260744658,2.05605476625214,-1.87312760396426,0.316796578936157,0.394831249315556,0.34066900474829,1.93844932700143,-0.292598832057125,1.35490445378293,-0.123181629073175
34.48,0.461998895587386,-3.15156393677134e-05,-3.8972102180472e-05,-1.80152333459106e-05,2.78990803271251,3.38657152073086,1.1089045641839,2.26036041384349,-1.51508981365108,0.252267144202248,0.382292973698106,0.444740045571086,1.97199710139712,-0.392995300439026,1.22217876566146,-0.173573763430251,2.79237968502224,3.38656829304988,1.10996633376147,2.25982408919277,-1.52319498396528,0.246566690069559,0.382978662026113,0.444512383437369,1.97303390129066,-0.39318537133174,1.22574245862624,-0.167736569799451
34.56,0.465204626733259,-2.99911768997239e-05,-4.85324821584223e-05,-1.92244753316459e-05,2.86987136804136,3.26372812409104,1.12848308210479,-0.000593192109054496,-1.09432418897877,0.151941219643287,0.364345736348447,0.539640863573167,1.99841670214132,-0.488223333649142,1.06454129925482,-0.210397636043012,2.87,3.26471269433266,1.12969166896704,-3.75311189306623e-15,-1.09866336600103,0.154335412892023,0.363048752864772,0.540482384085781,1.99983493881108,-0.487594603143818,1.06548609249662,-0.215282185359833
34.64,0.471806907312992,-5.12999951488341e-06,-5e-05,-1.99793338282227e-05,2.87108539433129,3.17791942789456,1.14461824740725,0.0952879752508771,-0.619517440082527,0.0324806036756115,0.332989281198408,0.597106821502825,2.01517384543054,-0.502332493921014,0.90257222366611,-0.265234954164578,2.87,3.17681962505257,1.1420385019984,0.103034782232109,-0.60786179982298,0.0418665349534603,0.33254473029536,0.6,2.01636112872994,-0.498296865496423,0.901422234602898,-0.264694702942849
34.72,0.482224755842832,-3.57781694599319e-07,-5e-05,-2.01624201872539e-05,2.87144392084568,3.12939756795036,1.14543413539457,-0.00299123638532912,-0.0783623748847426,-0.0850228680379349,0.293843564794263,0.600402414562337,2.02151409933306,-0.502367615253914,0.73523010265689,-0.315916847575891,2.87,3.12819068106674,1.14538782479467,2.54086157097238e-16,-0.0743796509575028,-0.074146162785859,0.295093270877636,0.6,2.02063337167242,-0.4928005835882,0.73811349043847,-0.314560026310713
34.8,0.494673465624249,6.36789157980461e-06,-5e-05,-1.96875848389544e-05,2.86971496990943,3.12538988376085,1.13833862481213,-0.0015570097701285,0.471747349035351,-0.165673743009721,0.252080322763918,0.599131601840615,2.01132468673145,-0.467016247162052,0.570836068093797,-0.356663434280444,2.87,3.12224030899014,1.13945613177181,0,0.464660540279482,-0.164503325133153,0.250946036684116,0.6,2.01226845452748,-0.465019586562009,0.575453088787343,-0.36325099570869
34.88,0.505834309314442,1.29189446833842e-05,-5e-05,-1.85573054047682e-05,2.8679971645863,3.15882968650075,1.125979919311,-0.00497822158934626,1.01229037913659,-0.232015495332037,0.202137059906669,0.59969241087537,1.99257215360942,-0.412729580108451,0.413422451261648,-0.402382776353251,2.87,3.15941315221249,1.12629586576115,-0.00826086106327373,1.00477162699612,-0.230358189454599,0.202306991785662,0.6,1.99201231278752,-0.416006206341948,0.413182594790657,-0.40914657898941
34.96,0.515540620906326,1.99202366082145e-05,-5e-05,-1.68343936007353e-05,2.87277088223108,3.24255387003768,1.11009177792909,-0.0505872610252438,1.53508017659507,-0.271941647263148,0.14987444467983,0.601934902678864,1.96217242973144,-0.357747935971818,0.23919129016647,-0.442402184109621,2.86933913111494,3.23979488237218,1.10786721060479,-0.04747883628137,1.54270617131184,-0.274151331598858,0.151634008190196,0.6,1.961209658174,-0.344728683871741,0.250948240670014,-0.450781088775753
35.04,0.523759961907628,2.65249450449419e-05,-5e-05,-1.46112746869472e-05,2.86536495706658,3.36376662975813,1.08806308697417,-0.121292971428841,2.08611747577145,-0.30070310160924,0.0990002871487565,0.599263973638352,1.92297890244508,-0.247038765150405,0.102840833555374,-0.497967658402731,2.86554082421243,3.36321137607713,1.08593510407688,-0.115203172256541,2.0768475803772,-0.29927557770764,0.101741797784219,0.6,1.92169099504179,-0.252958909209258,0.0882985463824329,-0.486917422128329
35.12,0.530472852499898,2.96507893781614e-05,-5e-05,-1.20028983283527e-05,2.85602843821216,3.52994209035031,1.06151138131936,-0.210021444462426,2.40208397986496,-0.309668375966506,0.0574283052862254,0.59921877418019,1.8760050218385,-0.161199760929974,-0.0708425083895483,-0.517025128290945,2.85632457043191,3.52935918250731,1.06199305786027,-0.207347936621575,2.4,-0.309757216744977,0.0554842810706938,0.6,1.8756073134152,-0.152715018443445,-0.075254921416312,-0.516602767485494
35.2,0.535931630263323,2.97040865115917e-05,-5e-05,-9.13709621813771e-06,2.83916493067587,3.72094385468722,1.03656781887085,-0.314846760375193,2.39865573368653,-0.313040816207916,0.0133464249356173,0.5967474682767,1.82604605983007,-0.0536389144138167,-0.238578646013862,-0.531950463735573,2.83973673550218,3.72135918250731,1.03721248052067,-0.318151158402789,2.4,-0.309414481334542,0.0148080221031954,0.596280761113971,1.82520540630944,-0.0545890911633765,-0.240050092765226,-0.539200464256477
35.28,0.540519556560322,3.1859098331649e-05,-5e-05,-6.14209066586019e-06,2.81623058590633,3.91233001935784,1.01133998251364,-0.438228754053189,2.39476704995082,-0.294801010660545,-0.0188139332636519,0.577536293157591,1.77299163737589,0.0393736564242826,-0.386422343200974,-0.552396869911937,2.81428464282996,3.91335918250731,1.0124593220139,-0.440174719831014,2.4,-0.299204648158412,-0.0190249144992143,0.577717595205241,1.7727348965833,0.0481952971355297,-0.406232275542211,-0.554390968886546
35.36,0.544108280306208,3.34667725810135e-05,-5e-05,-3.1415667924546e-06,2.77685317067824,4.10519484615565,0.986347821208164,-0.56871550837941,2.399350222869,-0.272183632940959,-0.0451064691193977,0.544427222791228,1.71959240979107,0.149276820215238,-0.575366840045398,-0.562094988608727,2.77907066524347,4.10535918250731,0.988522950161232,-0.564135376003785,2.4,-0.273830143248332,-0.0436741116418668,0.544381166009765,1.72053910215993,0.153663617577946,-0.573989222771598,-0.562160633566311
35.44,0.545925539552846,3.41925385994809e-05,-4.99154760301523e-05,-2.59855805945596e-07,2.72874535271862,4.29715247253251,0.964252598846451,-0.672256565822909,2.40282968536568,-0.228469361135467,-0.0573554773908834,0.496470156831456,1.66841992351851,0.24396329617499,-0.746120827074427,-0.561719400782804,2.73393983516317,4.29735918250731,0.966616538701365,-0.680947516465437,2.4,-0.229180267451985,-0.0573679250254048,0.496542290003616,1.67036056515329,0.258822872646844,-0.743137076450061,-0.562803304122333
35.52,0.545265673962859,3.37688328981892e-05,-4.97236057731852e-05,2.4154624460224e-06,2.67784077383864,4.48839906482371,0.949640063123263,-0.79108199208922,2.40868077846592,-0.163240343325932,-0.060895643836829,0.433966263518646,1.62297359866938,0.360277991473621,-0.919386459283156,-0.549370958545725,2.67946403384594,4.48935918250731,0.948282117305206,-0.782078562998036,2.4,-0.163086050814662,-0.0591701572800728,0.434607593895828,1.62311325807038,0.359886844392643,-0.91330657450239,-0.556829427234776
35.6,0.541593258281407,3.20627441430886e-05,-4.95850316827552e-05,4.84446125219643e-06,2.61804066091252,4.68326904015048,0.938026933195382,-0.85624329926884,2.40220581273334,-0.077156795314201,-0.0488687707321683,0.358693748839427,1.57711958123301,0.455252182578271,-1.0852222391505,-0.543428847242953,2.61689774880609,4.68135918250731,0.935235233240033,-0.860101138148484,2.4,-0.0760913402133765,-0.0490161475495065,0.359036656996328,1.5788507279588,0.452719404743788,-1.08454803587952,-0.544848195584988
35.68,0.534658204001795,2.90839790813758e-05,-3.64826325739017e-05,7.03481712291085e-06,2.54825344652355,4.87215216362192,0.929232003547865,-0.915615919035909,2.39786862665301,0.0261660782852516,-0.0260743419634604,0.270928994360666,1.53603829170305,0.535693536761044,-1.20595174681303,-0.52386246190897,2.54808965775422,4.87335918250731,0.929147926022963,-0.909357747383922,2.4,0.0279351831421147,-0.0275421565835135,0.270241368570955,1.53689080724715,0.533292791402864,-1.21332301167864,-0.52744981645144
35.76,0.524602287367673,2.49528044725841e-05,-2.20081376955468e-05,9.03331975799428e-06,2.47381741120901,5.0652140843265,0.930189320944812,-0.922012393966773,2.39824135566387,0.144718515340076,0.00376103051477628,0.171987905995803,1.49616994199443,0.594521867923908,-1.29327442700815,-0.495769416998096,2.4753410379635,5.06535918250731,0.931382740674333,-0.926589378389438,2.4,0.14157231648169,0.00417713910915477,0.172050319436572,1.49589604596816,0.598691786157859,-1.29472189475928,-0.505108777695464
35.84,0.512028982162803,1.9841323786999e-05,-7.62458488272572e-06,1.09200854361535e-05,2.3982539524734,5.26043898257585,0.945988142690475,-0.906416621704346,2.40439548721657,0.255453705446844,0.0446829082939304,0.0679622651038356,1.45425265219863,0.638092909619926,-1.33513969880663,-0.48204534012521,2.40121388769235,5.25735918250731,0.942708525992868,-0.911136159997881,2.4,0.253598790817998,0.0449756095237278,0.0686422637717677,1.45444301881852,0.646624804007126,-1.32866978124729,-0.478101425084951
35.92,0.498078161056569,1.39313898105783e-05,6.16022393083192e-06,1.27765946216721e-05,2.3285850956181,5.44688840635175,0.962006101409969,-0.849636899149245,2.39977593799411,0.358978681715817,0.0927152738738819,-0.0347775248019422,1.41296603435947,0.67818686578056,-1.31271066783346,-0.438204088255218,2.32832299489252,5.44935918250731,0.962996429258308,-0.864550675319182,2.4,0.35129252002188,0.093750126496957,-0.0358241788795589,1.4113531005924,0.675343183608265,-1.31676353358716,-0.446502588415901
36,0.484209497490235,7.39154002052774e-06,1.88916561959262e-05,1.46677435323527e-05,2.25898967597527,5.64076732056399,0.993153914945638,-0.786117103740367,2.34896458969508,0.41950432394845,0.149233123465257,-0.138078996514229,1.36618508457024,0.68642436081186,-1.25640612156029,-0.412149926637557,2.25915894086698,5.64135918250731,0.991099830860058,-0.789862851875459,2.35689915521416,0.422979387827067,0.149405577676845,-0.137358803953096,1.36589930890488,0.683543959641914,-1.26211894910176,-0.410226597362999
36.08,0.471931080545122,5.45240158742236e-07,3.04984499474923e-05,1.66312381713678e-05,2.19636222092947,5.82876802554876,1.02290021247089,-0.679549855038021,2.21944490909727,0.461350963766006,0.209408619023075,-0.234217201281984,1.31723140976188,0.67362356487663,-1.1670696970739,-0.356412381416155,2.19596991271694,5.82991111492444,1.02493818188622,-0.690705327572642,2.22026519682806,0.460007105157744,0.210652477928875,-0.232318502388419,1.31796595585997,0.670845270409224,-1.16811320366361,-0.369094527813754
36.16,0.462555894799515,-6.28877856060257e-06,4.09919496418305e-05,1.86699331068699e-05,2.14443114788432,6.0070635281955,1.06072561982469,-0.560756899848676,1.99791751067217,0.453355671841792,0.275783970283868,-0.318026611727184,1.26851647826488,0.638871861738953,-1.03898399942982,-0.318059301089161,2.14071348651113,6.00753233067069,1.06173875029884,-0.570538277247081,1.99799816325015,0.457747867304904,0.275774585350497,-0.317527684245262,1.26821453753847,0.637748814508137,-1.0381376522821,-0.322920395790704
36.24,0.457044353217874,-1.29923360151408e-05,4.93721991116157e-05,2.07441269041169e-05,2.09327899384152,6.16861878655956,1.09980736562702,-0.440097850048469,1.6978623343242,0.418545522438396,0.34235560814752,-0.390953958208388,1.21838800762187,0.595003793700422,-0.879572011293186,-0.274024828519646,2.09507042433137,6.1673721837307,1.09835857968324,-0.432083588851199,1.69906056794393,0.415686527707672,0.34239594525034,-0.390406278530907,1.21824491642334,0.584951099262979,-0.879002386970726,-0.271616406167884
36.32,0.456829875777426,-1.83659741902192e-05,4.91253304229908e-05,2.27644042724682e-05,2.0613045891489,6.30263834623805,1.13201520370306,-0.276638850347186,1.32075495277578,0.337329598207286,0.408132396955517,-0.450812783531902,1.17073612090137,0.526137996711019,-0.727127492919044,-0.220032761229332,2.06050373722327,6.30329702916621,1.13161350189985,-0.276707578169079,1.33168322525593,0.338323319084063,0.407331299571792,-0.449349083077909,1.17058076789731,0.516910411101374,-0.719371959838064,-0.215315904056484
36.4,0.460125263690199,-2.45461912362486e-05,4.89101736523566e-05,2.4594237737023e-05,2.03783697157181,6.40935750352113,1.15484267109045,-0.102032803132484,0.899668587822545,0.235036501711176,0.464340688193361,-0.49650323818359,1.12678047372738,0.432717997040484,-0.554910118431614,-0.145045699241556,2.03836713096974,6.40983168718669,1.15867936742657,-0.105369019404551,0.904955025020239,0.230037109285427,0.467306244584975,-0.49536622438019,1.12771014533049,0.430578595818537,-0.559125767276138,-0.154489891784501
36.48,0.467756363401831,-3.00677080155852e-05,4.87432025158281e-05,2.5e-05,2.03205168592138,6.48227502890231,1.17744100506828,0.0798171124869104,0.423004926220852,0.105713010253779,0.519406733754578,-0.528549491530564,1.09314773975547,0.32978794659934,-0.402301680047414,-0.0914797948104134,2.02993760941738,6.48222808918831,1.17708233616941,0.0817609964618434,0.425521622696196,0.0984058671895991,0.518601401871372,-0.52973294766039,1.09226524809016,0.327725442482397,-0.398181505226655,-0.0926603558151686
36.56,0.479236797395453,-3.49875713457764e-05,4.86375214151534e-05,2.5e-05,2.03546955370703,6.51537273265388,1.18523716193679,0.281144640463077,-0.0999574358812205,-0.0308872046406147,0.561755733115479,-0.551382180945137,1.06684776086003,0.201334086441918,-0.237194943873727,-0.0262777286314472,2.03647848913433,6.516269819004,1.18495480554458,0.284449162403865,-0.100836309397909,-0.0478576497731839,0.557834841586507,-0.553724734780083,1.06650762014716,0.209826909180824,-0.236576365491519,-0.030830819845836
36.64,0.493855417468891,-4.00368831764946e-05,4.86019119248711e-05,2.5e-05,2.05799377783186,6.50872837522992,1.17984655359624,0.506587176212746,-0.670993867283863,-0.190960077925481,0.581336316388213,-0.568954193243359,1.0514448203461,0.0786813705260073,-0.0761181924200073,0.0325042090487016,2.05923442212664,6.50820291425217,1.18112619356272,0.502086016148939,-0.668333980520546,-0.199093555096211,0.582108584706729,-0.568476082099422,1.05226884121485,0.075893053275427,-0.0744199726492216,0.0309987161234965
36.72,0.510759288618386,-4.69198849122939e-05,4.86401920350392e-05,2.5e-05,2.09848435690353,6.45439311407428,1.16787123015872,0.725432476795579,-1.27000133363252,-0.340063574907596,0.590707094428999,-0.576326743925016,1.05091057908991,-0.0852743394675086,0.0909440661973649,0.0953954504095959,2.09940130341855,6.45473619581053,1.16519870915502,0.733314410736805,-1.27039361745123,-0.344713133637355,0.588947722943607,-0.574812567502806,1.05084282429827,-0.080761837064675,0.0881116773271131,0.0928282520928291
36.8,0.528991014845743,-5e-05,4.87509345953558e-05,2.5e-05,2.15673539158854,6.35155827398304,1.13948815661232,0.979478595421371,-1.89472893571443,-0.48583998063822,0.576359262435834,-0.574090793466117,1.06291318472768,-0.241802085332962,0.247402423308409,0.148951871177756,2.1580664562775,6.35310470641443,1.13762165846404,0.975439298558794,-1.89890397111386,-0.473193102862237,0.575950220467285,-0.573076383861827,1.06286567909863,-0.247998856005506,0.250737003868282,0.154657788062162
36.88,0.547057754662016,-5e-05,4.89275653811904e-05,2.5e-05,2.23595306173029,6.20339063954975,1.09884615941477,1.21671579886547,-2.40848882684559,-0.570968363557715,0.543022051337208,-0.562871610528237,1.08877264343811,-0.419151587202442,0.402872462059438,0.21491860031772,2.2361016001622,6.20119238872532,1.09976621023506,1.22314590085633,-2.4,-0.572652958853634,0.542364171489527,-0.56299195807435,1.08821729492126,-0.416093995921731,0.413086925568786,0.216487324031494
36.96,0.563257564284125,-5e-05,4.91588336970366e-05,2.32269924834819e-05,2.33314559108869,6.0096692155964,1.05628018721694,1.46273960141271,-2.39353974197707,-0.638314736673959,0.489206852512927,-0.542303117805208,1.12743371167603,-0.579652453091952,0.5692898320828,0.271077547774763,2.33395327223071,6.00919238872532,1.05395397352677,1.46855717882696,-2.4,-0.632175747815336,0.488949341392082,-0.543626954644122,1.12592874824926,-0.585609550798876,0.574758771511816,0.273931890720169
37.04,0.576099312292519,-5e-05,4.94296214411295e-05,2.03866071532882e-05,2.45315176578687,5.81954981591051,1.00395201390185,1.70510429696086,-2.40507848427932,-0.640949448456893,0.417835637863294,-0.514354229559087,1.17270301035979,-0.776350031475183,0.737410742127619,0.320768726456074,2.45143784653686,5.81719238872532,1.00337991370154,1.7015302756553,-2.4,-0.643151964587419,0.417355334637653,-0.513327191105155,1.17376935707553,-0.757032560041657,0.735362534879601,0.324351669131244
37.12,0.584140783366715,-4.62294410236109e-05,4.97220320322199e-05,1.70871239899453e-05,2.58800415700822,5.62677282788014,0.950575127700935,1.90727692042397,-2.4129957088473,-0.591647187916297,0.329673423632005,-0.470647812977195,1.22676883591208,-0.915169981775432,0.893123575045742,0.375710839311902,2.58756026858929,5.62519238872532,0.951927756534546,1.90945778181244,-2.4,-0.600972199719085,0.329977628080245,-0.470065752430054,1.22837388810426,-0.918134883653794,0.894555681240266,0.366611227025195
37.2,0.586283713011793,-3.34074962416226e-05,5e-05,1.35266995534823e-05,2.74150929091083,5.43391128564343,0.903044264739942,2.06678435249935,-2.40602111519322,-0.509959301138305,0.230867432386571,-0.412131048817976,1.28491836896056,-1.0336913416121,1.04452910464265,0.401190031179227,2.74031689113428,5.43319238872532,0.903849980557019,2.07760944521928,-2.4,-0.506670110473498,0.230649360651708,-0.41186543363299,1.28550550902756,-1.03891814726671,1.05212377784266,0.40006520928873
37.28,0.582014543933943,-1.91332050352991e-05,5e-05,9.94421879111137e-06,2.8705982556458,5.23870178594687,0.863897803245154,-0.00326656583498249,-2.40280448577505,-0.366305767200594,0.124418642592258,-0.335707829853393,1.34103684511485,-1.11753750231765,1.20947314309963,0.427738170964401,2.87,5.24119238872532,0.863316371719139,0,-2.4,-0.368412296346895,0.125518750057525,-0.33724121027497,1.34050448092838,-1.11463017120096,1.20747538233335,0.424659066626008
37.36,0.571742238702964,1.94935433142923e-05,5e-05,6.59359956425053e-06,2.86792185925167,5.04836067474224,0.832398991608151,-0.00184869715691186,-2.38897422066625,-0.195398402487684,0.0198635839930386,-0.246160865047005,1.38899700363548,-1.07457165356672,1.35870002652676,0.445036435855499,2.87,5.04919238872532,0.833843388011388,-1.63971400560023e-14,-2.4,-0.201582047420164,0.0202897351394317,-0.245656155795809,1.3890367593504,-1.0638987102096,1.36120877388408,0.440966234683016
37.44,0.556508459221764,3.2794335302705e-05,3.59638113916333e-05,3.70276719330498e-06,2.86778184485411,4.8590118085461,0.815823504189423,-0.0290819163494656,-2.40943840972684,-0.0244380556983268,-0.0750111047589766,-0.136678645247409,1.42791660260696,-0.972949937762083,1.47255681398029,0.444500957229747,2.87,4.85719238872532,0.817716824217775,-0.0237408564907133,-2.4,-0.0269334540683111,-0.0742189880776553,-0.137497585990487,1.42767616436567,-0.971193902604131,1.46817677801028,0.450123849777597
37.52,0.538467393495725,4.35847555539724e-05,1.97601014667213e-05,1.44301639509634e-06,2.86878701378819,4.66629530440791,0.815189484164472,-0.111223175807949,-2.39738370094817,0.134705694434934,-0.155008691500243,-0.0187106916622907,1.45318345613563,-0.835986260888046,1.5124326998161,0.454396888179993,2.86810073148074,4.66519238872532,0.81556214789231,-0.112660960694017,-2.4,0.133896760027635,-0.155678383051394,-0.0176966249574081,1.45513678255676,-0.84414730453861,1.52191892414191,0.453692691141794
37.6,0.520028444044443,5e-05,3.2321497115281e-06,-1.35693531312356e-07,2.85915997967974,4.47009380567593,0.827260147205623,-0.263497585927234,-2.39448960326219,0.265928669382663,-0.223059616263878,0.107466997823932,1.47078681220867,-0.687331465977068,1.52340828932506,0.450183469893089,2.85908785462522,4.47319238872532,0.82627388869452,-0.256911605433354,-2.39951169023121,0.262268452308473,-0.223510661971734,0.108212087473022,1.47211800032503,-0.696503529839053,1.52197443935854,0.453357096418791
37.68,0.503523788826925,5e-05,-1.29044006020592e-05,-1.09229418805194e-06,2.83851731966059,4.28171407214887,0.84733321736085,-0.435383483377846,-2.2867119509841,0.336619741098352,-0.278547914133036,0.233988810321385,1.48121070347091,-0.5539486681672,1.46713520904359,0.453038813398068,2.83853492619055,4.28123145350682,0.847255364879198,-0.445073404773759,-2.28615018355598,0.345249484498135,-0.278320764019727,0.234980435437476,1.48054551648287,-0.548846137578586,1.47001648515729,0.450655654707221
37.76,0.490849300189254,5e-05,-2.8161942424201e-05,-1.54997970453241e-06,2.80312965061651,4.09907760036998,0.874388948613136,-0.672596396367642,-2.06373981193884,0.376303922093647,-0.322005239981729,0.359204805692664,1.48669872945208,-0.390414570650849,1.36245103921011,0.431502467418054,2.80292905380865,4.09833943882234,0.874875323639049,-0.666236341947269,-2.06998856576369,0.376432622595508,-0.321664628869997,0.357961339862802,1.48296720091469,-0.400416789473021,1.36901489280078,0.446822273671496
37.84,0.483305704266226,5e-05,-4.20875779979967e-05,-1.66148096224816e-06,2.74849071559255,3.93057739143793,0.901772615343111,-0.91689487709008,-1.77036489503476,0.347015659904403,-0.35416529083217,0.474176782657223,1.48089208613051,-0.24866265040484,1.22691691209989,0.447680311884928,2.74963014645287,3.93274035356125,0.90498993344669,-0.911773838860928,-1.76166496898168,0.355104929580284,-0.353964433310331,0.473166135333631,1.4822066772274,-0.250563794575703,1.22341846838139,0.442713129794789
37.92,0.481609434860626,5e-05,-4.95178068993116e-05,-1.58944847938237e-06,2.67588751107558,3.79167026999956,0.934337874827194,-1.17897984259529,-1.37477301235919,0.274974712446896,-0.372218197954205,0.577558590007829,1.48266257757504,-0.0946265422519182,1.06011430397781,0.445450983484484,2.676688239344,3.79180715604271,0.933398327813112,-1.17500338571857,-1.37085824099603,0.285182132986813,-0.374369657197296,0.577248267559036,1.48141643163086,-0.0987453994439246,1.05491057344874,0.438782135317694
38,0.485946288448046,5e-05,-4.97417539628827e-05,-1.50907224084857e-06,2.58148857874974,3.68136673943207,0.956495501534603,-1.45192485223526,-0.905732384127151,0.178730158420694,-0.379384406052581,0.598679623592875,1.4832691305756,0.0529668942420106,0.885852466689664,0.434915045108136,2.58268796848651,3.68213849676303,0.956212898452057,-1.45049264221629,-0.905614018800146,0.174165844943316,-0.381090518974335,0.6,1.4835764585102,0.0552813846608384,0.88755043491033,0.435049925861859
38.08,0.496037781125016,5e-05,-4.99795370857225e-05,-1.58064806955583e-06,2.4654070346374,3.61052219737042,0.968654722714748,-1.74426128376967,-0.420415712785448,0.0714612497184449,-0.372605190741595,0.600049588684843,1.49098165177175,0.213691075395356,0.731158092427478,0.431017338462781,2.46664855710921,3.60968937525902,0.970146166047523,-1.7369706777198,-0.416594614974415,0.0649699179818957,-0.372632696143053,0.6,1.49072312608934,0.211460460298231,0.721285604471295,0.431140696395001
38.16,0.507421441012245,5e-05,-5e-05,-1.90850014893371e-06,2.3281148210906,3.57591657119015,0.973711644584341,-2.0226591922273,0.0805153451298889,-0.0279493875979311,-0.348209194273448,0.601786890638218,1.503562726512,0.372110549740653,0.557204385538937,0.433209980094447,2.32769090289162,3.57636180606107,0.975343759486074,-2.02639240325397,0.0825531146657291,-0.0264041255622271,-0.348110726789144,0.6,1.50419206066013,0.369747125735816,0.556834706180981,0.426420629250762
38.24,0.518197472894471,4.97796187266903e-05,-5e-05,-2.55605469444899e-06,2.17038904633897,3.60609886918743,0.973824621828808,-2.28534099567892,0.650711222641376,-0.0911826778222305,-0.307549414669131,0.602772896775857,1.52396805847718,0.529277114264038,0.399898852672576,0.414909133998482,2.17213008534956,3.6060290700268,0.973231429441096,-2.29058251255575,0.650592822831095,-0.0964775693578732,-0.306988495617392,0.6,1.52463413092007,0.529359747308886,0.394248689282344,0.420099042223961
38.32,0.527701759084761,4.95041917047205e-05,-5e-05,-3.54810992001058e-06,1.99122731256719,3.65939737302871,0.964501305588709,-2.39803815864722,1.17220547414883,-0.136207199676185,-0.248784095372218,0.599923520529419,1.55259108395822,0.690587721263036,0.225983788832165,0.405488236434716,1.9888834843451,3.65807649585329,0.965513223892466,-2.4,1.16808358231938,-0.143199205260653,-0.249242762203394,0.6,1.55190263152845,0.690066579844903,0.233477555075787,0.411323922627064
38.4,0.535354381791158,4.92967800364306e-05,-5e-05,-4.86604346136768e-06,1.79757557037619,3.75244095113845,0.958184559657976,-2.40297364991224,1.69858369234115,-0.158163633942265,-0.176142514538018,0.600981588102867,1.58442880424186,0.847982233110485,0.0714468894951545,0.39257634586144,1.7968834843451,3.75152318243884,0.954057287471614,-2.4,1.69321369678291,-0.166765893285365,-0.175372987842908,0.6,1.58495796982184,0.85203216285733,0.0744299266123188,0.399289314258145
38.48,0.540825410123175,3.86771624998039e-05,-5e-05,-6.44410420613555e-06,1.60412841742146,3.88697797778958,0.943911798790006,-2.40718629064672,2.23090465974778,-0.175020325603543,-0.0857404154705376,0.600100244244797,1.62196725849435,0.982257854113311,-0.0915267660949198,0.375324869489729,1.6048834843451,3.88698027818147,0.940716016008785,-2.4,2.2253428219495,-0.170204195302583,-0.0864028789937496,0.6,1.62180878569381,0.980386356507699,-0.0830369655921766,0.383351875346009
38.56,0.544114315498003,2.45545082554633e-05,-5e-05,-8.1677766096339e-06,1.41295843046748,4.06458568395231,0.92509516323951,-2.38648574072672,2.40393483424746,-0.157296256002553,0.0152074370712428,0.595223992376027,1.65798438939282,1.06319536240168,-0.233593808099306,0.376517332717567,1.4128834843451,4.06500770393743,0.927099680384578,-2.4,2.4,-0.159623424791033,0.0133231573840903,0.596028344358532,1.65952314276153,1.06329487101954,-0.239504775924318,0.363151481839016
38.64,0.545656152094994,9.70676109485306e-06,-5e-05,-9.87596682937549e-06,1.22168767985302,4.25636422798225,0.915631853232069,-2.40116304181998,2.38858408160067,-0.127525830327134,0.118202499713815,0.578755710090398,1.69462769533782,1.09295362782684,-0.391103846615694,0.339825246621892,1.2208834843451,4.25700770393743,0.914329806401296,-2.4,2.4,-0.14170432674258,0.117918534925164,0.576482608309105,1.6943168314503,1.09815609905606,-0.395683617194827,0.338726423986664
38.72,0.546042994185884,-4.54583300824268e-06,-5e-05,-1.13672641596979e-05,1.13049459144212,4.4495004480389,0.903168664659192,0.00438376113844169,2.38818063234697,-0.129190879966214,0.220957624897798,0.54175924105389,1.72244096236276,1.08283409465631,-0.554890680469613,0.302960354856061,1.13,4.44900770393743,0.902993460261889,0,2.4,-0.118299483379449,0.220845403321014,0.541859769916522,1.72197226754639,1.08673100699278,-0.552259633879858,0.310613117257266
38.8,0.545333652742819,-1.88230023870904e-05,-5e-05,-1.24238310763092e-05,1.12813322724162,4.64262443605434,0.890154453209836,0.130510511284815,2.39812582496569,-0.091187872389033,0.316072451648003,0.492977675956138,1.73959432668275,1.0270592461474,-0.69367357318868,0.27971907021589,1.13,4.64100770393743,0.893529501591533,0.136477088697353,2.4,-0.0926679673174228,0.316552961559965,0.493308737003077,1.73897549318359,1.02866993157195,-0.709800966780278,0.279886728840883
38.88,0.54389464562716,-3.04551864146989e-05,-4.99811048431874e-05,-1.28732435430757e-05,1.14103399227007,4.83096153888893,0.885919200332543,0.359135398056817,2.41213818018437,-0.0646251960545084,0.399425039636472,0.433486815086577,1.7435659296442,0.925035364525008,-0.865325719812627,0.250685264892627,1.14091816709579,4.83300770393743,0.88611606420614,0.360391419825358,2.4,-0.0681440696560266,0.400783133858039,0.432375893215532,1.74306504564578,0.932516269324427,-0.868671339006631,0.24804886185334
38.96,0.542051961232235,-4.00000525207383e-05,-4.96983225259748e-05,-1.26164375646526e-05,1.16766300444861,5.02538420578898,0.881719354001205,0.670701478717574,2.39436442915032,-0.040415726761585,0.471749159355162,0.361709745107811,1.73164902552055,0.813392097853673,-1.02862449321285,0.206652156235985,1.16974948068182,5.02500770393743,0.880664538633657,0.66705095441779,2.4,-0.0473140462526317,0.471304385210642,0.360647269702966,1.73332813493067,0.804952687872367,-1.02818450214985,0.216846122644999
39.04,0.540123013804692,-4.75829233277335e-05,-4.31401597880639e-05,-1.16302556686341e-05,1.22273877849091,5.21722608536428,0.880074302189397,1.04989096881259,2.39799116184109,-0.0309175331240083,0.528777089214102,0.280916801122617,1.71070137856661,0.649713098649299,-1.16150621609908,0.198249864402989,1.22311355703524,5.21700770393743,0.876879414933447,1.04843853032048,2.4,-0.0316190757200202,0.527444475172388,0.279483488801925,1.70993172102303,0.652271064729373,-1.16738413703643,0.188082390197145
39.12,0.538338286047772,-4.94188392262597e-05,-3.28934566415878e-05,-9.95020833213778e-06,1.31081825465169,5.40851464985735,0.873683936924437,1.48701374102477,2.39911928446353,-0.0317458386329971,0.570644302183476,0.190571102560932,1.67584994637099,0.497334390931428,-1.2694581576123,0.173260482794771,1.30698863946088,5.40900770393743,0.874349888875845,1.4938515995452,2.4,-0.0215278654391296,0.569867074604211,0.191211565162475,1.67455466930018,0.493362037017229,-1.27381286060285,0.163473719638174
39.2,0.536856548838455,-4.92673185479684e-05,-2.33100014991393e-05,-7.69171369809273e-06,1.42644177434593,5.60118466709373,0.874174878036374,1.98891037852747,2.40440710677103,-0.0243116342707716,0.598835563530931,0.0998203277798609,1.62863993730294,0.341421728970134,-1.34769760923549,0.154765566490506,1.42649676742449,5.60100770393743,0.872627659640715,1.9901889570358,2.4,-0.017384962065416,0.6,0.0983545239802975,1.62976987078792,0.334641388675096,-1.34941003682619,0.144450716087693
39.28,0.535842872925063,-4.91991383837815e-05,-1.41190461301036e-05,-5.01392661139725e-06,1.587041547147,5.79227308481485,0.871333571492995,2.3953749126547,2.4031034388224,-0.0184418796694887,0.599291542180193,0.00144007410977683,1.57872092211507,0.183105342079462,-1.40285130420861,0.128611397868576,1.58571188398736,5.79300770393743,0.871236862675482,2.4,2.4,-0.019762113516297,0.6,0.00273219021032334,1.57810305779828,0.175775160761786,-1.39521418798732,0.132050365857014
39.36,0.535398926769544,-4.92238209366891e-05,-3.276865876546e-06,-2.06739027981466e-06,1.77638689227571,5.98383580776893,0.868022054817956,2.40669175181491,2.39110086615725,-0.0149515441768605,0.600434383511604,-0.0964207270555533,1.52371409814547,0.00941139473869543,-1.40315460180378,0.125300200534222,1.77771188398736,5.98500770393743,0.869655893594178,2.4,2.4,-0.0189938412545195,0.6,-0.0953543061867524,1.52379794949891,0.0165268483857015,-1.40550848837472,0.126937334590276
39.44,0.534456979763118,-4.93419523276888e-05,9.11255258299606e-06,9.10328512777248e-07,1.97111583284975,6.17566410434051,0.869219588189664,2.39101562057328,2.29530089647585,-0.0183149282904385,0.598959584860487,-0.194482447548964,1.46915796389227,-0.144376206598083,-1.38153734662308,0.131009754106294,1.96971188398736,6.17700770393744,0.868136386293816,2.4,2.30021489654836,-0.0231671184377907,0.6,-0.193889540033372,1.46843895497253,-0.143279454025469,-1.37501233762093,0.129188742171263
39.52,0.534019785924983,-4.95451119090146e-05,2.05942517433999e-05,3.83397922516411e-06,2.1635824559566,6.36334630585445,0.866415957242593,2.41160320104264,2.1004121171597,-0.0398030911715936,0.600219977382787,-0.290717566695167,1.41359701774943,-0.30340469683815,-1.30139727952817,0.134929230558204,2.16171188398736,6.3610248956613,0.866283016818793,2.4,2.09526016757686,-0.0391014087348792,0.599058669137252,-0.290512908360823,1.41383448544906,-0.303786085373763,-1.30674348535677,0.138670868427581
39.6,0.53498133895511,-4.98166607123232e-05,3.0880074042459e-05,6.6095817569912e-06,2.35635861417442,6.52821455880064,0.864453206528341,2.4004863034935,1.79581138826998,-0.0710114104166356,0.588724975084414,-0.382501978267947,1.3620813237541,-0.475693403010213,-1.19887839504418,0.159877709422932,2.35371188398736,6.52864570906745,0.863154904120003,2.4,1.78920467722044,-0.0713509700570771,0.589639864725177,-0.383103924879924,1.36187284858563,-0.465099582458164,-1.20478070537006,0.155017563347026
39.68,0.538058471739815,-5e-05,3.97976740148073e-05,9.14241550705611e-06,2.54843650781289,6.67429506894705,0.855931562185622,2.39509536662541,1.38831170372299,-0.113136400123335,0.571103055698599,-0.467476368746012,1.31464938163819,-0.617043987779514,-1.06800357584868,0.178006990916216,2.54571188398736,6.67178208324509,0.857446826515437,2.4,1.38816536633969,-0.118756777672415,0.569877377358217,-0.470107282006111,1.31520237237865,-0.626869679160397,-1.07387232029808,0.177628415684631
39.76,0.543359592028735,-5e-05,4.73746046782264e-05,1.13002065663691e-05,2.73717327366128,6.78237425566297,0.846500786264993,2.40642425556647,0.900915951159478,-0.168433985264431,0.53697859295556,-0.550399239919792,1.27745270712791,-0.793118847321863,-0.918042537967978,0.210141535691178,2.73771188398736,6.78283531255226,0.847946284301643,2.4,0.899953785783751,-0.178468479652234,0.537199471853568,-0.550107350299071,1.27663202863279,-0.788527934746144,-0.918756588389042,0.205575876818879
39.84,0.550763155247983,-5e-05,5e-05,1.29466715998489e-05,2.87145914531638,6.80081575037974,0.836546803475253,0.00809790709814229,0.00246929193843825,-0.241828706077535,0.487975698550228,-0.600181573554161,1.25024394477064,-0.951424542101302,-0.750251621221531,0.239619826110739,2.87,6.8,0.833668805929465,0,-3.03270072980325e-14,-0.246156137714698,0.488518259034035,-0.6,1.24908495999873,-0.950238802068056,-0.756294932815577,0.237595344713519
39.92,0.560044445887218,-1.1036534842037e-06,5e-05,1.39440389951936e-05,2.86986519902656,6.80077750499386,0.815435662719912,-0.00180116623162228,-0.617428932716068,-0.303181015861861,0.420610300303177,-0.598564055283347,1.23516526715937,-0.952934383786416,-0.589176602081604,0.269322655900568,2.87,6.8,0.813976314912289,4.21884749357559e-15,-0.618696906935339,-0.305342166025764,0.420442759136421,-0.6,1.23501658108266,-0.948885900389057,-0.595618833656235,0.272081483137962
40,0.569225130521009,4.12007031479652e-06,5e-05,1.41843979197096e-05,2.86876392823256,6.75004844673186,0.793586280369926,-0.00758427686753832,-1.24877106558284,-0.33625064910238,0.344373004825855,-0.600208425316803,1.2353152860533,-0.927207746942699,-0.436712824270506,0.306685203539305,2.87,6.75050424744517,0.789548941630228,-1.70434044417003e-14,-1.24729588575745,-0.327678266867928,0.344243188501029,-0.6,1.23552787560595,-0.930579525958591,-0.435851412775144,0.307162072793163
40.08,0.575093463919438,4.41133655206379e-06,4.99674698817403e-05,1.36364301293567e-05,2.87085344440275,6.64902117574857,0.766996700016465,0.145162740345997,-1.87671074529597,-0.314824045856037,0.263135585429288,-0.600230762009781,1.25067721288294,-0.9138628256505,-0.266561501978289,0.345212659062356,2.87,6.65072057658457,0.763334680280793,0.147032990084461,-1.87398094716095,-0.318170307814595,0.262022395035788,-0.6,1.24929664390602,-0.912090550833229,-0.276968467249666,0.340887438680217
40.16,0.577976143235867,3.47197838721784e-06,4.97512474536458e-05,1.24003692990091e-05,2.87002252985095,6.49797259662543,0.737703929144029,0.00891964314121994,-2.40325554607236,-0.274810350702404,0.176139069240155,-0.600184436419766,1.27411002554228,-0.902119618099998,-0.122465347323819,0.357497829233498,2.87,6.5008021008117,0.737881055655626,1.63971400560023e-14,-2.4,-0.283872454881171,0.174961499062636,-0.6,1.27425695520133,-0.89784584346683,-0.119511120646813,0.37155580186446
40.24,0.578044199613051,1.03357601470158e-05,4.95860255442198e-05,1.06126745972733e-05,2.8680627554144,6.30936246015673,0.716284955189981,0.00179205882762986,-2.40611959651996,-0.236591527613536,0.0839029290380832,-0.600381316250181,1.30788164672295,-0.861998262689745,0.0393527137339506,0.40657816984809,2.87,6.3088021008117,0.715171259265132,1.63971400560023e-14,-2.4,-0.233477801209748,0.0842472760195331,-0.6,1.30770565319282,-0.862077533336883,0.0367583339966215,0.397802871694178
40.32,0.575995086810672,2.08614143399545e-05,4.94831289537057e-05,8.43896852829701e-06,2.86901362720524,6.1183550246837,0.694418629052207,-0.0690246838871961,-2.40910823153802,-0.169989869206036,-0.00790364840233655,-0.600521307624169,1.34620224110914,-0.79779849293692,0.187421492987185,0.409300281874762,2.87,6.1168021008117,0.696493035168352,-0.0666325054509193,-2.4,-0.176138788721635,-0.00658312412379063,-0.599747697174823,1.34642785087821,-0.79280729581752,0.192422249781181,0.418673972020754
40.4,0.572710300146007,3.1687112812851e-05,4.94492382282314e-05,6.06622137268328e-06,2.86476178017092,5.92485390746751,0.680851683628815,-0.20084292425116,-2.40803868318732,-0.122543320561767,-0.0934414030904237,-0.583600807466995,1.38780486579873,-0.689142247843084,0.342803777127967,0.445719928180378,2.86466939956393,5.9248021008117,0.682401932070621,-0.201025183890253,-2.4,-0.120495166626609,-0.0928399379859511,-0.584133757729868,1.3868793850882,-0.689226776638915,0.348281704804585,0.433676838123164
40.48,0.569089254951785,4.19660917180337e-05,4.94859086749917e-05,3.69215943733137e-06,2.84976559080309,5.73205745754448,0.6694644494908,-0.385493935011616,-2.40384176362045,-0.0598265894531195,-0.169395554801463,-0.553170543947162,1.4249627304327,-0.559528545045807,0.504452444120796,0.448096231804756,2.84858738485271,5.7328021008117,0.672762318740493,-0.394833121558905,-2.4,-0.0649677092377876,-0.169107722020487,-0.553174834914757,1.42519402508888,-0.553289419423483,0.505189825858774,0.442808218312564
40.56,0.564954701519507,4.95679823531618e-05,4.95894612398005e-05,1.52453234648148e-06,2.81649680655725,5.54208673775772,0.665808023456609,-0.635188984856208,-2.40580461282559,-0.010566912163349,-0.230615531656039,-0.508004042364117,1.45789101112044,-0.395554248883877,0.659229005146623,0.448346666718702,2.81700073512799,5.5408021008117,0.66756490200147,-0.637550513228678,-2.4,-0.00738405575001765,-0.230732829801187,-0.50737408666076,1.45823978934739,-0.393998271243535,0.663955412221563,0.446578663414691
40.64,0.560035640833662,4.98682762038204e-05,4.97512531396558e-05,-2.76218638221443e-07,2.76730753328647,5.34838914796812,0.665289016760583,-0.920897725528518,-2.39994165876546,0.0594136288415776,-0.275208684663575,-0.449044846487596,1.48435881474294,-0.228249239370148,0.822887111793131,0.436113862694263,2.7659966940697,5.3488021008117,0.666974177541468,-0.916693799097394,-2.4,0.0549492224307942,-0.274834334284149,-0.447495007353823,1.48413413362393,-0.235745864765559,0.825197837790834,0.445895524605599
40.72,0.553967146793992,5e-05,4.99583086246801e-05,-1.62306174067381e-06,2.69378161986919,5.15437454032088,0.670606789294607,-1.2170943141571,-2.40403611097451,0.130955769312407,-0.301527910513818,-0.374717954791311,1.50020622056338,-0.091297040555216,0.9905115628568,0.436766474957222,2.69266119014191,5.1568021008117,0.671370115335932,-1.21846160454863,-2.4,0.124686090411572,-0.301573669489034,-0.374275905604501,1.50234423340284,-0.0790570423641698,0.989118300996616,0.441881398434581
40.8,0.546348074043729,5e-05,5e-05,-2.50514688885573e-06,2.59632946978129,4.96437284851945,0.681680052675321,-1.52928033381757,-2.41254227444043,0.214188731692378,-0.31256481037464,-0.288353284127038,1.51238992919795,0.0596205557479053,1.14806061733341,0.435564404192254,2.59518426177802,4.9648021008117,0.681345002568858,-1.52947258707883,-2.4,0.203132621683104,-0.311925067849644,-0.288217611031923,1.5133585926897,0.0756933572891043,1.15514625977674,0.435685715647662
40.88,0.536894111088947,5e-05,3.81756045949247e-05,-2.96731864426764e-06,2.47427208584113,4.77362886120977,0.699256052982194,-1.84318642986282,-2.40287164374219,0.287674560600883,-0.307663481791893,-0.192516087694697,1.51932677010467,0.230594458838553,1.27418623580304,0.435851878082641,2.47282645481171,4.7728021008117,0.697595612303506,-1.83673372538417,-2.4,0.289281788327634,-0.307296393800384,-0.189568623598458,1.51837820786276,0.228587031988294,1.28358345973667,0.428346998253734
40.96,0.525568964869932,5e-05,2.1986476294458e-05,-3.09138565296327e-06,2.32680926552906,4.58181021264352,0.718479901307407,-2.13099892981201,-2.40925841380467,0.375780460463313,-0.290042950214769,-0.0821355992376241,1.51869050998874,0.38512606704463,1.35887871565252,0.418722529608826,2.32588775678098,4.5808021008117,0.720738155369717,-2.12776132813344,-2.4,0.379102977638701,-0.289316720671448,-0.0813269123277929,1.52000895055743,0.380175587461728,1.3597675589917,0.420701440636735
41.04,0.512698275005685,5e-05,5.98724734412053e-06,-3.0321022374741e-06,2.15684469351518,4.38746041289354,0.748662617483921,-2.39530664970035,-2.40694132910773,0.465074633739998,-0.259603852570499,0.0325922169684713,1.52290465515758,0.529338788308475,1.38910910902883,0.40496414603547,2.1556668505303,4.3888021008117,0.751066393580813,-2.39106694084051,-2.4,0.464997898938506,-0.259002297804279,0.0325354349783413,1.5212352855039,0.531140528844695,1.38425123679424,0.413202501662551
41.12,0.499072971824931,4.71814911539016e-05,-9.39909503420866e-06,-2.95910070687519e-06,1.96316012927394,4.19697991640381,0.789841305174571,-2.41022223348884,-2.37781719496479,0.529333562453161,-0.215731877118259,0.148304408881958,1.52283571544392,0.668412841986711,1.36452573178166,0.401898588662099,1.96438149526306,4.1968021008117,0.788266225495893,-2.4,-2.36087775321028,0.537391801780878,-0.216394169618645,0.14804813738877,1.52482849095395,0.672693466214577,1.35901158347383,0.405884108718846
41.2,0.485811379239768,3.8431428402734e-05,-2.33134525829156e-05,-3.02430831498892e-06,1.77097495479168,4.0082861452825,0.833250378824877,-2.39692324551948,-2.22299361830437,0.582842473359306,-0.160819971094626,0.260431739141114,1.53308434770804,0.782449339315479,1.28595236454734,0.404766911363321,1.77238149526306,4.00793188055487,0.831257569638363,-2.4,-2.22806185628789,0.586886696356244,-0.161330387947051,0.261205242014528,1.53329111799148,0.785591248129525,1.28879807827981,0.398404445529088
41.28,0.474138137608611,2.91514727077278e-05,-3.63379233394261e-05,-3.35946612067476e-06,1.57999356208511,3.8304809561444,0.877293258908856,-2.41101715572982,-2.01687324540617,0.609707199390848,-0.0939150663658425,0.369567123562201,1.54880862295516,0.867218036245635,1.1774489771654,0.387029988777478,1.58038149526306,3.82968693205184,0.878208505346863,-2.4,-2.00828471073175,0.605832487334997,-0.0945009996047072,0.368089931653081,1.5487109207761,0.868562108087087,1.17620113389045,0.390095876275247
41.36,0.465201316533304,1.95221487464882e-05,-4.81499028273222e-05,-4.06886701826608e-06,1.38910682105092,3.6696670910733,0.925733182545585,-2.4002150350296,-1.7173219383114,0.594498359644412,-0.0164920209024043,0.466899889235302,1.57095968489025,0.92446958971871,1.02671994835465,0.386636108083852,1.38838149526306,3.6690241551933,0.926675104333663,-2.4,-1.71036988805495,0.589217007553213,-0.0164582728119733,0.464710943696442,1.57249343991373,0.920901640935079,1.0248750125747,0.380032829888835
41.44,0.459948390572497,9.62752953996729e-06,-4.89466396155649e-05,-5.21581816274814e-06,1.19574313013103,3.53353155910962,0.97301007960925,-2.38886541342706,-1.33693880414336,0.526220922410167,0.0714725431589438,0.54811748926004,1.6045349738456,0.942326073871163,0.867306535876104,0.372496218838472,1.19638149526306,3.53219456414891,0.97381246493792,-2.4,-1.34398510220389,0.53528937185541,0.0717770682095683,0.547190192572651,1.60498867863237,0.942136341159902,0.871200368472662,0.367133165220709
41.52,0.459021232743246,-4.57320782577096e-07,-4.91203632716504e-05,-6.8038813216834e-06,1.12973371125032,3.42627661877331,1.01528200493176,-0.00381046462254913,-0.927331209817031,0.452381565824487,0.167594704203046,0.601573796683793,1.64462816176961,0.926933982936935,0.714939623361842,0.354885379120922,1.13,3.4246757559726,1.01663561468635,0,-0.91874915683745,0.445582894164935,0.16804103202818,0.6,1.64514525862657,0.931639067872073,0.716830947388473,0.350305932224306
41.6,0.462654113155253,-1.69579130857233e-05,-4.93501259913899e-05,-8.76027587149569e-06,1.12940681902165,3.35154813926296,1.05183976007023,0.10035761250968,-0.45312289312719,0.332203037664451,0.26841583185653,0.599335779049098,1.69220105081859,0.879245525187012,0.554783673027976,0.321022401706377,1.13,3.3511758234256,1.05228224621955,0.103172384443869,-0.451921141997245,0.330056429111,0.268036415398834,0.6,1.69024327930464,0.867954933548909,0.561146363322834,0.328640180540389
41.68,0.470231584437403,-2.57876017631914e-05,-4.96213956994453e-05,-1.0924135116509e-05,1.13871415386021,3.31631573838038,1.07861667566863,0.268885413829283,0.0227334931619016,0.217446655310431,0.363095372523015,0.599384232593403,1.73484851433221,0.780680382312751,0.405036496588251,0.29338760600624,1.13825379075551,3.31502213206582,1.07868676054843,0.268751924826152,0.0263859284282965,0.210573664738352,0.362951077603392,0.6,1.73536611139953,0.776648676152392,0.40340270400511,0.301622812335587
41.76,0.47953785884438,-3.33703674360716e-05,-4.99166549450257e-05,-1.30210983256396e-05,1.15850759362026,3.31919748781182,1.09374132415375,0.492347227020135,0.526980151010599,0.0748537370901083,0.448311309104718,0.600976257011782,1.77481496414724,0.65857046632758,0.24442829495674,0.274149688615496,1.1597539447416,3.31713300634008,1.0955326537275,0.493610290257272,0.519896851040071,0.0835441163688525,0.448354293363887,0.6,1.77658037133357,0.661774292344919,0.243242876629164,0.269419273644173
41.84,0.491054723801895,-3.92700709696575e-05,-5e-05,-1.483904747519e-05,1.19732860352843,3.35883123452323,1.10304811121367,0.781722759239997,1.02610970946827,-0.0485928950855081,0.521066138485192,0.599794593157932,1.81172310608488,0.529087150941211,0.0827112234654296,0.232728906131872,1.19924276796218,3.35872475442329,1.102216183037,0.773284119801107,1.03205511458683,-0.0519629412536323,0.520355303227141,0.6,1.81033459170078,0.528768414968069,0.0812353202480429,0.232719616859457
41.92,0.505009313741909,-4.31000392980123e-05,-5e-05,-1.61935873261035e-05,1.26079228920938,3.43924297466105,1.09799233237039,1.09782279550795,1.57060421858313,-0.20549818384438,0.574312266354356,0.59565322610113,1.8321896546098,0.390928621379667,-0.0809542606881297,0.195956244924193,1.26110549754627,3.44128916359023,1.09805914773671,1.10255907018442,1.56523705198628,-0.193855718078433,0.575918451660237,0.596382217477212,1.83382144552513,0.384277525670179,-0.0823213814928322,0.192669937257384
42,0.521297459166774,-4.46300198584174e-05,-5e-05,-1.69467655543993e-05,1.35073226165563,3.56596790364665,1.08268486879774,1.47932598805918,2.1209081605704,-0.334386392953577,0.600476428193536,0.581487748058457,1.84497068053083,0.25155931173823,-0.248526517288657,0.156275177228855,1.34931022316103,3.56650812774914,1.08255069029044,1.47641024929663,2.11799994449558,-0.335572544657866,0.6,0.582464505896213,1.84511097681571,0.235651239948769,-0.247252685739404,0.150757511241001
42.08,0.539241298800706,-4.2957402333126e-05,-5e-05,-1.70127856432703e-05,1.46698620144453,3.73581767312834,1.05986755672325,1.87140928220398,2.40056595387644,-0.458814082686935,0.59872699938104,0.558774881656417,1.84409328206384,0.0882344814244181,-0.418434641182349,0.102633913769518,1.46742304310476,3.73594812330878,1.05570488671781,1.87956839716668,2.4,-0.459626410194077,0.6,0.559329262579989,1.84365642986243,0.093212294576278,-0.413264032476831,0.108681805566236
42.16,0.551258216955511,-4.60626550050934e-05,-5e-05,-1.63836422356987e-05,1.61938250598577,3.92614520426943,1.02020473742071,2.29499209625916,2.39432386303543,-0.556029703571885,0.601209317383497,0.527381981090631,1.82942190813281,-0.0710168012026028,-0.575402731032687,0.0727193083578203,1.61778851487809,3.92794812330878,1.01893477390228,2.2967944711887,2.4,-0.55884374873573,0.6,0.527133431550207,1.83009856658988,-0.0593844394220585,-0.579987574661884,0.0681620856894034
42.24,0.551813593309988,-4.97801031535594e-05,-5e-05,-1.51159805053827e-05,1.80100607307353,4.11876571026713,0.97514207891331,2.40271127857848,2.39671863007218,-0.631235707909618,0.58413661500744,0.487118111883425,1.80646085176573,-0.221513606672215,-0.75024198291987,0.0247650679104058,1.80153207257319,4.11994812330878,0.974227274003425,2.4,2.4,-0.643896525546376,0.582619241934511,0.485759702731889,1.80499211044769,-0.224548925978786,-0.747108730534518,0.0307775232746317
42.32,0.567243700341096,-4.94666399754553e-05,-5e-05,-1.32601923191834e-05,1.99521046218474,4.30927242943254,0.923336183695557,2.41553947483908,2.41082784747873,-0.691887866364316,0.548457351127827,0.432754595046201,1.77100253461024,-0.390002936996372,-0.92686291065595,-0.00397059549237981,1.99353207257319,4.31194812330878,0.922715551959714,2.4,2.4,-0.684039986675672,0.548378771196376,0.434496647311905,1.77012973535276,-0.389130216242414,-0.914310184362898,-0.00201733824373698
42.4,0.583370128175239,-4.92071412423133e-05,-5e-05,-1.09322161965283e-05,2.18497830232084,4.50289878710731,0.870298975505681,2.41247081270668,2.39893224681008,-0.66330957564686,0.499831762187082,0.372350878695778,1.72923667090698,-0.556769823669128,-1.08223734042955,-0.0254715820128081,2.18553207257319,4.50394812330878,0.867992353025661,2.4,2.4,-0.666042493257739,0.499488938530059,0.372161130245575,1.7279412284261,-0.553541313689016,-1.0812958102791,-0.0290546924256476
42.48,0.590792212240444,-4.90231427577502e-05,-4.96626839505081e-05,-8.27888732778758e-06,2.37776827736153,4.69635685687761,0.814614824243548,2.40376909110858,2.40067984914214,-0.594375936213976,0.439379040247505,0.298829713087457,1.68088237711216,-0.723534588701101,-1.2487083704379,-0.0362001903771115,2.37753207257319,4.69594812330878,0.814708953565042,2.4,2.4,-0.591978059982067,0.438235623417875,0.29733915989806,1.68127281574727,-0.718167149822012,-1.24672573408166,-0.0495298828984274
42.56,0.599587041374571,-4.8928983100275e-05,-4.13762381152784e-05,-5.46498943954742e-06,2.56865236936063,4.8868812977563,0.768752056507862,2.40433566273947,2.39099518769083,-0.451864632340806,0.366388542836375,0.208436004641026,1.63489502311498,-0.884034564030013,-1.38959665700868,-0.0654467982757815,2.56953207257319,4.88794812330879,0.767350708766476,2.4,2.4,-0.453927960106312,0.366714042084388,0.208707581634828,1.63325470721646,-0.883329147595222,-1.383931149223,-0.0630457933434082
42.64,0.596648408156634,-4.29815129278934e-05,-2.63434987029439e-05,-2.66549011477698e-06,2.75897600914336,5.08077147702609,0.732565046177183,2.39719218551348,2.38948585189747,-0.263670645996471,0.287583841522973,0.106000697754383,1.58766108157575,-1.0295946147236,-1.47993440711553,-0.0666680296906949,2.76153207257319,5.07994812330879,0.731036471957971,2.4,2.4,-0.270033012979105,0.286643104232171,0.107162838932527,1.58786474014658,-1.02934083023569,-1.4703606891797,-0.0696380340205083
42.72,0.580789382536502,-2.96951081398755e-05,-1.12539212877748e-05,-9.56050999422566e-08,2.86998197026361,5.26968919097827,0.709919685123466,0.00390665027014257,2.40211927432269,-0.0663962890804447,0.200412664230842,-0.00296182650384754,1.54828995008373,-1.12977516493563,-1.5088166166752,-0.0778160382026272,2.87,5.27194812330879,0.709433830919643,0,2.4,-0.0701281061945382,0.20014329430165,-0.00409144650041825,1.54904062821017,-1.13139853137687,-1.50594028194868,-0.0698744827791375
42.8,0.560911397095084,3.05930159849984e-05,1.02115159957902e-05,2.03858180980605e-06,2.87207397247111,5.46261693129946,0.704030882897875,-0.0101635396404314,2.39076316010447,0.120199993128626,0.109151526919088,-0.12156963778719,1.51996413622006,-1.03257169059604,-1.46069113120868,-0.074327928783133,2.87,5.46394812330879,0.70382358242408,0,2.39168981839993,0.122334006809427,0.109751823829301,-0.121050416292915,1.5196103585643,-1.03216415523728,-1.46961522086665,-0.0648327000857044
42.88,0.539629005054978,3.86769226606892e-05,2.35681453499375e-05,3.59763474115675e-06,2.87054323716147,5.65845375563357,0.715935472992691,-0.00879246226313487,2.25906025370159,0.29098095739225,0.0299719637672603,-0.238591646455098,1.50186892009046,-0.915432683818177,-1.3816378651182,-0.0581743707412026,2.87,5.65528330878078,0.713610302968834,-1.55179547671799e-14,2.27131629747826,0.284124518899473,0.0293723133456708,-0.237344158166478,1.501444470003,-0.905649323638792,-1.38901737096793,-0.0559350966203895
42.96,0.519673816006932,4.54855085017784e-05,3.64225424462462e-05,4.49833041818603e-06,2.86848189097491,5.84002593812075,0.738520882769884,0.0232570920682373,2.05821502354778,0.389671902052458,-0.041711251855148,-0.347158251887587,1.49336389206592,-0.763881183047905,-1.26742534134659,-0.048304938746498,2.87,5.83698861257904,0.736340264480792,0.0120208051058246,2.05283083429755,0.396901998092736,-0.0412081933222619,-0.348286200699993,1.49348503338229,-0.755899642085952,-1.26593987605494,-0.0448099093246624
43.04,0.503547509610658,5e-05,4.79956145140258e-05,4.8182589562344e-06,2.86705171233967,5.99893028810995,0.769974671455372,-0.0432463810748675,1.74727259947528,0.439719866287611,-0.100618726298916,-0.449566812645936,1.49324855855181,-0.594904400426558,-1.10879449888606,-0.0367768041652784,2.87,6.00121507932285,0.768092424328211,-0.0483245017093429,1.75133136350661,0.452834789373365,-0.101894545045514,-0.449623095509867,1.49411318534779,-0.590482839321208,-1.10467729127776,-0.0328934807069003
43.12,0.492766206335708,4.9765781764158e-05,5e-05,4.66253184327795e-06,2.86566727836144,6.1416053367178,0.805593325986203,-0.16694470413507,1.37662335880555,0.458121449411808,-0.151842991444523,-0.538820559521477,1.50254217134318,-0.429201884381477,-0.933313617337308,-0.0207251131742364,2.86613403986325,6.14132158840337,0.80431920747808,-0.166187643548324,1.38050068867849,0.452903803009449,-0.152207969028754,-0.537806572762667,1.50118776437405,-0.425276546509813,-0.937124952555287,-0.0213621934944158
43.2,0.487927415043038,4.95607929375037e-05,5e-05,4.1608699191369e-06,2.85102066433108,6.25095793243223,0.841691933388297,-0.340067158044646,0.956801717586986,0.410094960658099,-0.192658613648099,-0.599759978520594,1.51427826560591,-0.266334818077107,-0.763829892200384,-0.0162952024349624,2.85283902837939,6.25176164349765,0.840551511718836,-0.327936916189962,0.95150679486179,0.404466602103396,-0.192002438008591,-0.6,1.51245629839839,-0.260297337159602,-0.769862537405717,-0.0110716072412563
43.28,0.4888736879787,4.9427167902039e-05,5e-05,3.44468284238866e-06,2.82733706295491,6.32909772075665,0.871151293732526,-0.526546511593941,0.469759707839189,0.324133794235856,-0.219983760364916,-0.600330583458731,1.52654876958582,-0.0928208964464532,-0.5960456394363,-0.00895929929420713,2.82660407508419,6.3278821870866,0.872908839887107,-0.521589874639763,0.480278392931586,0.323791870779072,-0.220271866419597,-0.6,1.5256427691105,-0.0954420789237277,-0.602774076747281,-0.00255228157299978
43.36,0.494291118189441,4.93799961015269e-05,5e-05,2.64238729979434e-06,2.78317795886466,6.36635396770793,0.898578894068355,-0.732435657148109,-0.00676186174692493,0.258803025080773,-0.235702154544542,-0.598186928539841,1.53814650634373,0.0706333096244967,-0.421604867645454,0.013451783582645,2.78487688511301,6.36630445852112,0.898812189549433,-0.735249621062649,0.00525315862250003,0.24672353977381,-0.234979153027428,-0.6,1.53816736764347,0.0694515097608564,-0.435759604786634,0.00398282165090188
43.44,0.500357098064956,4.94259646898409e-05,5e-05,1.894744746831e-06,2.72718961938707,6.36577891922085,0.91886357649452,-0.953770207786381,-0.473640337010234,0.18069492556838,-0.234525381417503,-0.600109141517074,1.54871280485396,0.239417922023173,-0.262164677750076,0.00716738467559074,2.726056915428,6.36672471121092,0.918550072731338,-0.958175835431009,-0.476190834190131,0.175903967219292,-0.235187738837303,-0.6,1.54837684862013,0.234590456413784,-0.268744206874053,0.00866886918997753
43.52,0.506664766764162,4.95627099896455e-05,4.99088432968765e-05,1.28807542172026e-06,2.64880509972159,6.32967063890003,0.932702630450674,-1.18191987440816,-0.971856628594301,0.110311143575243,-0.219181206636457,-0.599292216462821,1.55699884795289,0.393457593841632,-0.104174728928444,0.0133922583426979,2.64940284859352,6.32862944447571,0.932622390108881,-1.1791055104095,-0.965954476142433,0.114048952045404,-0.220309381676517,-0.6,1.55526417916212,0.400202815717902,-0.101984012518004,0.0118545134147162
43.6,0.512802806742592,4.97790326568281e-05,4.96436313786687e-05,8.71338269312595e-07,2.5532824285145,6.25392195594146,0.942163399681431,-1.37363065656199,-1.47112511825193,0.0616157814881097,-0.18987240112077,-0.601081394702271,1.55883568335305,0.574120204559591,0.0599552683268144,0.0183056744165675,2.55507440776076,6.25135308638432,0.941746306272514,-1.38610733802894,-1.46511391237222,0.0634797001611836,-0.190146056762369,-0.6,1.55854572532733,0.566506295910089,0.0639663486790042,0.0140094910492729
43.68,0.518373875199491,4.48668136355615e-05,4.93704308176262e-05,6.53284915420996e-07,2.44378176626901,6.13402889963053,0.943850112756512,-1.56121515991679,-1.98020530736704,0.029723187632441,-0.144901821922266,-0.594078588877841,1.55764821851766,0.711696788730069,0.230499470322263,0.0178030109381929,2.44418582071844,6.13414397339454,0.946824682285408,-1.56652956105741,-1.97391172100104,0.0255622664209137,-0.144916800770592,-0.5947630970791,1.55870732790831,0.716343178471303,0.229093701613828,0.0156251831763227
43.76,0.523050348977797,3.39456385026368e-05,4.91087618408045e-05,6.01363117061998e-07,2.31792698888745,5.97527209168319,0.948583279534826,-1.69710370718689,-2.40352876559263,-0.00504815460198955,-0.0868567658520963,-0.576605196925852,1.5578326313964,0.831325220723257,0.389561231413266,0.015848823545215,2.31886345583385,5.97623103571446,0.948869663599081,-1.70703437141995,-2.4,0.00288070890048701,-0.0866556749237829,-0.576447196410305,1.5570052929056,0.829626411473089,0.39343836601441,0.0171124632754033
43.84,0.526344045094334,2.25563482648082e-05,4.88774443594177e-05,6.43063779316379e-07,2.18192885665637,5.78514542562607,0.94825325265393,-1.78829011660531,-2.40182760429638,0.00190966749917747,-0.0216549993657961,-0.546370719247522,1.554096830884,0.91127996217457,0.552333060367501,0.0268702650923939,2.18230070612025,5.78423103571446,0.94910012031112,-1.795017925664,-2.4,-0.000348930136132607,-0.0194012791705034,-0.54497174663736,1.55538290055691,0.904779250249104,0.557094637449257,0.018702876678356
43.92,0.527546739056794,1.25098964124738e-05,4.8693234867897e-05,6.71755882145524e-07,2.04025364127892,5.59258299199596,0.946443067456742,-1.82606572525952,-2.39774192883244,0.00759068213223262,0.0532960354912511,-0.501824869998193,1.55786781103015,0.946844449511397,0.718355556922013,0.0160183779579198,2.03869927206713,5.59223103571446,0.94907220590023,-1.82070233739868,-2.4,0.0167042945397331,0.0525983405466273,-0.500383536252395,1.55612118139045,0.946272018658684,0.720212041374944,0.0203642508574651
44,0.526267113530991,2.54513912049082e-06,4.85696123156259e-05,5.66644513935612e-07,1.89288242309353,5.39955043951539,0.949055217567249,-1.78281872951205,-2.38872400504836,0.0556888281378033,0.126735615446829,-0.443781879115377,1.56126531187317,0.947695595215428,0.884656506873689,0.0318760102128867,1.89304308507524,5.40023103571446,0.950408549463408,-1.77809777204951,-2.4,0.0516508840876399,0.125754173051942,-0.442931906252764,1.56142783035404,0.954361863845554,0.882982378311486,0.0217656655517134
44.08,0.522504093735706,-6.88617900661166e-06,4.85158009248406e-05,2.15358262110078e-07,1.74982432584447,5.20939049556919,0.953079943654203,-1.66466210681878,-2.40551940324735,0.101018627963466,0.197790040160135,-0.375039418512088,1.57419770948151,0.938259236827964,1.05623740171577,0.0216728217076364,1.75079526331128,5.20823103571446,0.95454062019042,-1.66529819376478,-2.4,0.0994802969883752,0.197080898763647,-0.373069516776272,1.57314583624024,0.930822005953879,1.04561510457148,0.0222982856082505
44.16,0.516596644166529,-1.54432125112823e-05,4.37164806781311e-05,-4.70724894971908e-07,1.61865068576772,5.01626398345526,0.962558229554112,-1.47517871451477,-2.393957615177,0.148767681374318,0.264837242910409,-0.292546060547589,1.59300724970777,0.883706647877191,1.18947708190558,0.0157779700903736,1.61757140781009,5.01623103571446,0.96249904394949,-1.48469894987405,-2.4,0.153345664818942,0.264451196251131,-0.291388855432701,1.59261343456095,0.878585460295877,1.19221690267154,0.0211340975352374
44.24,0.509166673991481,-2.29211822444797e-05,3.04559202400761e-05,-1.54986247547695e-06,1.50076459688589,4.8251576433022,0.973138609195853,-1.23143795519634,-2.39572892107649,0.202289502434825,0.324954905423008,-0.199100812710522,1.62054919248924,0.805415394044451,1.29560011798026,0.0135375015281124,1.49879549182017,4.82423103571446,0.974766697135005,-1.24268258017423,-2.4,0.20543223385328,0.326771506823478,-0.199769114412462,1.62034403988614,0.80131860227234,1.29446505297322,0.0173010064282366
44.32,0.501042104622814,-2.92702304668327e-05,1.70834777205976e-05,-3.03384238922438e-06,1.39762125778153,4.63023962156368,0.989109287332322,-0.951924110360921,-2.40607543163179,0.247561622415514,0.384846346197468,-0.102159475730673,1.65503751144952,0.704152131058348,1.35158116372871,0.0126280705605059,1.39938088540623,4.63223103571446,0.991201275843267,-0.948825687709451,-2.4,0.247461608891643,0.383881392052241,-0.102136058402925,1.6555964875082,0.70292350064137,1.35191526936419,0.00979776374304322
44.4,0.493210813823034,-3.45815692563228e-05,4.12189834172299e-06,-4.86650754079376e-06,1.32313512545318,4.44170769918863,1.00920906842522,-0.611292884789823,-2.40087352813501,0.280647423156945,0.437080966164988,-0.00088349547013183,1.69733021891795,0.580947346740805,1.36994633054568,-0.00680247966940877,1.32347483038948,4.44023103571446,1.0109982045546,-0.614596583351355,-2.4,0.271427293813405,0.435889236407209,-0.00214800774943492,1.69704504370976,0.587044312154277,1.36587618039713,-0.00223799237849823
44.48,0.486741360298696,-3.89773778465602e-05,-7.97613766538355e-06,-6.96240043036488e-06,1.27437018986926,4.24710926829464,1.03242056428982,-0.251964842234312,-2.36371318043196,0.279766857034134,0.483313113239142,0.0971004413457641,1.74469004668533,0.460560236042412,1.34582900643501,-0.00742034303184886,1.27430710372137,4.24823103571446,1.03271238805967,-0.251940525610927,-2.35566875323009,0.271031857948965,0.482754030103526,0.0969803744875357,1.74301850539286,0.45693963917429,1.33919781761969,-0.0194572718921839
44.56,0.482613293685939,-4.24185298331422e-05,-1.89988513160961e-05,-9.22078357451957e-06,1.25570229180658,4.06083355831308,1.05320644237807,0.121761258132235,-2.22113225980181,0.244054186871432,0.525090977083654,0.193035113268372,1.79070633442254,0.314546979453696,1.27337078569,-0.0394307749523347,1.25415186167249,4.05977753545605,1.05439493669559,0.127848574820006,-2.21491855755492,0.242590179105197,0.524013534346484,0.192595293817831,1.79160272077606,0.315986011788959,1.27548941809465,-0.0422619426796314
44.64,0.481589533069805,-4.48076548365611e-05,-2.88171581192167e-05,-1.15317772815503e-05,1.26433167535042,3.88242355173744,1.07379251226759,0.523616288895702,-1.97875854262958,0.175159060214246,0.558114771053701,0.282662169146718,1.84000720072211,0.170193627161058,1.17612770046065,-0.0644344378141074,1.26437974765809,3.88258405085165,1.073802151024,0.514759597631656,-1.98265385723627,0.185362507894436,0.558678157367726,0.282634316440706,1.84063828190557,0.16783329564174,1.17886120269717,-0.0707821202084293
44.72,0.484143658510945,-4.6171217889168e-05,-3.71859264075333e-05,-1.37765984311444e-05,1.30570963242275,3.72381550958627,1.08960854831558,0.900076196859891,-1.66771883199218,0.0964750270361222,0.586707922352599,0.364751855268255,1.88889935025093,0.0119593198915048,1.05677011529458,-0.102857789877887,1.30556051546863,3.72397174227275,1.08863115165556,0.900217780886352,-1.66485731302723,0.101441638322716,0.585227895723362,0.365605693899065,1.88769354954329,0.0159544216829441,1.05432137555072,-0.104854147737769
44.8,0.490435195876344,-4.64921097501095e-05,-4.39352571116025e-05,-1.58264307119663e-05,1.37545756172878,3.59121840563549,1.09488808950473,1.27531078234163,-1.26423608922599,-0.00949617176515714,0.601151277568413,0.43903865280659,1.93047329021544,-0.130511748960321,0.903082782840403,-0.146535574668592,1.37757793793953,3.59078315723058,1.09674648272138,1.27688541514268,-1.26787445604754,-0.00460273830790944,0.6,0.440548740845424,1.93009526529706,-0.136236074607235,0.907523988641531,-0.143995782416636
44.88,0.500313754767909,-4.55283719190949e-05,-4.8950458420736e-05,-1.75444144845104e-05,1.48089537999324,3.49049207309075,1.09565759478331,1.64217047780292,-0.804221460410851,-0.135568963312761,0.599581589832386,0.507520701373652,1.96449230442682,-0.274772165383691,0.742154498786155,-0.179706920399007,1.47972877115095,3.48935320074677,1.09637826365674,1.63696322226125,-0.798231722917417,-0.125403443156478,0.6,0.506974181161658,1.96490556916967,-0.284643024705115,0.744572126719766,-0.187386302673872
44.96,0.51325008308274,-4.32169522521482e-05,-4.93399255634958e-05,-1.87846449927615e-05,1.57574017403548,3.46739834405781,1.083992759287,0.944493784718219,0.862084778947304,-0.260410845491351,0.588055488861269,0.564744518364387,1.98969386857805,-0.434885196576233,0.58233646691426,-0.231538276790602,1.5747225977951,3.46480009807857,1.08634598820423,0.942661952306724,0.862505898539291,-0.251853721582276,0.589036675146262,0.564600433919497,1.9892254130077,-0.425081487741346,0.58126504809134,-0.233844138003916
45.04,0.528534732853114,-2.79698454657828e-05,-4.9280847789691e-05,-1.94088040614407e-05,1.65138905203142,3.53420200440057,1.06541762746604,1.26083725189722,1.45364805119952,-0.382756507226394,0.560154108888025,0.600232190864059,2.00236455772883,-0.515567782719465,0.420506867074534,-0.2793847806275,1.65013555397963,3.53380056996171,1.06619769047764,1.24978053780542,1.45658888317951,-0.376635344855286,0.561540861336961,0.6,2.00139317454354,-0.51469316359571,0.419447130634345,-0.281845631957459
45.12,0.545247581032801,-2.08996450391931e-05,-4.9293110555417e-05,-1.93505336470902e-05,1.75097339275932,3.64959626743877,1.03500885420519,1.53294743280745,2.10674661877956,-0.476971920373535,0.518448028448169,0.600965703351503,2.00189783624251,-0.574566262438924,0.267295191244202,-0.33001955023973,1.75011799700407,3.65032768061607,1.03606686288922,1.52544588576394,2.09302610965426,-0.484268418014949,0.519532822980538,0.6,1.99991863922607,-0.581185837628747,0.258868773008021,-0.329703012603801
45.2,0.561634937369874,-1.3791376959176e-05,-4.93740032521033e-05,-1.85552719152649e-05,1.87266979144561,3.81892199091358,0.999196685533417,1.76398000940295,2.40151445215574,-0.5580230710616,0.465147673889926,0.600195046255157,1.98595405518173,-0.622502125799951,0.0909531162145206,-0.384865588553128,1.87215366786518,3.81776976938841,0.997325389448025,1.77259179472989,2.4,-0.553736629341437,0.464408127549723,0.6,1.98463493524144,-0.624857600538231,0.0993257978805387,-0.375593566696026
45.28,0.559762935683835,-2.39586962013497e-05,-4.95157733920224e-05,-1.70419291623715e-05,2.01612343672822,4.01059033006981,0.95187680831491,1.98287068151384,2.40284035485427,-0.607059974716152,0.397662198869259,0.60068479434157,1.95649902457542,-0.702562511883727,-0.0591597776880705,-0.425054970489059,2.01396101144357,4.00976976938841,0.95302645910071,1.97865900083812,2.4,-0.604205582866916,0.398474980071498,0.6,1.95639664254041,-0.703837096769934,-0.0594827535958933,-0.417741349581292
45.36,0.566072659843135,-2.67869446771799e-05,-4.97061958431362e-05,-1.48839151846101e-05,2.17230614855091,4.20486049591851,0.904566917772443,2.1471678860026,2.40548880486626,-0.622165834915085,0.320288977894243,0.598545399912094,1.91769553812441,-0.794270632488623,-0.214463584604934,-0.460494016323759,2.17225373151062,4.20176976938841,0.904690012471357,2.14348951877853,2.4,-0.623500543163353,0.319832697131162,0.6,1.91684008020027,-0.794006432136221,-0.21726351704652,-0.454551972352146
45.44,0.576564547325059,-2.65668310948629e-05,-4.99294663880372e-05,-1.21941814134043e-05,2.34470017852472,4.39204011129906,0.854883384364869,2.26446136266619,2.39558635124872,-0.596214458507002,0.228445580432362,0.595079155247797,1.86809013949953,-0.892071481247356,-0.366127750486304,-0.486582972885109,2.34373289301291,4.39376976938841,0.854809969018288,2.26030675520418,2.4,-0.605229438797864,0.228957104707998,0.59493352036641,1.86839335658101,-0.885513257138096,-0.373914030720534,-0.484710395484812
45.52,0.587934615643341,-2.31726564380767e-05,-5e-05,-9.12427502381673e-06,2.52501602612214,4.58656716458901,0.806063476028311,2.31287457385518,2.3903664021881,-0.54912944695899,0.127676930224991,0.57489119036374,1.81475413731671,-0.976411049704032,-0.518713676220734,-0.512347060516746,2.52455743342924,4.58576976938841,0.806391613914459,2.3198171484735,2.4,-0.546985435317498,0.127965229491719,0.574601888062658,1.81459620127754,-0.967996151803878,-0.528884729326517,-0.507276383115978
45.6,0.599435316939141,-1.65626322421857e-05,-5e-05,-5.88016717709865e-06,2.7093613940296,4.77919944777021,0.762733498484939,2.31668633826152,2.40724719194712,-0.434312026478749,0.0219415869778501,0.537553600808214,1.76059029503487,-1.03033930755449,-0.687404086962223,-0.516667442777903,2.71014280530712,4.77776976938841,0.76263277908906,2.31312313328973,2.4,-0.444572768841667,0.0209681638136251,0.53781599664546,1.76021287486344,-1.03084179911017,-0.682121637472602,-0.521819103435263
45.68,0.598967973166932,-2.26475868762559e-06,-5e-05,-2.72637818416954e-06,2.87034988401933,4.96968773080877,0.726673706461156,-0.00580534199011867,2.39867094768807,-0.315712180012127,-0.0877522697775268,0.483742051209986,1.711651599392,-1.05141031548474,-0.839315718789884,-0.531462249901993,2.87,4.96976976938841,0.727066957581726,0,2.4,-0.315064696371006,-0.087075883719668,0.484133524313484,1.71028387924251,-1.04838850818165,-0.834044088901782,-0.528561931355427
45.76,0.590134977176283,5e-05,-5e-05,6.73215527564233e-08,2.86948068019819,5.16193983186078,0.70235404839547,-0.165013144944894,2.40284144875777,-0.170952340623784,-0.19103080568874,0.413029583940104,1.66945873137905,-0.888338112623228,-0.988624782989078,-0.527482689389576,2.87,5.16176976938841,0.701861781872046,-0.157987293332494,2.4,-0.174821280209473,-0.190047875869798,0.41398544469622,1.66924562642836,-0.893743861500314,-0.985511518950057,-0.528395432940721
45.84,0.578597305119844,5e-05,-5e-05,2.27366863066146e-06,2.85792994041694,5.3554683073024,0.688057189098714,-0.394258126099582,2.39729129022649,-0.0292712401970534,-0.273200637111335,0.327697459750631,1.64039662904932,-0.73744007919453,-1.1451162817812,-0.524879580501382,2.8573610165334,5.35376976938841,0.687876079455288,-0.391295937549737,2.4,-0.0348519765406005,-0.273242314169981,0.328578677249738,1.64017265878179,-0.741339807359563,-1.13927541201092,-0.522772237885448
45.92,0.565466459204016,5e-05,-4.1021862138875e-05,3.74736366186652e-06,2.82658641195304,5.54696173815419,0.685130636250355,-0.677290210667214,2.40629799193436,0.104871793375267,-0.337778424141055,0.229982138732846,1.62609111952866,-0.585569560960858,-1.27444998240764,-0.51492474264363,2.82605734152942,5.54576976938842,0.68508792133204,-0.683574727459645,2.4,0.0965420995246326,-0.33789373287029,0.229532111077311,1.62361156155862,-0.5910346100821,-1.26542622537918,-0.513504327632586
46,0.551674978235444,5e-05,-2.44370113672286e-05,4.48518153813315e-06,2.77180685338283,5.73814896237454,0.692298505047245,-1.01554516354221,2.40923266455637,0.218177097119816,-0.38590459349323,0.120681862616429,1.6180217817473,-0.445749821289013,-1.34220449415217,-0.507276463927587,2.77137136333265,5.73776976938842,0.69281128929401,-1.01935627828766,2.4,0.21277293391521,-0.386391080815965,0.120404134554438,1.61827326676468,-0.442249962339949,-1.33853827979048,-0.502411659902946
46.08,0.538055826845301,5e-05,-7.89102474457535e-06,4.58361916695505e-06,2.69026965096698,5.92899987793469,0.71042352397737,-1.38402775501389,2.40780784924725,0.302634434739095,-0.420221975016017,0.00552270376859267,1.62272053427628,-0.301796580072827,-1.3535792487065,-0.490442485775704,2.68982286106964,5.92976976938842,0.709833124007227,-1.38447244347254,2.4,0.307580892234767,-0.421393067388362,0.00606913259457667,1.6214203788577,-0.294101782534802,-1.35866438590476,-0.491075538056827
46.16,0.525483796869519,5e-05,7.91635503283178e-06,4.21445290835807e-06,2.57709538078674,6.1227570307645,0.734292799538349,-1.76815857926314,2.38449596704311,0.368451914539621,-0.444282832546584,-0.108646963045885,1.63086904321687,-0.14947249513812,-1.33388503634315,-0.472743366265986,2.57906506559183,6.12176976938842,0.734439595386009,-1.766359759425,2.38583114400365,0.375235384368814,-0.444868956049,-0.109184794035349,1.63003021924659,-0.145805239309503,-1.32817227339731,-0.480652431349292
46.24,0.514851245804776,4.97815867678053e-05,2.25736117040209e-05,3.55923186683055e-06,2.43699700138184,6.31183768103388,0.761429944459474,-2.15524399071416,2.27109517511024,0.418687514661005,-0.458742172008887,-0.224092156129884,1.64193713886643,-0.000953053066151092,-1.24050779555463,-0.471885807822026,2.43775628483783,6.31263626090871,0.764458426135514,-2.15422526828374,2.27264158815702,0.41171869475032,-0.45774092226345,-0.221644085436113,1.64111188753694,0.00256992923319938,-1.2508075965929,-0.471849805159956
46.32,0.506928925723515,4.94478806913571e-05,3.62071512859956e-05,2.79170582120005e-06,2.26585562622441,6.4926203112739,0.795323523807169,-2.41120584074496,2.05748252903529,0.424423132840528,-0.45953030567414,-0.326930333853801,1.65148057123661,0.168044939649185,-1.13113053883525,-0.472402905839832,2.26541826337514,6.49444758796127,0.797395921715539,-2.4,2.06737933665862,0.415572870855951,-0.459869663042685,-0.328089046430957,1.65173052427252,0.151182070923759,-1.12990418504976,-0.464945410140449
46.4,0.502237096379137,4.91517837786873e-05,4.80574379794449e-05,2.07666202022754e-06,2.0721317404906,6.65860357414628,0.829960344517725,-2.41143209851564,1.77868812415965,0.388322781440281,-0.45154588250632,-0.427395139596451,1.65660377945462,0.297216686992495,-0.970674014277728,-0.464822567175257,2.07341826337514,6.65983793489396,0.830641751384016,-2.4,1.77836356706312,0.388201492580328,-0.450085521465944,-0.42559914006094,1.658900530641,0.300623839634718,-0.971356245335099,-0.459809448177417
46.48,0.500988352204427,4.89185414990371e-05,5e-05,1.57587438067563e-06,1.8799130285426,6.79893732931288,0.864055096888652,-2.39777378934499,-0.00485127201715941,0.326334519138848,-0.426698667796916,-0.514557545153923,1.65904665567837,0.455219805384051,-0.814239152619152,-0.453295770969816,1.88141826337514,6.8,0.861697870790442,-2.4,0,0.333807518397084,-0.42634619396565,-0.51157157607516,1.65965278260319,0.451493740045669,-0.808225107289885,-0.455912024909291
46.56,0.503162739406426,4.87674979511405e-05,5e-05,1.44445350387521e-06,1.68959528867884,6.79926181446674,0.890614500691702,-2.39075390288118,-0.426336590709539,0.263548930567934,-0.386365870039341,-0.586187466819715,1.65231306120886,0.602668583445669,-0.646652256120898,-0.45421452136912,1.68941826337514,6.8,0.888402472262209,-2.4,-0.429960196292735,0.259177572738854,-0.386594905298998,-0.585524861881153,1.65223412749132,0.604051023463468,-0.646990067772427,-0.452339629314336
46.64,0.508094089644109,4.87102663051688e-05,5e-05,1.76618889410941e-06,1.49816028997404,6.76830995871129,0.908081205859011,-2.40330148561273,-0.924763825628291,0.185588829212853,-0.328457932129186,-0.59891114167961,1.63669636789322,0.767286011094554,-0.479519557178712,-0.447605462941127,1.49741826337514,6.76560318429658,0.909136678081317,-2.4,-0.918476686845865,0.171630936096274,-0.328986605389757,-0.6,1.63543427536218,0.758543443032682,-0.487645042578908,-0.447971523724057
46.72,0.515251125230423,4.8749635725555e-05,5e-05,2.59226577486622e-06,1.30413901310638,6.69389084873847,0.921850684528423,-2.40723819821973,-1.43807740507456,0.106048567669399,-0.25426260823967,-0.601293691082638,1.61060369410651,0.919425788935054,-0.329376642051002,-0.454729068409175,1.30541826337514,6.69212504934891,0.922867152969019,-2.4,-1.42604611195614,0.102295426023631,-0.25372299588398,-0.6,1.6096123885043,0.915248450258225,-0.330166891411062,-0.441560380125291
46.8,0.521173870319399,4.64435104233047e-05,5e-05,3.88687811510706e-06,1.11170435016131,6.57819823877677,0.93172696332495,-2.4132675087351,-1.93444372454322,0.0470109508077004,-0.16391173957502,-0.598773103545809,1.57795664707921,1.06602609596219,-0.175551422010323,-0.433388983713597,1.11341826337514,6.57804136039242,0.931050787050909,-2.4,-1.94109958208574,0.0577125920238223,-0.161645647593167,-0.6,1.57621519796571,1.06628838741638,-0.174492850445652,-0.431947425316234
46.88,0.52486895797737,3.04331594799735e-05,5e-05,5.5562069986106e-06,0.921686983295482,6.42289667495243,0.933330344404666,-2.40225569714258,-2.39719099270738,0.0441611489109061,-0.0530853917728121,-0.599376253244406,1.53564370869524,1.16597968528519,-0.0269736844006552,-0.409812545761344,0.921418263375136,6.42275339382556,0.935667794412815,-2.4,-2.4,0.0329940816117357,-0.0545469016910507,-0.6,1.53761435595368,1.16582607142804,-0.0204016945892924,-0.418205917297288
46.96,0.526603793674422,1.33149611205138e-05,5e-05,7.45918448795405e-06,0.729779454461087,6.23168816235801,0.936986619107111,-2.40038857786421,-2.40408744934361,0.0198215127912236,0.060274259162417,-0.599085274967867,1.49877906278424,1.21141891928835,0.137803027085203,-0.405077004185162,0.729418263375136,6.23075339382556,0.938307320941754,-2.4,-2.4,0.0197113126762009,0.0615130690252871,-0.6,1.49724565172737,1.21006080243715,0.132932980986398,-0.399758000673294
47.04,0.527144800829196,-2.86699891919633e-06,5e-05,9.40161322334473e-06,0.538138070972457,6.03887266053211,0.939158520143361,-2.37697134576106,-2.40375996941955,0.00711704940782177,0.181351448030853,-0.589687786391857,1.4591376502754,1.20433060739604,0.29558875181852,-0.368613094068846,0.537418263375136,6.03875339382556,0.93988422595585,-2.3813562665025,-2.4,0.00690867049092589,0.179708426445574,-0.587419488220992,1.4593623995223,1.20197487068454,0.286374893005153,-0.376506105354792
47.12,0.527606334848285,-1.81233836227199e-05,5e-05,1.11513533277484e-05,0.347710391081776,5.84874896841973,0.9414529519407,-2.26604710024681,-2.40030614438218,-0.0160175207605004,0.292913051365656,-0.560340155341852,1.4297732027157,1.14505362160181,0.439306037523886,-0.345196153378742,0.346909762054936,5.84675339382556,0.940436919595124,-2.27161792076131,-2.4,-0.0097256404682168,0.292871865527247,-0.559494625172579,1.42867854603382,1.14446374885429,0.440691231643956,-0.348926785287402
47.2,0.528504344913585,-3.16380223764009e-05,5e-05,1.24589660117469e-05,0.164009852493563,5.65577027482518,0.940677136245433,-2.06673738267591,-2.40399973671111,-0.0323175947949259,0.395462699295263,-0.51741207551191,1.4104524541359,1.04756971115033,0.602617633493363,-0.320639654479675,0.165180328394031,5.65475339382556,0.939658868357667,-2.07072332897358,-2.4,-0.0321312908947292,0.394791586726243,-0.517681646290972,1.40915435178288,1.04310020473738,0.596499978700514,-0.318113501800842
47.28,0.530141552108088,-4.27113160379426e-05,5e-05,1.31239677718003e-05,-0.00390294363466615,5.46074146112346,0.936076244714538,-1.78175919054219,-2.39961054787029,-0.0642556285407442,0.481677088925927,-0.465220836927434,1.40367408254077,0.898525849272601,0.755647154736646,-0.289190192464323,-0.000477537923855298,5.46275339382556,0.937088365086088,-1.7822460735609,-2.4,-0.0609495495552159,0.481165395392913,-0.463844306947512,1.40324207045659,0.905759348484121,0.754201965331975,-0.285655548304567
47.36,0.532698891316635,-4.95171317879743e-05,5e-05,1.30339707150694e-05,-0.144573219837276,5.27081243059974,0.933647084548566,-1.40975292812085,-2.39157851659948,-0.0962136727441241,0.550696672411183,-0.400889287950187,1.40917583585288,0.747339535565445,0.919869112079175,-0.242093830003468,-0.143057223808728,5.27075339382556,0.932212401121671,-1.41272720500385,-2.4,-0.0949589927842039,0.549790937208356,-0.399782550305052,1.41181447973707,0.746406399687034,0.913953656370573,-0.253420173858542
47.44,0.536153186309837,-4.94862426370659e-05,5e-05,1.21656083510634e-05,-0.254775259170191,5.07846186488016,0.925107143599509,-0.967214709037531,-2.40790995841256,-0.140165538856515,0.599300971035947,-0.328074541074789,1.43633629905507,0.591582058260968,1.07359782563282,-0.227190345583505,-0.256075400209036,5.07875339382556,0.924615681698935,-0.971049643276729,-2.4,-0.131146269168075,0.6,-0.326847984144898,1.43452310550249,0.587610160630704,1.07565666442971,-0.223332417093306
47.52,0.540261042445365,-4.95482111127382e-05,3.99180407306496e-05,1.05622344013662e-05,-0.333923908760532,4.88738445683868,0.914762152874798,-0.473798077957376,-2.39305076638335,-0.162616177064939,0.59951561292891,-0.244756693873794,1.47007933163815,0.438246619480404,1.20585104241604,-0.206663165710388,-0.333759371671174,4.88675339382556,0.914123980165489,-0.468333623754901,-2.4,-0.165207642676971,0.6,-0.245737526309246,1.47025792057697,0.428848527613358,1.20530874917402,-0.197210095019875
47.6,0.544593115108415,-4.96977725541457e-05,2.72257968328246e-05,8.3069160713438e-06,-0.372680217233828,4.69456428953003,0.900744216158938,0.060173270401796,-2.40387927527744,-0.173133423388412,0.598032606639157,-0.15765575847728,1.51471534897409,0.259734564452371,1.29166611904479,-0.166788449773042,-0.371226061571566,4.69475339382556,0.900907368751331,0.0560625752353636,-2.4,-0.174951413218476,0.6,-0.157246531630362,1.5129652466946,0.269516386807368,1.2938753050632,-0.17666558437878
47.68,0.546598332941912,-4.99210874681277e-05,1.47570411581743e-05,5.74701466578351e-06,-0.368513415278576,4.50598639219292,0.886094596201435,0.591909299249592,-2.39493003684524,-0.17075616425054,0.600967661625841,-0.0664709981846544,1.56260971175238,0.108339495554138,1.34655459205314,-0.15700878526249,-0.366741055552737,4.50275339382556,0.886911255693853,0.596566414202277,-2.4,-0.167642677557723,0.6,-0.0638357905865065,1.56033112082345,0.109182696819429,1.34183078666301,-0.162452174379006
47.76,0.54684867533212,-5e-05,2.9251201137288e-06,3.01624390494217e-06,-0.321625876362155,4.31366282969437,0.87691067442383,1.14296193549283,-2.40698065696012,-0.147864089921154,0.599808926912157,0.0320248749316299,1.60998722022878,-0.0494347066962031,1.3533645650561,-0.14223393412251,-0.319015742416555,4.31075339382556,0.873499841489235,1.14493223619038,-2.4,-0.151705956269295,0.6,0.032099260210695,1.61031910408307,-0.0517118360859267,1.35110372071327,-0.15499245593849
47.84,0.546139982951504,-4.93390341944413e-05,-7.95101646565718e-06,2.29119773511646e-07,-0.230741066560527,4.11583587416319,0.861960997146972,1.68284950812025,-2.34825189758916,-0.139384317947798,0.596918591021009,0.127961430798652,1.66299508858437,-0.206038209422949,1.32711253083596,-0.165056159497888,-0.227421163521325,4.11875339382556,0.861363364987692,1.69170809079856,-2.35264082082949,-0.13558758956038,0.597494178113844,0.12830960771632,1.66114286550391,-0.210639047185951,1.32477088119313,-0.154425801167385
47.92,0.545372706491158,-4.73896658109134e-05,-1.77874340002255e-05,-2.51682224152893e-06,-0.0945126417800673,3.929924289565,0.850351357888749,2.21811946194362,-2.20302503320734,-0.130590853890574,0.586105856392391,0.222222631021187,1.71055720001591,-0.366060183821701,1.2662378488535,-0.157078258786078,-0.0920845162574404,3.9305421281592,0.850516357822861,2.22567253164593,-2.20127950667722,-0.125402182536412,0.587017684102897,0.222879790348914,1.71096107344132,-0.363190580455456,1.2662703491327,-0.160650359219826
48,0.545277724976918,-4.48879542958476e-05,-2.65498277441292e-05,-5.12391712486795e-06,0.0823961217829317,3.75161573319038,0.84363949201587,2.39475220351625,-1.95567142365996,-0.118749357384033,0.567972659704937,0.313928012078929,1.75840371671996,-0.509791223414136,1.1870385163211,-0.179847981557252,0.0859692862742341,3.75443976762502,0.840484183219948,2.4,-1.94961612010764,-0.123061637210983,0.568254041042515,0.314341630556536,1.75752117814427,-0.50741832208378,1.17922613761983,-0.173322735946862
48.08,0.546147082696824,-3.96887976552458e-05,-3.54687383505637e-05,-7.47512111787967e-06,0.278526327365451,3.59845707183362,0.830909371068842,2.39920516698545,-1.60396789749615,-0.134641100989504,0.541071893106647,0.401751905317569,1.7998034645507,-0.637680298206409,1.05734687335527,-0.192479000458333,0.277969286274234,3.59847047801641,0.83063925224307,2.4,-1.60399099072188,-0.129621230968052,0.540367102605835,0.401315770446337,1.79861729931947,-0.63425316628429,1.06322151407501,-0.191810066748184
48.16,0.5482177767953,-3.26304053187759e-05,-4.37675609800951e-05,-9.45941987635776e-06,0.467563619029192,3.468657093027,0.820818314553146,2.40092077635682,-1.17030537185628,-0.140034298774159,0.502958060410577,0.483181917407767,1.83223509732023,-0.736153360286879,0.910530846016204,-0.219404009105065,0.469969286274234,3.47015119875866,0.820269553765625,2.4,-1.17271760259147,-0.145076230543946,0.502611612315097,0.482148605259682,1.83185787483468,-0.737524524349134,0.920442887677723,-0.215204928407956
48.24,0.551616637779246,-2.48568079299152e-05,-4.97154270893442e-05,-1.09591125992807e-05,0.663538747035605,3.37568256316768,0.809755998208745,2.40070753827672,-0.657886923790182,-0.163820622813584,0.454980471349608,0.557040751208346,1.85506826909298,-0.818226641001741,0.759406904145492,-0.247209409625727,0.661969286274234,3.37633379055134,0.80866345532211,2.4,-0.665814117585398,-0.168471919348095,0.454277591205256,0.554970767454199,1.85486479960617,-0.814995013133833,0.758836865047132,-0.242308802273923
48.32,0.556342209034232,-1.63863695629255e-05,-4.94584023983214e-05,-1.18608634244401e-05,0.853679515720702,3.31967353922959,0.796581210621439,2.40526168068368,-0.0978417837831206,-0.194608872937019,0.395080163255438,0.600276573861357,1.86592096122397,-0.871485682781473,0.592087544748821,-0.262295095640418,0.853969286274234,3.32306866114451,0.795185701774262,2.4,-0.0946506785909228,-0.197916553341822,0.394794283657747,0.6,1.86571333498488,-0.864571475405804,0.599176370169913,-0.271642869543074
48.4,0.562264426267854,-7.19667547094434e-06,-4.92092947777707e-05,-1.20793948011928e-05,1.12842670010184,3.31591708371263,0.776580840119519,2.41025069371635,0.516535425351664,-0.230602818674384,0.32450995253994,0.599802809940227,1.8636940993878,-0.88113513765098,0.448222690390415,-0.296967697742033,1.13,3.31549660685724,0.779352377506916,2.4,0.515592238887313,-0.22118835769908,0.324517925144181,0.6,1.8637463549339,-0.884044986541151,0.441396052308144,-0.301517404556998
48.48,0.568035522939107,1.72071649475638e-06,-4.89870873047939e-05,-1.16005929890322e-05,1.32129420001779,3.35574345809595,0.763154644497634,2.40225945548785,1.1225675837086,-0.218845400322035,0.246852957448591,0.599450546539186,1.84931451581864,-0.878146336029612,0.284135142641285,-0.334488213669953,1.322,3.35674398596822,0.76165730889099,2.4,1.12598829296389,-0.216033374430476,0.245856172302538,0.6,1.84968762876224,-0.874565204272998,0.285246941387268,-0.330207775816237
48.56,0.570964475790265,1.19488701629284e-05,-4.88089345096916e-05,-1.0485281660521e-05,1.51299319337309,3.4440483726489,0.744453932042268,2.40595110684181,1.72444868885857,-0.17834787536867,0.162549814037805,0.600671912895523,1.8255748010363,-0.830462418968174,0.140792831116596,-0.365218473270188,1.514,3.44682304940533,0.744374638936552,2.4,1.72842352197969,-0.188270031381481,0.16216154279034,0.6,1.82537239599591,-0.832012673630547,0.130316396448092,-0.356139779799347
48.64,0.563662412501252,1.96262661536042e-05,-4.86889152084006e-05,-8.8522049202904e-06,1.70651207278342,3.58546453365777,0.729403478650818,2.40578782586187,2.3108920825131,-0.163281502291683,0.0779086717519327,0.600199029148007,1.7938815259868,-0.765927702276181,-0.0331248185146159,-0.373020845798312,1.706,3.58509693116371,0.729313036426033,2.4,2.30955630549544,-0.156879131812426,0.0775159126407182,0.6,1.79334395833616,-0.765156403167787,-0.0240022469571096,-0.378032888700427
48.72,0.545719309000969,1.62456643463394e-05,-4.86370077338073e-05,-6.85436408152576e-06,1.89586599449018,3.77057453079952,0.714889102561809,2.35406996660764,2.39847980740249,-0.143532714918308,-0.0029840091143103,0.599883605450936,1.75496504873331,-0.714635899847972,-0.172672048914328,-0.394627791558924,1.898,3.76986143560334,0.716762705881039,2.35273113926865,2.4,-0.143369636454965,-0.00442629542407426,0.6,1.75663099962668,-0.711147862145288,-0.178345460196182,-0.394984974721451
48.8,0.546660514702886,1.9114225534441e-05,-4.86583618372602e-05,-4.66592606204519e-06,2.0886647524554,3.96183096202077,0.706686648094891,2.24293372328211,2.41251462360471,-0.127619537261206,-0.0814096685656609,0.585133839375455,1.7176040189183,-0.646979321596711,-0.3310668654871,-0.41272793975393,2.08621849114149,3.96186143560334,0.705293134964642,2.24711507601747,2.4,-0.126082574602048,-0.0828926084247872,0.585592637792312,1.71842189378424,-0.649278947838525,-0.332994490490297,-0.40652465645279
48.88,0.549364494490648,2.46119301236191e-05,-4.87529200371745e-05,-2.46400911906354e-06,2.26806202399557,4.15742527853734,0.696334638670463,2.09359434227538,2.39568636999268,-0.10416203175056,-0.154422664623791,0.55727043165515,1.68309524721254,-0.566753366809062,-0.484658599427113,-0.421764573316303,2.26598769722289,4.15386143560334,0.695206528996478,2.08800580671121,2.4,-0.0997538050691139,-0.154866355046546,0.556351803888407,1.68217859557488,-0.570867659289785,-0.48843455882514,-0.412618598071026
48.96,0.552364461100838,3.14581084340777e-05,-4.89154158729898e-05,-4.34817835668158e-07,2.43351317266068,4.34341095303575,0.687397352744152,1.87955277621618,2.40794317026515,-0.061454712185186,-0.216330077770187,0.513034367537124,1.65009292360699,-0.459582961461595,-0.645784063993318,-0.409752647070283,2.43302816175979,4.34586143560334,0.687226224590949,1.88052469757741,2.4,-0.0606475673269319,-0.217069805348774,0.512653030644121,1.6508695690871,-0.471444663184906,-0.645213759439918,-0.413693981471448
49.04,0.555059307467172,3.90008102584496e-05,-4.91357492144502e-05,1.26802974657083e-06,2.58362641218475,4.53782872324405,0.683635539939826,1.62795443838911,2.39569309454078,-0.00322020936080631,-0.266871187763172,0.455933212010664,1.62679383037896,-0.350259159061594,-0.814642384748421,-0.404756729655535,2.58347013756598,4.53786143560334,0.682374419204795,1.63087965291338,2.4,-0.00570864357862645,-0.266718932293679,0.455119490420996,1.62653975416445,-0.348661510479179,-0.803865156922362,-0.410557913838417
49.12,0.557345801703653,4.65868094319665e-05,-4.93997114569208e-05,2.54555885961586e-06,2.71472628731096,4.72982088086078,0.682195955841467,1.33954553741257,2.39405098912349,0.0791996662054174,-0.300919965104025,0.383254519094593,1.61035825138545,-0.206144787452503,-0.973614783364095,-0.401808920492098,2.71394050979905,4.72986143560334,0.681917727718504,1.34672456064772,2.4,0.068000710563217,-0.301822174220555,0.384427407621532,1.61013661718092,-0.202309873656089,-0.964853373878362,-0.40426228491551
49.2,0.558058842172027,5e-05,-4.96900080827428e-05,3.36093123802377e-06,2.82200322791774,4.92344431794677,0.686856333544631,1.03223347775903,2.39409703508616,0.158298636946326,-0.322219801535973,0.300360708594626,1.6028861312331,-0.0414932245034168,-1.11833288378753,-0.396918141909634,2.82167847465087,4.92186143560334,0.687357784563562,1.03806724815311,2.4,0.161321425004422,-0.321216720228472,0.301114627435082,1.60157791566153,-0.0462408726214931,-1.1285319867555,-0.395950092160636
49.28,0.546865930604283,5e-05,-4.59365482136492e-05,3.73365552947501e-06,2.87162306418484,5.11422262635077,0.701886908749899,0.0073667505825015,2.40142650940841,0.251832160302001,-0.3246918334345,0.205007171458699,1.60022504359762,0.107306083950544,-1.27590980989175,-0.398463320753196,2.87,5.11386143560334,0.700263498563916,0,2.4,0.257495514385023,-0.325397888095445,0.20544905334335,1.59995309217702,0.108235555681009,-1.28145361907696,-0.386716084606365
49.36,0.533921663251167,5e-05,-2.16244779933075e-05,3.72681025128885e-06,2.86834086664563,5.30688630772351,0.722054524810928,-0.311485640756948,2.41069764352808,0.351868045340222,-0.315313651029976,0.0989811875441522,1.60353118491431,0.253057569130859,-1.35575757477298,-0.380624115392665,2.87,5.30586143560334,0.720863139714717,-0.308663848230999,2.4,0.353164782266843,-0.316018184399424,0.0984222375291278,1.60348659830019,0.261345785517065,-1.35485649856316,-0.377499006667048
49.44,0.519723298968989,5e-05,-5.94501449695592e-06,3.44759039589209e-06,2.84276111399749,5.49829417926108,0.74930836044825,-0.592480892932209,2.39598666754931,0.44525433789296,-0.293897439395075,-0.0133291918928353,1.6089167885496,0.409053973079835,-1.38124835209203,-0.373613177715628,2.84530689214152,5.49786143560334,0.749116322296065,-0.59848095821004,2.4,0.442313491441737,-0.294618688579789,-0.0139845941672611,1.60849184861883,0.414010165879986,-1.37748050648288,-0.368972490091434
49.52,0.504858985203062,4.97912546915889e-05,9.00426310467891e-06,3.10236262678798e-06,2.79826170871455,5.68878095039542,0.784147079424774,-0.850869603468273,2.37190149068915,0.511309211360411,-0.262364075304231,-0.127608778797144,1.61170919961572,0.569169612586019,-1.35257755034713,-0.369284482680516,2.79742841548472,5.68986143560334,0.784501401611404,-0.858462604756273,2.37817632254471,0.51628478725966,-0.261550361614006,-0.12800613796902,1.61224512274381,0.566067173724309,-1.35168883549203,-0.361299784426518
